date,region,product,channel,segment,revenue,units_sold,orders,customers,fulfilled_orders,stockout_events,inventory_units,cost_of_goods,marketing_spend,returns,support_tickets
2023-01-02,North,Product A,Online,Enterprise,11458.59,43,12,9,12,0,207,6541.35,961.9,1,2
2023-01-02,North,Product A,Online,SMB,6791.99,25,10,7,10,0,134,3816.58,618.18,0,1
2023-01-02,North,Product A,Retail Partner,Enterprise,8507.4,32,9,7,9,0,161,4762.91,408.63,1,1
2023-01-02,North,Product A,Retail Partner,SMB,4838.65,18,7,5,7,0,106,2785.98,267.79,0,1
2023-01-02,North,Product B,Online,Enterprise,5793.78,31,9,7,9,0,158,3728.47,529.93,1,1
2023-01-02,North,Product B,Online,SMB,3968.14,21,8,6,8,0,99,2488.57,328.15,1,1
2023-01-02,North,Product B,Retail Partner,Enterprise,4274.12,23,7,5,7,0,109,2714.31,191.97,0,1
2023-01-02,North,Product B,Retail Partner,SMB,2443.73,13,5,4,5,0,76,1564.47,136.47,0,1
2023-01-02,North,Product C,Online,Enterprise,8945.24,22,6,5,6,0,113,5576.62,918.45,0,1
2023-01-02,North,Product C,Online,SMB,5640.63,14,5,4,5,0,76,3538.21,526.68,0,1
2023-01-02,North,Product C,Retail Partner,Enterprise,6817.24,16,5,4,5,0,87,4230.34,358.7,0,1
2023-01-02,North,Product C,Retail Partner,SMB,4552.97,11,4,3,4,0,64,2819.43,231.23,0,1
2023-01-02,South,Product A,Online,Enterprise,9065.53,34,10,7,10,0,167,5173.76,797.27,1,2
2023-01-02,South,Product A,Online,SMB,5653.7,21,8,7,8,0,115,3129.9,641.12,0,1
2023-01-02,South,Product A,Retail Partner,Enterprise,6367.54,24,7,5,7,0,132,3637.6,308.05,1,1
2023-01-02,South,Product A,Retail Partner,SMB,4235.15,16,6,5,6,0,89,2373.38,204.37,0,1
2023-01-02,South,Product B,Online,Enterprise,4753.21,25,7,6,7,0,130,3032.52,406.56,1,1
2023-01-02,South,Product B,Online,SMB,3284.56,17,7,6,7,0,88,2041.65,307.22,1,1
2023-01-02,South,Product B,Retail Partner,Enterprise,3480.23,18,5,4,5,0,106,2188.69,195.81,0,1
2023-01-02,South,Product B,Retail Partner,SMB,2284.6,12,5,4,5,0,64,1411.72,126.06,0,1
2023-01-02,South,Product C,Online,Enterprise,7324.61,18,5,4,5,0,96,4700.86,627.15,0,1
2023-01-02,South,Product C,Online,SMB,4725.53,12,4,4,4,0,63,3047.98,419.32,0,1
2023-01-02,South,Product C,Retail Partner,Enterprise,5301.46,13,4,3,4,0,73,3425.5,270.75,0,0
2023-01-02,South,Product C,Retail Partner,SMB,3515.77,9,3,2,3,0,48,2213.11,176.92,0,0
2023-01-02,East,Product A,Online,Enterprise,7910.77,30,9,7,9,0,161,4567.51,754.2,0,1
2023-01-02,East,Product A,Online,SMB,5187.33,19,7,6,7,0,109,2910.31,434.27,1,1
2023-01-02,East,Product A,Retail Partner,Enterprise,5820.99,22,6,5,6,0,103,3304.38,263.1,0,1
2023-01-02,East,Product A,Retail Partner,SMB,3753.98,14,5,4,5,0,69,2105.25,191.0,0,1
2023-01-02,East,Product B,Online,Enterprise,4177.56,22,6,5,6,0,116,2593.1,376.01,0,1
2023-01-02,East,Product B,Online,SMB,2454.45,13,5,4,5,0,73,1532.39,214.55,0,1
2023-01-02,East,Product B,Retail Partner,Enterprise,2909.4,16,4,3,4,0,85,1850.96,145.5,0,1
2023-01-02,East,Product B,Retail Partner,SMB,1965.36,10,4,3,4,0,56,1223.24,102.45,0,1
2023-01-02,East,Product C,Online,Enterprise,6312.62,15,4,3,4,0,95,3957.5,591.98,0,1
2023-01-02,East,Product C,Online,SMB,4234.14,10,4,3,4,0,56,2753.93,384.12,0,1
2023-01-02,East,Product C,Retail Partner,Enterprise,5136.96,12,3,3,3,0,65,3092.67,270.14,0,0
2023-01-02,East,Product C,Retail Partner,SMB,3046.46,8,3,2,3,0,39,1945.1,155.69,0,0
2023-01-02,West,Product A,Online,Enterprise,9945.06,37,10,8,10,0,210,5474.74,850.86,1,1
2023-01-02,West,Product A,Online,SMB,6943.49,26,10,8,10,0,121,4009.09,662.85,0,2
2023-01-02,West,Product A,Retail Partner,Enterprise,7166.51,27,8,6,8,0,146,4018.1,386.63,0,1
2023-01-02,West,Product A,Retail Partner,SMB,4869.05,18,7,5,7,0,97,2704.05,223.09,1,1
2023-01-02,West,Product B,Online,Enterprise,5458.13,28,8,6,8,0,153,3332.27,448.75,0,1
2023-01-02,West,Product B,Online,SMB,3644.39,19,7,6,7,0,99,2308.28,374.66,0,1
2023-01-02,West,Product B,Retail Partner,Enterprise,3959.65,21,6,5,6,0,105,2467.05,237.64,0,1
2023-01-02,West,Product B,Retail Partner,SMB,2430.84,13,5,4,5,0,67,1544.16,121.07,0,1
2023-01-02,West,Product C,Online,Enterprise,8169.39,20,6,4,6,0,102,5181.86,652.22,0,1
2023-01-02,West,Product C,Online,SMB,5120.06,12,5,4,5,0,80,3202.33,462.85,0,1
2023-01-02,West,Product C,Retail Partner,Enterprise,5517.79,13,4,3,4,0,82,3519.48,301.14,0,1
2023-01-02,West,Product C,Retail Partner,SMB,3782.99,9,4,3,4,0,55,2435.66,215.57,0,0
2023-01-09,North,Product A,Online,Enterprise,10060.17,37,11,8,11,0,206,5593.52,1029.23,1,2
2023-01-09,North,Product A,Online,SMB,7274.46,27,10,8,10,0,137,3958.28,710.67,1,1
2023-01-09,North,Product A,Retail Partner,Enterprise,7894.04,29,8,6,8,0,150,4414.23,328.2,1,1
2023-01-09,North,Product A,Retail Partner,SMB,5279.11,20,8,6,8,0,108,2989.96,281.21,0,1
2023-01-09,North,Product B,Online,Enterprise,5537.12,29,8,6,8,0,159,3484.07,531.8,1,1
2023-01-09,North,Product B,Online,SMB,3581.55,19,7,6,7,0,94,2251.65,355.23,1,1
2023-01-09,North,Product B,Retail Partner,Enterprise,4293.8,22,6,5,6,0,118,2660.3,224.65,1,1
2023-01-09,North,Product B,Retail Partner,SMB,2691.55,14,5,4,5,0,80,1661.01,142.65,0,1
2023-01-09,North,Product C,Online,Enterprise,9895.5,24,7,6,7,0,126,6237.85,1017.1,0,1
2023-01-09,North,Product C,Online,SMB,5856.85,14,5,4,5,0,76,3674.29,514.23,0,1
2023-01-09,North,Product C,Retail Partner,Enterprise,7467.39,18,5,4,5,0,81,4764.47,420.35,0,1
2023-01-09,North,Product C,Retail Partner,SMB,4352.89,11,4,3,4,0,57,2795.21,224.74,0,1
2023-01-09,South,Product A,Online,Enterprise,9567.55,35,10,8,10,0,180,5340.83,752.47,1,1
2023-01-09,South,Product A,Online,SMB,6157.74,23,9,7,9,0,115,3509.38,657.33,0,1
2023-01-09,South,Product A,Retail Partner,Enterprise,6780.11,25,7,6,7,0,131,3822.32,379.42,1,1
2023-01-09,South,Product A,Retail Partner,SMB,4049.84,15,6,4,6,0,88,2267.4,236.08,0,1
2023-01-09,South,Product B,Online,Enterprise,4426.99,24,7,5,7,0,126,2764.65,421.06,0,1
2023-01-09,South,Product B,Online,SMB,3002.06,16,6,5,6,0,79,1911.78,277.51,0,1
2023-01-09,South,Product B,Retail Partner,Enterprise,3496.13,18,5,4,5,0,95,2173.86,186.56,0,1
2023-01-09,South,Product B,Retail Partner,SMB,2299.78,12,5,4,5,0,63,1390.36,132.68,0,1
2023-01-09,South,Product C,Online,Enterprise,7780.78,19,5,4,5,0,98,4907.39,693.38,0,1
2023-01-09,South,Product C,Online,SMB,5453.76,13,5,4,5,0,64,3437.76,516.46,0,1
2023-01-09,South,Product C,Retail Partner,Enterprise,6060.51,15,4,3,4,0,74,3751.97,332.07,0,1
2023-01-09,South,Product C,Retail Partner,SMB,3663.73,9,3,3,3,0,47,2248.13,183.85,0,0
2023-01-09,East,Product A,Online,Enterprise,7822.35,29,8,7,8,0,161,4368.65,810.79,1,1
2023-01-09,East,Product A,Online,SMB,5496.3,20,8,6,8,0,104,3028.18,531.61,1,1
2023-01-09,East,Product A,Retail Partner,Enterprise,5661.28,21,6,5,6,0,119,3223.72,283.66,0,1
2023-01-09,East,Product A,Retail Partner,SMB,3322.84,12,5,4,5,0,79,1861.61,184.05,0,1
2023-01-09,East,Product B,Online,Enterprise,4463.87,23,7,5,7,0,110,2673.11,398.06,0,1
2023-01-09,East,Product B,Online,SMB,2766.15,14,5,4,5,0,74,1684.5,265.08,0,1
2023-01-09,East,Product B,Retail Partner,Enterprise,3036.16,16,5,4,5,0,82,1924.5,138.31,0,1
2023-01-09,East,Product B,Retail Partner,SMB,1938.5,11,4,3,4,0,51,1255.22,99.86,0,1
2023-01-09,East,Product C,Online,Enterprise,6545.76,16,5,4,5,0,84,4120.61,675.56,0,1
2023-01-09,East,Product C,Online,SMB,4366.68,11,4,3,4,0,53,2793.44,391.27,0,1
2023-01-09,East,Product C,Retail Partner,Enterprise,4578.13,11,3,2,3,0,64,2945.58,221.21,0,0
2023-01-09,East,Product C,Retail Partner,SMB,2988.72,7,3,2,3,0,43,1905.3,173.42,0,0
2023-01-09,West,Product A,Online,Enterprise,9813.08,37,10,8,10,1,203,5569.59,835.35,1,1
2023-01-09,West,Product A,Online,SMB,6423.72,25,9,7,9,0,151,3722.42,590.26,1,1
2023-01-09,West,Product A,Retail Partner,Enterprise,6742.27,25,7,6,7,0,142,3812.65,374.23,0,1
2023-01-09,West,Product A,Retail Partner,SMB,4406.0,17,6,5,6,0,103,2522.75,264.2,0,1
2023-01-09,West,Product B,Online,Enterprise,5459.53,29,8,6,8,1,145,3454.35,486.95,1,1
2023-01-09,West,Product B,Online,SMB,3746.58,20,8,5,8,0,99,2283.31,362.15,0,1
2023-01-09,West,Product B,Retail Partner,Enterprise,3681.39,20,6,5,6,0,107,2364.77,194.94,0,1
2023-01-09,West,Product B,Retail Partner,SMB,2610.52,14,5,4,5,0,70,1609.76,138.48,0,1
2023-01-09,West,Product C,Online,Enterprise,8681.21,21,6,5,6,0,115,5438.62,868.9,0,1
2023-01-09,West,Product C,Online,SMB,6509.99,16,6,5,6,0,72,4208.02,651.96,1,1
2023-01-09,West,Product C,Retail Partner,Enterprise,5523.77,13,4,3,4,0,79,3499.09,307.47,0,1
2023-01-09,West,Product C,Retail Partner,SMB,4089.76,10,4,3,4,0,51,2570.07,224.62,0,1
2023-01-16,North,Product A,Online,Enterprise,9846.25,37,10,9,10,1,222,5606.71,974.55,1,2
2023-01-16,North,Product A,Online,SMB,7240.92,27,10,8,10,0,138,4009.13,789.6,1,1
2023-01-16,North,Product A,Retail Partner,Enterprise,8208.52,30,9,7,9,1,153,4554.16,424.53,1,1
2023-01-16,North,Product A,Retail Partner,SMB,4984.77,19,7,6,7,0,99,2884.39,224.49,1,1
2023-01-16,North,Product B,Online,Enterprise,6018.36,32,9,7,9,0,163,3650.94,605.34,1,1
2023-01-16,North,Product B,Online,SMB,4238.99,22,9,7,9,0,102,2647.14,331.95,0,2
2023-01-16,North,Product B,Retail Partner,Enterprise,4179.06,22,6,5,6,0,118,2591.67,192.56,0,1
2023-01-16,North,Product B,Retail Partner,SMB,2605.25,14,5,4,5,0,75,1627.64,125.11,0,1
2023-01-16,North,Product C,Online,Enterprise,8698.73,21,6,5,6,0,111,5578.12,786.96,0,1
2023-01-16,North,Product C,Online,SMB,5855.16,14,5,4,5,0,79,3712.56,501.07,0,1
2023-01-16,North,Product C,Retail Partner,Enterprise,7159.33,17,5,4,5,0,94,4538.27,323.43,0,1
2023-01-16,North,Product C,Retail Partner,SMB,4073.24,10,4,3,4,0,60,2601.06,199.45,0,1
2023-01-16,South,Product A,Online,Enterprise,9808.87,36,10,8,10,1,181,5423.0,926.61,1,2
2023-01-16,South,Product A,Online,SMB,5396.7,20,8,6,8,0,113,2972.06,546.69,0,1
2023-01-16,South,Product A,Retail Partner,Enterprise,6286.76,23,7,5,7,0,133,3575.19,332.42,0,1
2023-01-16,South,Product A,Retail Partner,SMB,4018.97,15,6,5,6,0,82,2254.74,210.22,0,1
2023-01-16,South,Product B,Online,Enterprise,5265.5,28,8,6,8,0,133,3271.18,468.89,1,1
2023-01-16,South,Product B,Online,SMB,3219.75,17,7,5,7,0,87,2042.52,326.7,0,1
2023-01-16,South,Product B,Retail Partner,Enterprise,3299.43,17,5,4,5,0,98,2020.9,174.26,0,1
2023-01-16,South,Product B,Retail Partner,SMB,2104.53,11,4,3,4,0,62,1342.35,115.76,0,1
2023-01-16,South,Product C,Online,Enterprise,7941.51,19,5,4,5,0,98,4984.02,779.01,0,1
2023-01-16,South,Product C,Online,SMB,5252.78,12,5,4,5,0,64,3254.55,410.34,0,1
2023-01-16,South,Product C,Retail Partner,Enterprise,5381.15,13,4,3,4,0,68,3339.93,292.02,0,0
2023-01-16,South,Product C,Retail Partner,SMB,3523.01,8,3,3,3,0,43,2182.64,176.67,0,1
2023-01-16,East,Product A,Online,Enterprise,7241.79,27,8,6,8,0,147,4142.16,653.02,1,1
2023-01-16,East,Product A,Online,SMB,5098.48,19,7,6,7,0,103,2858.06,451.68,0,1
2023-01-16,East,Product A,Retail Partner,Enterprise,5472.57,20,6,4,6,0,102,3082.78,264.0,0,1
2023-01-16,East,Product A,Retail Partner,SMB,3801.67,14,5,4,5,0,78,2125.44,212.87,0,1
2023-01-16,East,Product B,Online,Enterprise,3916.98,20,6,5,6,0,120,2456.2,338.13,0,1
2023-01-16,East,Product B,Online,SMB,2461.02,13,5,4,5,0,79,1538.2,246.29,0,1
2023-01-16,East,Product B,Retail Partner,Enterprise,3031.18,16,5,3,5,0,87,1883.73,148.26,0,1
2023-01-16,East,Product B,Retail Partner,SMB,1912.93,10,4,3,4,0,58,1191.94,93.24,0,0
2023-01-16,East,Product C,Online,Enterprise,6820.43,17,5,4,5,0,80,4378.43,634.9,0,1
2023-01-16,East,Product C,Online,SMB,4402.07,11,4,3,4,0,55,2744.83,463.15,0,1
2023-01-16,East,Product C,Retail Partner,Enterprise,4802.02,12,3,3,3,0,60,3072.31,213.95,0,0
2023-01-16,East,Product C,Retail Partner,SMB,3206.22,8,3,2,3,0,38,2041.68,201.83,0,0
2023-01-16,West,Product A,Online,Enterprise,9815.41,36,10,8,10,1,200,5522.46,770.76,1,1
2023-01-16,West,Product A,Online,SMB,6924.24,25,10,8,10,0,143,3830.99,707.42,1,1
2023-01-16,West,Product A,Retail Partner,Enterprise,7904.99,29,8,6,8,0,155,4315.92,450.45,1,2
2023-01-16,West,Product A,Retail Partner,SMB,4732.81,18,7,5,7,0,101,2672.44,226.79,0,1
2023-01-16,West,Product B,Online,Enterprise,5686.64,30,9,7,9,0,141,3627.25,524.7,0,1
2023-01-16,West,Product B,Online,SMB,3792.44,20,8,6,8,0,104,2346.07,361.13,1,1
2023-01-16,West,Product B,Retail Partner,Enterprise,3886.93,20,6,5,6,0,92,2401.78,193.89,0,1
2023-01-16,West,Product B,Retail Partner,SMB,2636.95,14,5,4,5,0,73,1666.68,127.88,0,1
2023-01-16,West,Product C,Online,Enterprise,8557.79,21,6,4,6,0,125,5443.37,744.31,0,1
2023-01-16,West,Product C,Online,SMB,5300.58,13,5,4,5,0,79,3346.38,485.67,0,1
2023-01-16,West,Product C,Retail Partner,Enterprise,5952.96,15,4,3,4,0,79,3851.43,306.73,0,1
2023-01-16,West,Product C,Retail Partner,SMB,4061.7,10,4,3,4,0,52,2495.47,209.85,0,1
2023-01-23,North,Product A,Online,Enterprise,10195.85,39,11,8,11,0,217,5906.25,963.98,1,2
2023-01-23,North,Product A,Online,SMB,6990.6,26,10,8,10,0,133,3941.3,649.52,1,2
2023-01-23,North,Product A,Retail Partner,Enterprise,8155.9,31,9,7,9,1,151,4633.01,497.93,0,1
2023-01-23,North,Product A,Retail Partner,SMB,4959.68,19,7,6,7,0,111,2857.44,243.39,0,1
2023-01-23,North,Product B,Online,Enterprise,5841.95,31,9,7,9,0,169,3637.64,557.89,0,1
2023-01-23,North,Product B,Online,SMB,3805.64,21,8,6,8,0,113,2431.2,379.01,0,1
2023-01-23,North,Product B,Retail Partner,Enterprise,4379.17,23,7,5,7,0,131,2682.35,233.05,0,1
2023-01-23,North,Product B,Retail Partner,SMB,2676.84,14,6,4,6,0,81,1686.21,112.49,0,1
2023-01-23,North,Product C,Online,Enterprise,9044.71,22,6,5,6,0,120,5688.3,744.43,1,1
2023-01-23,North,Product C,Online,SMB,6105.19,15,6,4,6,0,85,3837.27,595.79,0,1
2023-01-23,North,Product C,Retail Partner,Enterprise,6327.17,15,4,3,4,0,88,3960.02,328.13,0,1
2023-01-23,North,Product C,Retail Partner,SMB,4431.25,11,4,3,4,0,56,2794.2,217.48,0,0
2023-01-23,South,Product A,Online,Enterprise,9558.37,35,10,7,10,0,190,5296.01,834.74,1,2
2023-01-23,South,Product A,Online,SMB,6125.51,23,9,6,9,0,132,3377.83,597.5,1,1
2023-01-23,South,Product A,Retail Partner,Enterprise,6605.01,25,7,5,7,0,125,3752.92,351.01,1,1
2023-01-23,South,Product A,Retail Partner,SMB,4347.19,16,6,5,6,0,86,2419.41,239.26,0,1
2023-01-23,South,Product B,Online,Enterprise,4590.6,24,7,5,7,0,142,2871.86,396.73,0,1
2023-01-23,South,Product B,Online,SMB,3249.06,17,7,5,7,0,93,2008.93,283.19,1,1
2023-01-23,South,Product B,Retail Partner,Enterprise,3385.56,18,5,4,5,0,98,2108.33,160.07,0,1
2023-01-23,South,Product B,Retail Partner,SMB,2285.43,12,5,4,5,0,66,1442.73,112.83,0,1
2023-01-23,South,Product C,Online,Enterprise,7837.87,19,5,4,5,0,99,5028.44,769.72,0,1
2023-01-23,South,Product C,Online,SMB,5395.73,13,5,4,5,0,68,3430.2,568.89,0,1
2023-01-23,South,Product C,Retail Partner,Enterprise,5180.9,13,4,3,4,0,67,3247.98,268.27,0,1
2023-01-23,South,Product C,Retail Partner,SMB,3531.31,9,3,3,3,0,48,2261.33,188.0,0,1
2023-01-23,East,Product A,Online,Enterprise,7252.69,27,8,6,8,0,156,4106.63,746.0,1,1
2023-01-23,East,Product A,Online,SMB,5364.28,20,8,6,8,0,102,2991.0,469.17,0,1
2023-01-23,East,Product A,Retail Partner,Enterprise,5291.12,20,6,4,6,0,120,2943.33,241.94,0,1
2023-01-23,East,Product A,Retail Partner,SMB,3619.58,13,5,4,5,0,70,2041.93,187.41,0,1
2023-01-23,East,Product B,Online,Enterprise,3791.21,20,6,5,6,0,112,2375.37,395.04,0,1
2023-01-23,East,Product B,Online,SMB,2968.22,15,6,4,6,0,86,1794.82,289.36,0,1
2023-01-23,East,Product B,Retail Partner,Enterprise,3064.1,16,4,3,4,0,84,1889.69,162.37,0,1
2023-01-23,East,Product B,Retail Partner,SMB,1927.8,10,4,3,4,0,56,1213.25,95.88,0,1
2023-01-23,East,Product C,Online,Enterprise,6945.97,17,5,4,5,0,90,4374.63,647.78,0,1
2023-01-23,East,Product C,Online,SMB,4436.13,11,4,3,4,0,58,2786.15,417.41,0,1
2023-01-23,East,Product C,Retail Partner,Enterprise,4588.63,11,3,2,3,0,61,2914.6,233.08,0,0
2023-01-23,East,Product C,Retail Partner,SMB,2937.55,7,3,2,3,0,39,1863.12,153.42,0,0
2023-01-23,West,Product A,Online,Enterprise,9890.35,37,11,9,11,1,205,5675.52,973.61,1,2
2023-01-23,West,Product A,Online,SMB,6687.28,25,10,7,10,0,144,3798.64,696.34,1,1
2023-01-23,West,Product A,Retail Partner,Enterprise,6875.65,26,7,6,7,0,143,3939.13,345.58,1,1
2023-01-23,West,Product A,Retail Partner,SMB,4962.94,19,7,6,7,0,101,2799.49,279.01,0,1
2023-01-23,West,Product B,Online,Enterprise,5554.76,30,8,7,8,0,156,3527.18,548.63,0,1
2023-01-23,West,Product B,Online,SMB,3442.26,18,7,6,7,0,101,2131.01,285.78,1,1
2023-01-23,West,Product B,Retail Partner,Enterprise,3905.58,21,6,5,6,0,105,2537.13,199.08,0,1
2023-01-23,West,Product B,Retail Partner,SMB,2518.19,13,5,4,5,0,72,1543.9,126.55,0,1
2023-01-23,West,Product C,Online,Enterprise,9400.32,23,6,5,6,0,115,5811.57,883.93,0,1
2023-01-23,West,Product C,Online,SMB,5048.29,12,5,4,5,0,77,3113.92,422.07,0,1
2023-01-23,West,Product C,Retail Partner,Enterprise,6101.49,15,4,3,4,0,80,3828.51,335.37,0,1
2023-01-23,West,Product C,Retail Partner,SMB,3767.87,9,4,3,4,0,54,2405.45,194.23,0,1
2023-01-30,North,Product A,Online,Enterprise,11171.28,42,12,9,12,0,218,6235.85,893.16,1,2
2023-01-30,North,Product A,Online,SMB,7614.15,28,11,8,11,0,151,4185.35,684.9,1,1
2023-01-30,North,Product A,Retail Partner,Enterprise,7440.93,28,8,6,8,0,157,4199.03,399.57,1,1
2023-01-30,North,Product A,Retail Partner,SMB,5621.1,21,8,7,8,1,109,3157.1,263.85,0,2
2023-01-30,North,Product B,Online,Enterprise,5790.28,30,9,6,9,1,169,3602.96,546.27,1,1
2023-01-30,North,Product B,Online,SMB,4000.04,21,8,7,8,0,105,2523.65,408.56,0,1
2023-01-30,North,Product B,Retail Partner,Enterprise,4416.74,23,7,5,7,0,120,2765.28,223.95,0,1
2023-01-30,North,Product B,Retail Partner,SMB,2691.0,14,5,4,5,0,76,1668.4,125.54,0,1
2023-01-30,North,Product C,Online,Enterprise,9750.1,23,7,5,7,0,122,6085.78,895.67,0,1
2023-01-30,North,Product C,Online,SMB,5688.82,14,5,4,5,0,86,3518.2,582.19,0,1
2023-01-30,North,Product C,Retail Partner,Enterprise,6604.26,16,5,3,5,0,87,4291.16,340.98,0,1
2023-01-30,North,Product C,Retail Partner,SMB,4122.09,10,4,3,4,0,59,2569.84,204.36,0,1
2023-01-30,South,Product A,Online,Enterprise,8747.32,32,9,7,9,1,178,4950.42,862.48,0,2
2023-01-30,South,Product A,Online,SMB,5938.64,22,8,7,8,0,122,3393.66,523.83,1,1
2023-01-30,South,Product A,Retail Partner,Enterprise,6700.59,25,7,5,7,0,133,3774.49,298.72,0,1
2023-01-30,South,Product A,Retail Partner,SMB,3998.33,15,6,5,6,0,94,2251.23,196.32,0,1
2023-01-30,South,Product B,Online,Enterprise,4586.91,24,7,5,7,0,126,2846.0,431.51,0,1
2023-01-30,South,Product B,Online,SMB,3208.09,17,6,5,6,0,89,1989.05,340.44,0,1
2023-01-30,South,Product B,Retail Partner,Enterprise,3214.58,17,5,4,5,0,93,2028.68,179.25,0,1
2023-01-30,South,Product B,Retail Partner,SMB,2095.6,11,4,3,4,0,63,1311.65,119.49,0,1
2023-01-30,South,Product C,Online,Enterprise,7528.01,18,5,4,5,0,98,4736.97,702.1,0,1
2023-01-30,South,Product C,Online,SMB,4936.32,12,5,4,5,0,69,3145.06,513.95,0,1
2023-01-30,South,Product C,Retail Partner,Enterprise,5429.21,13,4,3,4,0,70,3478.83,286.26,0,0
2023-01-30,South,Product C,Retail Partner,SMB,3489.45,8,3,3,3,0,45,2171.33,177.51,0,0
2023-01-30,East,Product A,Online,Enterprise,7149.68,27,8,6,8,0,153,4182.92,677.98,1,1
2023-01-30,East,Product A,Online,SMB,4941.44,18,7,6,7,0,101,2808.35,421.24,0,1
2023-01-30,East,Product A,Retail Partner,Enterprise,5464.23,21,6,5,6,0,111,3057.17,287.1,0,1
2023-01-30,East,Product A,Retail Partner,SMB,3540.67,13,5,4,5,0,76,1989.36,178.37,0,1
2023-01-30,East,Product B,Online,Enterprise,4158.22,22,6,5,6,0,111,2569.51,434.48,0,1
2023-01-30,East,Product B,Online,SMB,2691.94,14,5,4,5,0,83,1707.36,258.11,0,1
2023-01-30,East,Product B,Retail Partner,Enterprise,2925.05,15,4,3,4,0,86,1817.71,153.01,0,1
2023-01-30,East,Product B,Retail Partner,SMB,2107.35,11,4,3,4,0,59,1349.78,110.15,0,1
2023-01-30,East,Product C,Online,Enterprise,6840.82,17,5,4,5,0,88,4397.8,658.13,0,1
2023-01-30,East,Product C,Online,SMB,4994.62,12,5,4,5,0,61,3104.7,462.92,0,1
2023-01-30,East,Product C,Retail Partner,Enterprise,4504.78,11,3,2,3,0,62,2844.65,242.87,0,0
2023-01-30,East,Product C,Retail Partner,SMB,3464.82,8,3,3,3,0,41,2180.02,173.0,0,1
2023-01-30,West,Product A,Online,Enterprise,9932.79,37,11,8,11,1,211,5693.32,939.85,1,1
2023-01-30,West,Product A,Online,SMB,6406.49,23,9,7,9,0,131,3547.73,621.79,1,1
2023-01-30,West,Product A,Retail Partner,Enterprise,7615.56,28,8,6,8,0,147,4223.63,412.04,0,1
2023-01-30,West,Product A,Retail Partner,SMB,5099.84,19,7,6,7,0,100,2981.79,280.41,0,2
2023-01-30,West,Product B,Online,Enterprise,5152.25,27,8,6,8,0,142,3164.79,457.0,0,1
2023-01-30,West,Product B,Online,SMB,3674.92,19,7,6,7,0,101,2264.79,340.96,1,1
2023-01-30,West,Product B,Retail Partner,Enterprise,3646.95,20,6,4,6,0,106,2277.57,198.7,0,1
2023-01-30,West,Product B,Retail Partner,SMB,2652.74,14,5,4,5,0,70,1651.83,147.54,0,1
2023-01-30,West,Product C,Online,Enterprise,9165.5,22,6,5,6,0,100,5754.93,834.53,0,1
2023-01-30,West,Product C,Online,SMB,5295.58,12,5,4,5,0,78,3221.83,436.64,0,1
2023-01-30,West,Product C,Retail Partner,Enterprise,6009.37,15,4,3,4,0,80,3855.1,305.08,0,1
2023-01-30,West,Product C,Retail Partner,SMB,4479.36,11,4,3,4,0,55,2772.98,231.36,0,1
2023-02-06,North,Product A,Online,Enterprise,11270.14,42,12,9,12,1,213,6410.9,1111.6,0,2
2023-02-06,North,Product A,Online,SMB,7045.4,26,10,8,10,0,147,3994.36,651.27,1,1
2023-02-06,North,Product A,Retail Partner,Enterprise,8137.22,31,9,7,9,0,167,4680.92,433.13,0,1
2023-02-06,North,Product A,Retail Partner,SMB,4818.93,18,7,6,7,0,102,2673.9,254.44,0,1
2023-02-06,North,Product B,Online,Enterprise,6569.77,35,10,8,10,0,168,4087.7,670.12,1,2
2023-02-06,North,Product B,Online,SMB,3535.44,18,7,6,7,0,109,2173.36,311.12,0,1
2023-02-06,North,Product B,Retail Partner,Enterprise,4082.07,21,6,5,6,0,112,2538.69,192.32,0,1
2023-02-06,North,Product B,Retail Partner,SMB,2764.4,15,6,4,6,0,80,1688.81,134.85,0,1
2023-02-06,North,Product C,Online,Enterprise,10052.53,24,7,6,7,0,109,6369.21,1008.76,0,1
2023-02-06,North,Product C,Online,SMB,6514.93,16,6,5,6,0,79,4062.53,533.48,0,1
2023-02-06,North,Product C,Retail Partner,Enterprise,7077.71,17,5,4,5,0,91,4467.23,373.37,0,1
2023-02-06,North,Product C,Retail Partner,SMB,4399.73,11,4,3,4,0,55,2825.28,221.11,0,0
2023-02-06,South,Product A,Online,Enterprise,8736.28,33,9,7,9,1,178,5016.59,830.08,1,2
2023-02-06,South,Product A,Online,SMB,5825.43,22,8,7,8,0,126,3275.4,556.2,0,2
2023-02-06,South,Product A,Retail Partner,Enterprise,7007.71,26,7,6,7,0,130,3971.06,379.85,0,1
2023-02-06,South,Product A,Retail Partner,SMB,3774.87,14,5,4,5,0,88,2103.11,223.91,0,1
2023-02-06,South,Product B,Online,Enterprise,4957.53,27,8,6,8,0,134,3161.05,483.86,0,1
2023-02-06,South,Product B,Online,SMB,3173.29,17,6,5,6,0,92,1958.98,314.57,0,1
2023-02-06,South,Product B,Retail Partner,Enterprise,3415.91,18,5,4,5,0,95,2087.36,181.67,0,1
2023-02-06,South,Product B,Retail Partner,SMB,2226.59,12,4,3,4,0,63,1357.79,119.25,0,1
2023-02-06,South,Product C,Online,Enterprise,7770.25,19,5,4,5,0,97,4880.84,705.76,0,1
2023-02-06,South,Product C,Online,SMB,4943.18,12,5,4,5,0,59,3135.43,467.3,0,1
2023-02-06,South,Product C,Retail Partner,Enterprise,5587.43,13,4,3,4,0,69,3537.62,286.75,0,1
2023-02-06,South,Product C,Retail Partner,SMB,3726.88,9,3,3,3,0,44,2306.58,198.74,0,1
2023-02-06,East,Product A,Online,Enterprise,7738.73,29,8,6,8,0,173,4354.34,649.51,1,1
2023-02-06,East,Product A,Online,SMB,5232.88,19,7,6,7,0,111,2892.72,522.66,0,1
2023-02-06,East,Product A,Retail Partner,Enterprise,6022.9,22,6,5,6,0,109,3285.31,293.84,0,1
2023-02-06,East,Product A,Retail Partner,SMB,4067.34,15,6,4,6,0,74,2296.64,194.43,0,1
2023-02-06,East,Product B,Online,Enterprise,4045.71,21,6,5,6,0,120,2472.45,351.17,0,1
2023-02-06,East,Product B,Online,SMB,3029.22,16,6,5,6,0,77,1862.56,246.82,0,1
2023-02-06,East,Product B,Retail Partner,Enterprise,3064.88,16,5,3,5,0,86,1950.42,169.08,0,1
2023-02-06,East,Product B,Retail Partner,SMB,1955.21,10,4,3,4,0,52,1217.94,91.64,0,0
2023-02-06,East,Product C,Online,Enterprise,7342.19,17,5,4,5,0,91,4482.28,806.28,0,1
2023-02-06,East,Product C,Online,SMB,4365.34,11,4,3,4,0,52,2716.82,420.04,0,0
2023-02-06,East,Product C,Retail Partner,Enterprise,4933.75,12,3,3,3,0,68,3106.3,271.9,0,0
2023-02-06,East,Product C,Retail Partner,SMB,3013.14,7,3,2,3,0,42,1847.48,204.33,0,0
2023-02-06,West,Product A,Online,Enterprise,11593.63,43,12,9,12,1,229,6400.09,1131.41,1,2
2023-02-06,West,Product A,Online,SMB,7045.74,26,10,8,10,1,140,3929.34,617.09,1,1
2023-02-06,West,Product A,Retail Partner,Enterprise,7682.92,28,8,6,8,0,151,4251.38,412.45,0,1
2023-02-06,West,Product A,Retail Partner,SMB,5236.77,19,7,6,7,0,90,2973.8,292.66,0,1
2023-02-06,West,Product B,Online,Enterprise,5228.54,27,8,6,8,1,162,3184.41,583.64,0,1
2023-02-06,West,Product B,Online,SMB,3637.31,19,7,6,7,0,100,2272.92,400.13,0,1
2023-02-06,West,Product B,Retail Partner,Enterprise,4186.51,22,6,5,6,0,114,2585.58,210.03,0,1
2023-02-06,West,Product B,Retail Partner,SMB,2595.52,14,5,4,5,0,78,1612.93,147.03,0,1
2023-02-06,West,Product C,Online,Enterprise,8223.29,20,6,5,6,0,118,5203.8,776.01,0,1
2023-02-06,West,Product C,Online,SMB,6376.17,16,6,5,6,0,71,3986.55,510.84,0,1
2023-02-06,West,Product C,Retail Partner,Enterprise,6464.36,16,4,4,4,0,82,4134.36,295.71,0,1
2023-02-06,West,Product C,Retail Partner,SMB,3930.58,10,4,3,4,0,59,2507.27,200.95,0,1
2023-02-13,North,Product A,Online,Enterprise,11859.66,44,12,10,12,1,208,6512.72,1117.43,1,2
2023-02-13,North,Product A,Online,SMB,6465.1,24,9,8,9,1,158,3680.84,623.68,0,1
2023-02-13,North,Product A,Retail Partner,Enterprise,7345.02,28,8,6,8,0,153,4161.69,346.88,1,1
2023-02-13,North,Product A,Retail Partner,SMB,4998.05,19,7,6,7,0,109,2858.21,244.85,0,1
2023-02-13,North,Product B,Online,Enterprise,5534.69,29,8,7,8,0,160,3425.33,521.83,0,1
2023-02-13,North,Product B,Online,SMB,3914.17,21,8,6,8,0,99,2421.0,359.77,1,2
2023-02-13,North,Product B,Retail Partner,Enterprise,3988.35,21,6,5,6,0,114,2536.44,199.24,0,1
2023-02-13,North,Product B,Retail Partner,SMB,2776.31,15,6,5,6,0,79,1759.72,148.69,0,1
2023-02-13,North,Product C,Online,Enterprise,9280.58,23,7,5,7,0,128,5821.39,861.25,0,1
2023-02-13,North,Product C,Online,SMB,6267.24,15,6,5,6,0,74,3990.1,591.09,0,1
2023-02-13,North,Product C,Retail Partner,Enterprise,6820.28,16,5,4,5,0,84,4291.13,353.79,0,1
2023-02-13,North,Product C,Retail Partner,SMB,4209.32,10,4,3,4,0,59,2605.24,240.22,0,1
2023-02-13,South,Product A,Online,Enterprise,9480.15,35,10,7,10,0,162,5343.99,897.81,1,2
2023-02-13,South,Product A,Online,SMB,5656.63,21,8,7,8,0,114,3231.31,502.45,0,1
2023-02-13,South,Product A,Retail Partner,Enterprise,6035.93,23,6,5,6,0,127,3367.45,313.84,0,1
2023-02-13,South,Product A,Retail Partner,SMB,4596.35,17,6,5,6,0,85,2485.47,244.5,0,1
2023-02-13,South,Product B,Online,Enterprise,4814.81,25,7,5,7,0,128,3009.79,440.24,0,1
2023-02-13,South,Product B,Online,SMB,2833.33,15,6,4,6,0,90,1767.1,270.8,0,1
2023-02-13,South,Product B,Retail Partner,Enterprise,3503.75,18,5,4,5,0,98,2167.76,196.98,0,1
2023-02-13,South,Product B,Retail Partner,SMB,2032.66,11,4,3,4,0,69,1275.54,88.4,0,1
2023-02-13,South,Product C,Online,Enterprise,7835.73,19,5,4,5,0,91,4892.29,819.77,0,1
2023-02-13,South,Product C,Online,SMB,5511.51,13,5,4,5,0,70,3436.52,447.72,0,1
2023-02-13,South,Product C,Retail Partner,Enterprise,5300.21,13,4,3,4,0,74,3436.19,277.87,0,1
2023-02-13,South,Product C,Retail Partner,SMB,3666.24,9,3,3,3,0,44,2334.63,193.88,0,1
2023-02-13,East,Product A,Online,Enterprise,7331.98,27,8,6,8,0,152,4079.57,748.73,1,1
2023-02-13,East,Product A,Online,SMB,5005.96,19,7,5,7,0,102,2764.79,455.76,0,1
2023-02-13,East,Product A,Retail Partner,Enterprise,5277.98,19,6,4,6,0,123,3009.25,240.41,0,1
2023-02-13,East,Product A,Retail Partner,SMB,3752.48,14,5,4,5,0,73,2081.45,190.92,0,1
2023-02-13,East,Product B,Online,Enterprise,4184.1,22,6,5,6,0,120,2660.42,421.49,0,1
2023-02-13,East,Product B,Online,SMB,2913.84,15,6,5,6,0,72,1846.16,259.72,0,1
2023-02-13,East,Product B,Retail Partner,Enterprise,2748.87,15,4,3,4,0,85,1728.33,156.0,0,1
2023-02-13,East,Product B,Retail Partner,SMB,1912.23,10,4,3,4,0,54,1167.23,87.2,0,0
2023-02-13,East,Product C,Online,Enterprise,6721.85,17,5,4,5,0,85,4345.05,662.56,0,1
2023-02-13,East,Product C,Online,SMB,4025.07,10,4,3,4,0,58,2566.42,361.35,0,1
2023-02-13,East,Product C,Retail Partner,Enterprise,4812.19,12,3,3,3,0,59,2995.02,227.25,0,0
2023-02-13,East,Product C,Retail Partner,SMB,3103.41,8,3,2,3,0,39,2022.3,179.36,0,0
2023-02-13,West,Product A,Online,Enterprise,10705.42,40,11,9,11,0,215,5985.02,962.96,1,2
2023-02-13,West,Product A,Online,SMB,7396.83,27,11,8,11,0,129,4176.66,764.91,1,1
2023-02-13,West,Product A,Retail Partner,Enterprise,7676.72,29,8,6,8,0,155,4458.73,441.38,1,1
2023-02-13,West,Product A,Retail Partner,SMB,4549.52,17,7,5,7,0,98,2586.54,223.8,0,1
2023-02-13,West,Product B,Online,Enterprise,4992.42,27,8,6,8,0,136,3193.77,550.07,0,1
2023-02-13,West,Product B,Online,SMB,3684.75,20,8,6,8,0,101,2342.05,291.1,0,1
2023-02-13,West,Product B,Retail Partner,Enterprise,3958.0,20,6,5,6,0,104,2388.39,239.28,0,1
2023-02-13,West,Product B,Retail Partner,SMB,2460.08,13,5,4,5,0,68,1550.02,122.73,0,0
2023-02-13,West,Product C,Online,Enterprise,8851.69,22,6,5,6,0,126,5588.13,739.57,0,1
2023-02-13,West,Product C,Online,SMB,5697.71,14,5,4,5,0,81,3528.27,514.55,0,1
2023-02-13,West,Product C,Retail Partner,Enterprise,6601.47,16,5,3,5,0,79,4249.16,310.06,0,1
2023-02-13,West,Product C,Retail Partner,SMB,4159.65,10,4,3,4,0,50,2733.53,208.24,0,0
2023-02-20,North,Product A,Online,Enterprise,11836.65,45,13,10,13,1,234,6876.23,1004.25,1,2
2023-02-20,North,Product A,Online,SMB,7095.71,26,10,8,10,1,153,3999.38,703.15,1,2
2023-02-20,North,Product A,Retail Partner,Enterprise,8256.98,31,9,7,9,0,156,4632.41,424.83,1,1
2023-02-20,North,Product A,Retail Partner,SMB,5229.81,20,8,6,8,1,99,2970.08,253.55,0,1
2023-02-20,North,Product B,Online,Enterprise,5873.76,31,9,7,9,0,169,3641.8,527.5,1,1
2023-02-20,North,Product B,Online,SMB,3380.62,18,7,5,7,0,105,2118.69,253.51,0,1
2023-02-20,North,Product B,Retail Partner,Enterprise,4069.42,22,6,5,6,0,122,2535.04,247.68,0,1
2023-02-20,North,Product B,Retail Partner,SMB,2875.18,15,6,4,6,0,78,1852.3,150.07,1,1
2023-02-20,North,Product C,Online,Enterprise,10713.46,26,7,6,7,0,109,6595.86,945.56,1,1
2023-02-20,North,Product C,Online,SMB,5718.25,14,5,4,5,0,84,3583.06,543.57,0,1
2023-02-20,North,Product C,Retail Partner,Enterprise,6730.31,16,5,4,5,0,90,4252.11,315.48,0,1
2023-02-20,North,Product C,Retail Partner,SMB,4651.97,11,4,3,4,0,59,2908.56,241.31,0,0
2023-02-20,South,Product A,Online,Enterprise,9620.43,36,10,8,10,1,181,5500.93,891.8,1,2
2023-02-20,South,Product A,Online,SMB,5778.59,21,8,6,8,1,115,3224.84,506.01,1,1
2023-02-20,South,Product A,Retail Partner,Enterprise,6156.28,23,7,5,7,0,137,3475.01,324.38,0,1
2023-02-20,South,Product A,Retail Partner,SMB,4212.75,15,6,5,6,0,80,2293.13,237.2,0,1
2023-02-20,South,Product B,Online,Enterprise,4408.42,24,7,5,7,0,130,2854.0,399.15,0,1
2023-02-20,South,Product B,Online,SMB,3671.78,19,7,6,7,0,86,2285.56,312.71,0,1
2023-02-20,South,Product B,Retail Partner,Enterprise,3460.98,19,5,4,5,0,84,2218.89,168.36,0,1
2023-02-20,South,Product B,Retail Partner,SMB,2163.75,11,4,3,4,0,64,1344.53,120.66,0,1
2023-02-20,South,Product C,Online,Enterprise,7431.68,19,5,4,5,0,92,4884.22,593.43,0,1
2023-02-20,South,Product C,Online,SMB,5563.61,14,5,4,5,0,66,3497.03,574.62,0,1
2023-02-20,South,Product C,Retail Partner,Enterprise,5767.12,14,4,3,4,0,68,3689.56,303.22,0,0
2023-02-20,South,Product C,Retail Partner,SMB,3752.61,9,4,3,4,0,48,2406.43,211.2,0,0
2023-02-20,East,Product A,Online,Enterprise,8371.55,31,9,7,9,0,145,4700.63,729.68,1,1
2023-02-20,East,Product A,Online,SMB,5450.95,20,8,6,8,0,92,2982.51,574.34,1,1
2023-02-20,East,Product A,Retail Partner,Enterprise,5684.32,22,6,5,6,0,106,3278.31,323.21,0,1
2023-02-20,East,Product A,Retail Partner,SMB,3789.37,14,5,4,5,0,77,2140.61,200.7,0,1
2023-02-20,East,Product B,Online,Enterprise,3919.43,21,6,5,6,0,111,2442.19,309.22,0,1
2023-02-20,East,Product B,Online,SMB,2700.31,14,5,4,5,0,75,1664.04,284.88,0,1
2023-02-20,East,Product B,Retail Partner,Enterprise,2972.45,16,4,3,4,0,79,1819.75,158.79,0,1
2023-02-20,East,Product B,Retail Partner,SMB,2023.33,11,4,3,4,0,54,1242.59,93.18,0,1
2023-02-20,East,Product C,Online,Enterprise,6237.73,15,4,3,4,0,83,3909.72,632.71,0,0
2023-02-20,East,Product C,Online,SMB,5225.18,12,5,4,5,0,56,3245.76,457.47,0,1
2023-02-20,East,Product C,Retail Partner,Enterprise,4583.33,11,3,2,3,0,63,2933.32,223.37,0,0
2023-02-20,East,Product C,Retail Partner,SMB,3209.97,8,3,2,3,0,40,1996.51,154.97,0,1
2023-02-20,West,Product A,Online,Enterprise,9410.67,35,10,8,10,0,208,5350.66,840.49,1,2
2023-02-20,West,Product A,Online,SMB,6692.66,25,10,7,10,0,133,3746.55,713.94,1,2
2023-02-20,West,Product A,Retail Partner,Enterprise,7403.36,28,8,6,8,0,150,4203.3,399.15,1,1
2023-02-20,West,Product A,Retail Partner,SMB,4950.75,18,7,6,7,0,97,2744.61,282.05,0,1
2023-02-20,West,Product B,Online,Enterprise,5223.87,28,8,6,8,0,156,3245.59,454.84,0,1
2023-02-20,West,Product B,Online,SMB,3114.5,17,6,5,6,0,101,2024.19,298.19,0,1
2023-02-20,West,Product B,Retail Partner,Enterprise,3775.5,20,6,4,6,0,109,2342.02,202.5,0,1
2023-02-20,West,Product B,Retail Partner,SMB,2445.14,13,5,4,5,0,71,1538.73,115.55,0,1
2023-02-20,West,Product C,Online,Enterprise,8455.53,21,6,5,6,0,104,5522.57,680.56,0,1
2023-02-20,West,Product C,Online,SMB,5394.64,13,5,4,5,0,76,3439.06,458.23,0,1
2023-02-20,West,Product C,Retail Partner,Enterprise,5811.06,14,4,3,4,0,79,3617.09,329.18,0,1
2023-02-20,West,Product C,Retail Partner,SMB,3903.77,10,4,3,4,0,55,2469.48,232.01,0,1
2023-02-27,North,Product A,Online,Enterprise,11126.29,41,12,9,12,1,214,6241.61,1006.0,1,2
2023-02-27,North,Product A,Online,SMB,7507.94,28,11,9,11,0,137,4177.84,711.66,0,2
2023-02-27,North,Product A,Retail Partner,Enterprise,7721.4,28,8,6,8,0,167,4257.93,388.72,1,1
2023-02-27,North,Product A,Retail Partner,SMB,5287.48,20,8,6,8,0,110,3072.12,244.85,1,1
2023-02-27,North,Product B,Online,Enterprise,6477.32,34,10,8,10,0,169,3978.93,535.93,1,1
2023-02-27,North,Product B,Online,SMB,3864.97,21,8,6,8,0,111,2438.55,353.16,0,2
2023-02-27,North,Product B,Retail Partner,Enterprise,4244.5,22,6,5,6,0,120,2657.11,289.04,0,1
2023-02-27,North,Product B,Retail Partner,SMB,2527.44,13,5,4,5,0,74,1548.92,134.54,0,1
2023-02-27,North,Product C,Online,Enterprise,10046.59,25,7,6,7,0,123,6274.68,898.28,0,1
2023-02-27,North,Product C,Online,SMB,6316.78,15,6,5,6,0,82,4001.55,521.89,0,1
2023-02-27,North,Product C,Retail Partner,Enterprise,6768.79,16,5,4,5,0,84,4260.36,332.75,0,1
2023-02-27,North,Product C,Retail Partner,SMB,4441.24,11,4,3,4,0,59,2842.54,200.82,0,1
2023-02-27,South,Product A,Online,Enterprise,8637.22,32,9,7,9,1,186,4792.31,799.86,1,1
2023-02-27,South,Product A,Online,SMB,5941.09,22,8,6,8,0,126,3312.13,576.91,1,2
2023-02-27,South,Product A,Retail Partner,Enterprise,6266.47,24,7,5,7,0,135,3633.23,303.05,0,1
2023-02-27,South,Product A,Retail Partner,SMB,4091.24,15,6,5,6,0,84,2289.69,193.49,0,1
2023-02-27,South,Product B,Online,Enterprise,4905.9,26,7,6,7,0,137,2976.69,436.1,0,1
2023-02-27,South,Product B,Online,SMB,3208.69,17,6,5,6,0,89,1943.42,296.05,1,1
2023-02-27,South,Product B,Retail Partner,Enterprise,3354.33,18,5,4,5,0,99,2121.06,170.34,0,1
2023-02-27,South,Product B,Retail Partner,SMB,2244.07,12,5,4,5,0,67,1428.88,108.77,0,0
2023-02-27,South,Product C,Online,Enterprise,7454.33,18,5,4,5,0,92,4792.3,801.12,0,1
2023-02-27,South,Product C,Online,SMB,4682.91,11,4,4,4,0,62,2969.48,406.83,0,1
2023-02-27,South,Product C,Retail Partner,Enterprise,5475.36,13,4,3,4,0,72,3392.35,268.09,0,1
2023-02-27,South,Product C,Retail Partner,SMB,3993.43,10,4,3,4,0,42,2494.82,205.34,0,0
2023-02-27,East,Product A,Online,Enterprise,8282.06,30,9,7,9,0,157,4627.11,831.34,0,1
2023-02-27,East,Product A,Online,SMB,5447.47,20,8,6,8,0,107,3068.24,485.03,1,1
2023-02-27,East,Product A,Retail Partner,Enterprise,5289.18,20,6,5,6,0,105,3041.71,260.7,0,1
2023-02-27,East,Product A,Retail Partner,SMB,3814.59,14,5,4,5,0,67,2101.84,209.01,0,1
2023-02-27,East,Product B,Online,Enterprise,3916.72,21,6,4,6,0,116,2460.56,361.32,0,1
2023-02-27,East,Product B,Online,SMB,2781.13,15,6,4,6,0,69,1718.87,273.87,0,1
2023-02-27,East,Product B,Retail Partner,Enterprise,2878.25,15,4,3,4,0,84,1785.74,129.6,0,1
2023-02-27,East,Product B,Retail Partner,SMB,1815.34,10,4,3,4,0,58,1169.69,85.67,0,0
2023-02-27,East,Product C,Online,Enterprise,6369.63,15,4,3,4,0,79,3938.44,556.61,0,0
2023-02-27,East,Product C,Online,SMB,4356.57,11,4,3,4,0,59,2726.19,430.75,0,1
2023-02-27,East,Product C,Retail Partner,Enterprise,4605.18,11,3,2,3,0,64,2926.4,230.43,0,0
2023-02-27,East,Product C,Retail Partner,SMB,3258.4,8,3,2,3,0,44,2072.46,188.21,0,0
2023-02-27,West,Product A,Online,Enterprise,9683.51,36,10,8,10,0,206,5361.51,949.82,1,2
2023-02-27,West,Product A,Online,SMB,6344.94,24,9,7,9,0,141,3604.78,537.48,1,1
2023-02-27,West,Product A,Retail Partner,Enterprise,6949.8,26,7,6,7,0,144,3933.97,371.7,0,1
2023-02-27,West,Product A,Retail Partner,SMB,4833.81,18,7,6,7,0,92,2679.36,276.08,0,1
2023-02-27,West,Product B,Online,Enterprise,5549.81,29,8,7,8,0,151,3436.42,519.14,1,1
2023-02-27,West,Product B,Online,SMB,3785.4,20,8,6,8,0,101,2383.98,371.97,1,1
2023-02-27,West,Product B,Retail Partner,Enterprise,3778.58,20,6,4,6,0,114,2363.79,192.23,0,1
2023-02-27,West,Product B,Retail Partner,SMB,2470.13,13,5,4,5,0,66,1558.32,136.5,0,1
2023-02-27,West,Product C,Online,Enterprise,9375.59,22,6,5,6,0,111,5857.29,849.11,0,1
2023-02-27,West,Product C,Online,SMB,6009.96,15,6,5,6,0,75,3867.96,551.87,0,1
2023-02-27,West,Product C,Retail Partner,Enterprise,6265.56,15,4,3,4,0,76,3822.32,285.17,0,1
2023-02-27,West,Product C,Retail Partner,SMB,4343.06,11,4,3,4,0,61,2794.54,212.32,0,1
2023-03-06,North,Product A,Online,Enterprise,12340.62,47,13,11,13,1,227,7039.4,1217.69,1,2
2023-03-06,North,Product A,Online,SMB,8403.62,32,12,9,12,0,147,4797.12,790.15,1,2
2023-03-06,North,Product A,Retail Partner,Enterprise,7918.76,30,8,7,8,0,175,4448.6,426.45,0,2
2023-03-06,North,Product A,Retail Partner,SMB,4930.08,18,7,5,7,0,108,2721.73,253.4,0,1
2023-03-06,North,Product B,Online,Enterprise,5656.99,30,9,7,9,0,162,3548.32,451.98,0,1
2023-03-06,North,Product B,Online,SMB,3841.37,20,8,6,8,0,107,2392.53,368.72,0,1
2023-03-06,North,Product B,Retail Partner,Enterprise,4252.96,22,6,5,6,0,106,2604.08,209.46,1,1
2023-03-06,North,Product B,Retail Partner,SMB,2828.68,15,6,4,6,0,73,1762.32,145.3,0,1
2023-03-06,North,Product C,Online,Enterprise,8431.4,21,6,5,6,0,130,5422.91,782.03,0,1
2023-03-06,North,Product C,Online,SMB,6225.54,15,6,5,6,0,79,4043.7,634.21,0,1
2023-03-06,North,Product C,Retail Partner,Enterprise,7195.09,17,5,4,5,0,94,4530.9,347.54,0,1
2023-03-06,North,Product C,Retail Partner,SMB,4447.16,11,4,3,4,0,58,2738.92,218.86,0,1
2023-03-06,South,Product A,Online,Enterprise,9318.2,35,10,8,10,1,190,5221.8,826.95,1,1
2023-03-06,South,Product A,Online,SMB,6540.79,24,9,7,9,0,121,3622.4,543.88,1,1
2023-03-06,South,Product A,Retail Partner,Enterprise,7178.54,27,8,6,8,0,130,4125.48,352.96,1,1
2023-03-06,South,Product A,Retail Partner,SMB,4231.94,16,6,5,6,0,88,2336.89,226.95,0,1
2023-03-06,South,Product B,Online,Enterprise,4785.73,25,7,6,7,0,130,2872.85,436.31,0,1
2023-03-06,South,Product B,Online,SMB,3139.93,16,6,5,6,0,101,1907.84,313.4,0,1
2023-03-06,South,Product B,Retail Partner,Enterprise,3425.13,18,5,4,5,0,96,2127.48,180.89,0,1
2023-03-06,South,Product B,Retail Partner,SMB,2262.3,12,5,3,5,0,64,1439.57,104.62,0,1
2023-03-06,South,Product C,Online,Enterprise,8076.75,20,6,4,6,0,99,5147.63,723.0,0,1
2023-03-06,South,Product C,Online,SMB,5172.68,13,5,4,5,0,62,3378.02,463.83,0,1
2023-03-06,South,Product C,Retail Partner,Enterprise,5901.9,14,4,3,4,0,72,3756.86,274.59,0,0
2023-03-06,South,Product C,Retail Partner,SMB,3710.54,9,3,3,3,0,50,2337.0,206.52,0,0
2023-03-06,East,Product A,Online,Enterprise,7765.75,29,8,6,8,0,174,4368.29,803.25,0,1
2023-03-06,East,Product A,Online,SMB,5382.92,20,8,6,8,0,106,3000.6,517.01,0,2
2023-03-06,East,Product A,Retail Partner,Enterprise,5654.83,20,6,5,6,0,109,3048.55,260.24,0,1
2023-03-06,East,Product A,Retail Partner,SMB,3611.36,14,5,4,5,0,73,2039.47,176.96,0,1
2023-03-06,East,Product B,Online,Enterprise,3864.48,20,6,5,6,0,115,2373.74,352.61,0,1
2023-03-06,East,Product B,Online,SMB,2734.73,15,6,5,6,0,88,1718.0,227.07,0,1
2023-03-06,East,Product B,Retail Partner,Enterprise,3008.56,16,4,4,4,0,83,1875.36,165.67,0,1
2023-03-06,East,Product B,Retail Partner,SMB,1862.6,10,4,3,4,0,61,1136.62,104.93,0,1
2023-03-06,East,Product C,Online,Enterprise,7103.87,17,5,4,5,0,86,4458.79,601.42,0,1
2023-03-06,East,Product C,Online,SMB,4742.03,11,4,3,4,0,62,2965.32,440.26,0,1
2023-03-06,East,Product C,Retail Partner,Enterprise,4857.19,12,3,3,3,0,65,3049.88,256.78,0,0
2023-03-06,East,Product C,Retail Partner,SMB,3250.02,8,3,2,3,0,41,1997.59,168.64,0,1
2023-03-06,West,Product A,Online,Enterprise,11005.46,40,11,9,11,1,205,6091.35,908.23,1,2
2023-03-06,West,Product A,Online,SMB,6679.68,25,10,8,10,0,130,3879.5,590.37,1,1
2023-03-06,West,Product A,Retail Partner,Enterprise,8275.54,30,9,7,9,0,156,4627.97,435.51,1,1
2023-03-06,West,Product A,Retail Partner,SMB,4717.71,18,7,5,7,0,101,2675.8,251.81,0,1
2023-03-06,West,Product B,Online,Enterprise,5981.65,31,9,7,9,1,151,3723.28,495.14,1,1
2023-03-06,West,Product B,Online,SMB,3800.61,20,8,6,8,0,96,2385.06,350.11,1,1
2023-03-06,West,Product B,Retail Partner,Enterprise,4207.29,22,6,5,6,0,103,2588.83,198.05,0,1
2023-03-06,West,Product B,Retail Partner,SMB,2250.86,12,5,3,5,0,71,1446.31,116.88,0,1
2023-03-06,West,Product C,Online,Enterprise,8100.29,20,6,4,6,0,115,5229.56,703.19,0,1
2023-03-06,West,Product C,Online,SMB,6234.88,15,6,5,6,0,72,4000.49,577.01,0,1
2023-03-06,West,Product C,Retail Partner,Enterprise,6417.45,16,4,3,4,0,74,4002.38,333.93,0,1
2023-03-06,West,Product C,Retail Partner,SMB,4080.8,10,4,3,4,0,52,2540.27,192.32,0,1
2023-03-13,North,Product A,Online,Enterprise,12302.04,45,13,10,13,0,231,6847.5,1119.47,1,1
2023-03-13,North,Product A,Online,SMB,7067.95,26,10,8,10,0,153,3962.56,633.72,1,2
2023-03-13,North,Product A,Retail Partner,Enterprise,7685.05,29,8,6,8,1,160,4334.27,430.73,0,1
2023-03-13,North,Product A,Retail Partner,SMB,5312.86,20,8,6,8,0,111,3004.8,246.86,0,1
2023-03-13,North,Product B,Online,Enterprise,5865.77,31,9,7,9,0,154,3627.83,588.79,0,1
2023-03-13,North,Product B,Online,SMB,3610.92,19,7,5,7,0,108,2211.77,363.09,0,1
2023-03-13,North,Product B,Retail Partner,Enterprise,4654.61,25,7,6,7,0,120,2877.9,240.48,1,1
2023-03-13,North,Product B,Retail Partner,SMB,3137.1,16,6,5,6,0,82,1940.13,160.53,0,1
2023-03-13,North,Product C,Online,Enterprise,9338.73,23,6,5,6,0,128,5867.25,882.9,0,1
2023-03-13,North,Product C,Online,SMB,6695.26,16,6,5,6,0,80,4242.11,670.48,0,1
2023-03-13,North,Product C,Retail Partner,Enterprise,6922.29,16,5,4,5,0,83,4300.59,379.8,0,1
2023-03-13,North,Product C,Retail Partner,SMB,4287.03,10,4,3,4,0,58,2793.77,213.46,0,1
2023-03-13,South,Product A,Online,Enterprise,9122.94,34,10,7,10,1,172,5006.63,875.77,0,1
2023-03-13,South,Product A,Online,SMB,5161.05,19,7,6,7,0,118,2933.06,452.01,0,1
2023-03-13,South,Product A,Retail Partner,Enterprise,6329.61,23,7,5,7,0,126,3523.07,292.86,0,1
2023-03-13,South,Product A,Retail Partner,SMB,4235.66,16,6,5,6,0,84,2343.23,228.57,0,1
2023-03-13,South,Product B,Online,Enterprise,5459.82,29,8,6,8,0,135,3347.49,558.16,0,1
2023-03-13,South,Product B,Online,SMB,2858.97,15,6,4,6,0,100,1747.93,233.69,0,1
2023-03-13,South,Product B,Retail Partner,Enterprise,3559.3,19,5,4,5,0,97,2193.15,193.74,0,1
2023-03-13,South,Product B,Retail Partner,SMB,2172.81,11,4,4,4,0,64,1329.94,93.27,0,0
2023-03-13,South,Product C,Online,Enterprise,7937.4,19,6,4,6,0,112,5089.1,783.57,0,1
2023-03-13,South,Product C,Online,SMB,4825.65,12,5,3,5,0,66,3026.2,464.37,0,1
2023-03-13,South,Product C,Retail Partner,Enterprise,5355.36,13,4,3,4,0,66,3319.58,285.52,0,1
2023-03-13,South,Product C,Retail Partner,SMB,3447.93,8,3,3,3,0,47,2163.94,188.65,0,1
2023-03-13,East,Product A,Online,Enterprise,7996.45,30,9,7,9,1,158,4557.19,949.8,1,1
2023-03-13,East,Product A,Online,SMB,4842.44,18,7,5,7,0,102,2671.8,487.45,0,1
2023-03-13,East,Product A,Retail Partner,Enterprise,5512.92,20,6,5,6,0,117,3061.7,268.9,0,1
2023-03-13,East,Product A,Retail Partner,SMB,4177.52,16,6,5,6,0,71,2335.45,237.83,0,1
2023-03-13,East,Product B,Online,Enterprise,4101.22,22,6,5,6,0,115,2589.64,385.51,0,1
2023-03-13,East,Product B,Online,SMB,2838.79,15,6,4,6,0,70,1751.14,246.12,0,1
2023-03-13,East,Product B,Retail Partner,Enterprise,3206.67,17,5,4,5,0,81,1976.72,185.12,0,1
2023-03-13,East,Product B,Retail Partner,SMB,1982.02,11,4,3,4,0,57,1255.36,98.39,0,0
2023-03-13,East,Product C,Online,Enterprise,6612.14,16,4,3,4,0,86,4108.65,654.87,0,1
2023-03-13,East,Product C,Online,SMB,4665.28,11,4,3,4,0,55,2924.01,429.18,0,1
2023-03-13,East,Product C,Retail Partner,Enterprise,5135.49,13,4,3,4,0,62,3216.17,326.54,0,1
2023-03-13,East,Product C,Retail Partner,SMB,2993.7,7,3,2,3,0,41,1869.17,141.55,0,1
2023-03-13,West,Product A,Online,Enterprise,10299.43,38,11,8,11,1,216,5680.16,945.66,1,2
2023-03-13,West,Product A,Online,SMB,6750.3,25,10,8,10,0,134,3854.45,550.04,1,1
2023-03-13,West,Product A,Retail Partner,Enterprise,7621.68,28,8,6,8,0,156,4175.49,390.13,0,1
2023-03-13,West,Product A,Retail Partner,SMB,4920.24,18,7,6,7,0,105,2787.15,256.23,0,1
2023-03-13,West,Product B,Online,Enterprise,5511.35,29,8,6,8,0,157,3397.72,542.25,0,1
2023-03-13,West,Product B,Online,SMB,4052.1,22,8,6,8,0,109,2595.05,383.57,0,2
2023-03-13,West,Product B,Retail Partner,Enterprise,4166.76,22,6,5,6,0,117,2558.0,214.61,0,1
2023-03-13,West,Product B,Retail Partner,SMB,2510.9,13,5,4,5,0,71,1523.4,134.52,0,1
2023-03-13,West,Product C,Online,Enterprise,9701.59,24,7,5,7,0,127,6224.31,829.46,0,1
2023-03-13,West,Product C,Online,SMB,5727.95,14,5,4,5,0,78,3555.87,590.37,0,1
2023-03-13,West,Product C,Retail Partner,Enterprise,6879.03,17,5,4,5,0,84,4312.42,366.05,0,1
2023-03-13,West,Product C,Retail Partner,SMB,4258.33,10,4,3,4,0,57,2718.72,213.1,0,1
2023-03-20,North,Product A,Online,Enterprise,11688.41,43,12,10,12,0,215,6577.67,1029.74,1,1
2023-03-20,North,Product A,Online,SMB,6835.78,26,10,7,10,0,157,3866.32,577.14,1,2
2023-03-20,North,Product A,Retail Partner,Enterprise,8143.71,30,9,7,9,0,156,4674.56,393.1,1,2
2023-03-20,North,Product A,Retail Partner,SMB,4983.98,19,7,5,7,0,106,2867.39,225.91,1,1
2023-03-20,North,Product B,Online,Enterprise,5547.9,30,8,7,8,0,166,3438.14,438.97,0,1
2023-03-20,North,Product B,Online,SMB,3774.26,20,8,6,8,1,107,2325.54,432.54,0,1
2023-03-20,North,Product B,Retail Partner,Enterprise,4086.37,22,6,5,6,0,117,2536.39,224.25,0,1
2023-03-20,North,Product B,Retail Partner,SMB,2599.65,14,5,4,5,0,78,1631.66,130.53,0,1
2023-03-20,North,Product C,Online,Enterprise,10599.03,25,7,6,7,0,122,6530.41,1023.21,1,1
2023-03-20,North,Product C,Online,SMB,6344.79,15,6,5,6,0,81,4035.84,587.64,0,1
2023-03-20,North,Product C,Retail Partner,Enterprise,6867.16,17,5,4,5,0,92,4311.26,336.66,0,1
2023-03-20,North,Product C,Retail Partner,SMB,4644.8,11,4,4,4,0,57,2890.39,220.23,0,1
2023-03-20,South,Product A,Online,Enterprise,10481.25,39,11,9,11,1,182,5944.38,1059.32,1,2
2023-03-20,South,Product A,Online,SMB,5666.36,21,8,6,8,0,116,3185.79,513.68,0,1
2023-03-20,South,Product A,Retail Partner,Enterprise,6561.71,24,7,5,7,0,129,3698.95,299.3,0,1
2023-03-20,South,Product A,Retail Partner,SMB,4838.39,18,7,5,7,0,94,2697.57,235.37,0,1
2023-03-20,South,Product B,Online,Enterprise,4983.13,26,7,6,7,0,132,3099.57,453.49,0,1
2023-03-20,South,Product B,Online,SMB,3511.2,19,7,5,7,0,89,2210.32,291.49,0,1
2023-03-20,South,Product B,Retail Partner,Enterprise,3387.37,18,5,4,5,0,95,2099.63,173.55,0,1
2023-03-20,South,Product B,Retail Partner,SMB,2429.92,13,5,4,5,0,66,1513.03,123.51,0,1
2023-03-20,South,Product C,Online,Enterprise,7607.8,18,5,4,5,1,105,4773.83,598.28,0,1
2023-03-20,South,Product C,Online,SMB,5646.35,14,5,4,5,0,67,3591.45,568.03,0,1
2023-03-20,South,Product C,Retail Partner,Enterprise,5858.4,14,4,3,4,0,80,3679.09,290.73,0,0
2023-03-20,South,Product C,Retail Partner,SMB,3386.02,8,3,2,3,0,46,2142.26,159.26,0,1
2023-03-20,East,Product A,Online,Enterprise,7718.99,28,8,6,8,0,149,4285.15,639.45,0,1
2023-03-20,East,Product A,Online,SMB,5417.42,20,8,6,8,0,100,3080.06,582.06,0,1
2023-03-20,East,Product A,Retail Partner,Enterprise,5825.37,22,6,5,6,0,103,3219.44,334.8,0,1
2023-03-20,East,Product A,Retail Partner,SMB,3915.52,14,6,4,6,0,70,2185.24,198.93,0,1
2023-03-20,East,Product B,Online,Enterprise,4070.52,21,6,5,6,0,109,2485.74,429.68,1,1
2023-03-20,East,Product B,Online,SMB,2731.95,14,6,4,6,0,78,1686.4,264.43,0,1
2023-03-20,East,Product B,Retail Partner,Enterprise,3216.68,17,5,4,5,0,88,2001.24,152.74,0,1
2023-03-20,East,Product B,Retail Partner,SMB,2099.87,11,4,3,4,0,58,1271.91,113.29,0,1
2023-03-20,East,Product C,Online,Enterprise,6882.67,17,5,4,5,0,82,4420.38,620.98,0,1
2023-03-20,East,Product C,Online,SMB,4401.47,11,4,3,4,0,56,2808.0,394.65,0,1
2023-03-20,East,Product C,Retail Partner,Enterprise,5208.18,13,4,3,4,0,61,3236.73,264.28,0,1
2023-03-20,East,Product C,Retail Partner,SMB,2919.54,7,3,2,3,0,42,1830.26,148.68,0,0
2023-03-20,West,Product A,Online,Enterprise,10966.23,41,12,9,12,1,206,6061.27,1172.05,1,2
2023-03-20,West,Product A,Online,SMB,6470.52,24,9,7,9,0,144,3638.88,651.68,1,1
2023-03-20,West,Product A,Retail Partner,Enterprise,7434.23,28,8,6,8,0,151,4195.01,454.1,1,1
2023-03-20,West,Product A,Retail Partner,SMB,4567.99,17,6,5,6,0,93,2522.52,238.37,0,1
2023-03-20,West,Product B,Online,Enterprise,6020.33,32,9,7,9,0,157,3795.8,563.18,1,1
2023-03-20,West,Product B,Online,SMB,3178.55,17,6,5,6,0,103,1924.75,313.63,0,1
2023-03-20,West,Product B,Retail Partner,Enterprise,4052.4,21,6,5,6,0,111,2526.09,192.26,0,1
2023-03-20,West,Product B,Retail Partner,SMB,2843.05,15,6,5,6,0,76,1789.93,148.95,1,1
2023-03-20,West,Product C,Online,Enterprise,7899.31,19,5,4,5,0,107,4972.53,671.74,0,1
2023-03-20,West,Product C,Online,SMB,5283.38,13,5,4,5,0,76,3381.84,526.04,0,1
2023-03-20,West,Product C,Retail Partner,Enterprise,5729.04,14,4,3,4,0,83,3723.07,334.16,0,1
2023-03-20,West,Product C,Retail Partner,SMB,4210.19,10,4,3,4,0,52,2615.59,237.09,0,1
2023-03-27,North,Product A,Online,Enterprise,11500.98,42,12,9,12,1,215,6288.38,1155.93,1,2
2023-03-27,North,Product A,Online,SMB,7094.82,26,10,8,10,0,147,3914.9,668.28,0,2
2023-03-27,North,Product A,Retail Partner,Enterprise,8420.77,32,9,7,9,0,156,4770.7,418.19,1,1
2023-03-27,North,Product A,Retail Partner,SMB,5537.76,20,8,6,8,0,110,3058.46,298.08,1,1
2023-03-27,North,Product B,Online,Enterprise,5929.27,31,9,7,9,0,162,3655.55,628.57,1,1
2023-03-27,North,Product B,Online,SMB,3871.8,20,8,6,8,0,115,2426.61,371.37,0,1
2023-03-27,North,Product B,Retail Partner,Enterprise,4600.12,24,7,5,7,0,124,2782.13,252.6,0,1
2023-03-27,North,Product B,Retail Partner,SMB,2969.59,16,6,5,6,0,90,1848.38,152.94,0,1
2023-03-27,North,Product C,Online,Enterprise,9752.07,23,7,5,7,0,118,6084.12,864.33,0,1
2023-03-27,North,Product C,Online,SMB,6254.53,15,6,4,6,0,80,3896.41,588.92,0,1
2023-03-27,North,Product C,Retail Partner,Enterprise,5813.15,14,4,3,4,0,93,3688.0,295.63,0,1
2023-03-27,North,Product C,Retail Partner,SMB,4583.74,11,4,3,4,0,52,2800.12,228.73,0,1
2023-03-27,South,Product A,Online,Enterprise,9517.5,35,10,8,10,0,169,5395.0,930.15,0,2
2023-03-27,South,Product A,Online,SMB,6120.65,22,9,7,9,0,123,3352.58,546.71,1,1
2023-03-27,South,Product A,Retail Partner,Enterprise,6242.02,23,7,5,7,0,135,3463.59,306.34,0,1
2023-03-27,South,Product A,Retail Partner,SMB,4796.12,18,7,5,7,0,84,2621.54,256.11,0,1
2023-03-27,South,Product B,Online,Enterprise,4763.57,25,7,6,7,0,134,2932.22,424.08,0,1
2023-03-27,South,Product B,Online,SMB,3275.38,17,7,5,7,0,86,2044.5,312.38,0,1
2023-03-27,South,Product B,Retail Partner,Enterprise,3868.21,21,6,5,6,0,103,2488.57,171.89,0,1
2023-03-27,South,Product B,Retail Partner,SMB,2167.07,11,4,3,4,0,65,1345.46,110.24,0,1
2023-03-27,South,Product C,Online,Enterprise,7762.12,19,5,4,5,0,101,4790.46,784.25,0,1
2023-03-27,South,Product C,Online,SMB,5244.28,13,5,4,5,0,64,3226.35,520.93,0,1
2023-03-27,South,Product C,Retail Partner,Enterprise,5544.92,13,4,3,4,0,73,3426.0,262.25,0,1
2023-03-27,South,Product C,Retail Partner,SMB,4087.94,10,4,3,4,0,57,2579.62,218.49,0,1
2023-03-27,East,Product A,Online,Enterprise,8115.64,31,9,7,9,1,151,4597.97,703.0,1,1
2023-03-27,East,Product A,Online,SMB,5440.09,20,8,6,8,0,105,3041.61,497.8,1,1
2023-03-27,East,Product A,Retail Partner,Enterprise,5819.97,22,6,5,6,0,118,3292.45,318.27,0,1
2023-03-27,East,Product A,Retail Partner,SMB,4126.8,15,6,4,6,0,81,2330.41,227.66,0,1
2023-03-27,East,Product B,Online,Enterprise,4310.0,22,6,5,6,0,115,2645.18,401.85,0,1
2023-03-27,East,Product B,Online,SMB,2820.34,15,6,4,6,0,73,1747.3,241.59,0,1
2023-03-27,East,Product B,Retail Partner,Enterprise,2695.92,14,4,3,4,0,88,1688.03,139.28,0,1
2023-03-27,East,Product B,Retail Partner,SMB,1927.06,10,4,3,4,0,59,1197.4,99.61,0,1
2023-03-27,East,Product C,Online,Enterprise,6328.2,16,4,3,4,0,84,4055.12,637.34,0,0
2023-03-27,East,Product C,Online,SMB,4634.67,11,4,3,4,0,59,2938.39,416.51,0,1
2023-03-27,East,Product C,Retail Partner,Enterprise,4603.81,11,3,2,3,0,62,2859.13,258.66,0,0
2023-03-27,East,Product C,Retail Partner,SMB,3188.45,8,3,2,3,0,43,1990.0,165.2,0,0
2023-03-27,West,Product A,Online,Enterprise,11441.61,43,12,10,12,0,216,6422.76,1060.02,1,2
2023-03-27,West,Product A,Online,SMB,6591.92,25,9,7,9,0,139,3651.39,632.35,0,2
2023-03-27,West,Product A,Retail Partner,Enterprise,7933.01,29,8,6,8,0,139,4457.72,384.65,0,2
2023-03-27,West,Product A,Retail Partner,SMB,4981.6,19,7,6,7,0,111,2821.82,236.28,0,1
2023-03-27,West,Product B,Online,Enterprise,5792.72,30,9,7,9,0,147,3548.35,595.66,0,1
2023-03-27,West,Product B,Online,SMB,3497.73,19,7,6,7,0,101,2204.69,291.37,1,1
2023-03-27,West,Product B,Retail Partner,Enterprise,3983.67,21,6,5,6,0,114,2491.99,201.39,0,1
2023-03-27,West,Product B,Retail Partner,SMB,2445.82,13,5,4,5,0,76,1532.56,131.65,0,1
2023-03-27,West,Product C,Online,Enterprise,9102.67,22,6,5,6,0,121,5655.76,780.72,0,1
2023-03-27,West,Product C,Online,SMB,5503.84,13,5,4,5,0,78,3427.55,567.01,0,1
2023-03-27,West,Product C,Retail Partner,Enterprise,6893.13,17,5,4,5,0,87,4328.22,376.65,0,1
2023-03-27,West,Product C,Retail Partner,SMB,4212.58,10,4,3,4,0,54,2601.19,214.41,0,1
2023-04-03,North,Product A,Online,Enterprise,11913.67,44,12,9,12,1,218,6629.25,1241.99,1,2
2023-04-03,North,Product A,Online,SMB,7636.46,28,11,8,11,1,140,4212.32,733.91,1,1
2023-04-03,North,Product A,Retail Partner,Enterprise,8008.51,30,8,7,8,0,160,4634.88,425.0,0,1
2023-04-03,North,Product A,Retail Partner,SMB,5599.17,21,8,6,8,0,107,3155.81,306.46,0,1
2023-04-03,North,Product B,Online,Enterprise,5737.37,31,9,7,9,1,159,3662.03,613.45,1,1
2023-04-03,North,Product B,Online,SMB,3524.31,19,7,6,7,0,114,2188.16,330.06,0,1
2023-04-03,North,Product B,Retail Partner,Enterprise,4242.48,23,6,5,6,0,123,2669.08,213.83,1,1
2023-04-03,North,Product B,Retail Partner,SMB,2742.46,14,5,4,5,0,81,1655.0,148.32,0,1
2023-04-03,North,Product C,Online,Enterprise,10544.52,25,7,6,7,0,122,6712.22,1044.52,0,1
2023-04-03,North,Product C,Online,SMB,6170.31,15,6,4,6,0,83,3904.61,595.6,0,1
2023-04-03,North,Product C,Retail Partner,Enterprise,6675.54,16,5,3,5,0,82,4193.34,339.72,0,1
2023-04-03,North,Product C,Retail Partner,SMB,4224.49,10,4,3,4,0,57,2675.77,244.27,0,1
2023-04-03,South,Product A,Online,Enterprise,9396.0,34,10,8,10,1,194,5179.64,908.95,1,2
2023-04-03,South,Product A,Online,SMB,5757.71,21,8,6,8,1,128,3279.75,550.64,0,1
2023-04-03,South,Product A,Retail Partner,Enterprise,6628.85,25,7,6,7,0,129,3657.95,362.07,1,1
2023-04-03,South,Product A,Retail Partner,SMB,4933.08,18,7,6,7,0,81,2743.18,263.94,0,1
2023-04-03,South,Product B,Online,Enterprise,6043.77,32,9,7,9,0,135,3744.53,662.17,1,1
2023-04-03,South,Product B,Online,SMB,3101.01,16,6,5,6,0,99,1935.63,286.79,0,1
2023-04-03,South,Product B,Retail Partner,Enterprise,3294.17,17,5,4,5,0,97,2025.64,154.62,0,1
2023-04-03,South,Product B,Retail Partner,SMB,2371.84,13,5,4,5,0,69,1474.35,124.68,0,1
2023-04-03,South,Product C,Online,Enterprise,7894.54,19,5,4,5,0,109,5000.39,655.13,0,1
2023-04-03,South,Product C,Online,SMB,4972.86,12,5,4,5,0,67,3157.67,408.14,0,1
2023-04-03,South,Product C,Retail Partner,Enterprise,5394.0,13,4,3,4,0,71,3376.7,278.89,0,0
2023-04-03,South,Product C,Retail Partner,SMB,3653.82,9,3,3,3,0,52,2261.67,184.07,0,0
2023-04-03,East,Product A,Online,Enterprise,7865.94,29,8,7,8,0,165,4438.64,747.84,1,1
2023-04-03,East,Product A,Online,SMB,5563.67,21,8,6,8,0,113,3043.83,468.2,0,1
2023-04-03,East,Product A,Retail Partner,Enterprise,5594.69,21,6,5,6,0,126,3115.15,286.56,0,1
2023-04-03,East,Product A,Retail Partner,SMB,4011.54,14,6,4,6,0,75,2165.49,201.37,0,1
2023-04-03,East,Product B,Online,Enterprise,4110.35,22,6,5,6,0,118,2580.1,399.08,0,1
2023-04-03,East,Product B,Online,SMB,2922.8,16,6,5,6,0,87,1825.59,240.88,0,1
2023-04-03,East,Product B,Retail Partner,Enterprise,3112.36,16,5,4,5,0,88,1960.4,168.17,0,1
2023-04-03,East,Product B,Retail Partner,SMB,2088.1,11,4,3,4,0,55,1315.3,107.23,0,1
2023-04-03,East,Product C,Online,Enterprise,6591.6,16,4,3,4,0,95,4047.79,656.95,0,1
2023-04-03,East,Product C,Online,SMB,4299.75,10,4,3,4,0,57,2743.42,415.22,0,1
2023-04-03,East,Product C,Retail Partner,Enterprise,5126.78,12,3,3,3,0,67,3207.16,281.36,0,1
2023-04-03,East,Product C,Retail Partner,SMB,3332.24,8,3,2,3,0,42,2066.02,178.23,0,1
2023-04-03,West,Product A,Online,Enterprise,10438.4,39,11,9,11,1,189,5704.2,1112.21,1,1
2023-04-03,West,Product A,Online,SMB,7578.22,28,11,9,11,1,139,4187.24,774.03,1,2
2023-04-03,West,Product A,Retail Partner,Enterprise,7650.14,28,8,6,8,0,145,4280.37,344.05,1,1
2023-04-03,West,Product A,Retail Partner,SMB,5391.13,20,8,6,8,0,97,3043.74,262.64,0,1
2023-04-03,West,Product B,Online,Enterprise,5498.92,29,8,7,8,0,161,3380.82,509.01,0,1
2023-04-03,West,Product B,Online,SMB,3942.22,21,8,6,8,0,110,2444.35,361.09,0,1
2023-04-03,West,Product B,Retail Partner,Enterprise,4351.81,23,7,5,7,0,113,2657.89,214.97,0,1
2023-04-03,West,Product B,Retail Partner,SMB,2681.7,14,5,4,5,0,75,1634.32,159.36,0,1
2023-04-03,West,Product C,Online,Enterprise,8863.66,22,6,5,6,0,114,5652.08,935.97,1,1
2023-04-03,West,Product C,Online,SMB,5710.61,14,5,4,5,0,77,3594.37,541.5,0,1
2023-04-03,West,Product C,Retail Partner,Enterprise,6304.0,15,4,3,4,0,76,3930.6,353.52,0,1
2023-04-03,West,Product C,Retail Partner,SMB,5106.08,13,5,4,5,0,56,3278.66,262.66,0,1
2023-04-10,North,Product A,Online,Enterprise,12415.97,47,13,11,13,1,225,7136.65,1209.96,1,2
2023-04-10,North,Product A,Online,SMB,9012.49,32,12,9,12,0,161,4905.09,882.64,1,2
2023-04-10,North,Product A,Retail Partner,Enterprise,9021.51,34,10,8,10,0,166,5025.34,511.66,1,2
2023-04-10,North,Product A,Retail Partner,SMB,5656.62,21,8,7,8,0,118,3207.72,290.71,0,1
2023-04-10,North,Product B,Online,Enterprise,6266.42,33,9,7,9,0,179,3892.3,537.86,1,2
2023-04-10,North,Product B,Online,SMB,4355.04,22,9,6,9,0,104,2634.09,421.04,1,2
2023-04-10,North,Product B,Retail Partner,Enterprise,4544.27,24,7,5,7,0,118,2873.16,225.88,0,1
2023-04-10,North,Product B,Retail Partner,SMB,2624.9,14,5,4,5,0,84,1641.34,120.73,0,1
2023-04-10,North,Product C,Online,Enterprise,9886.98,24,7,5,7,0,128,6304.36,830.18,0,1
2023-04-10,North,Product C,Online,SMB,6123.35,15,6,5,6,0,79,3861.51,570.46,0,1
2023-04-10,North,Product C,Retail Partner,Enterprise,6567.46,16,4,3,4,0,86,4094.76,351.42,0,1
2023-04-10,North,Product C,Retail Partner,SMB,4917.07,12,5,4,5,0,65,3107.28,289.8,0,1
2023-04-10,South,Product A,Online,Enterprise,8745.29,33,9,7,9,0,184,4916.06,828.87,1,2
2023-04-10,South,Product A,Online,SMB,5670.43,21,8,6,8,0,123,3177.86,541.33,0,1
2023-04-10,South,Product A,Retail Partner,Enterprise,7196.23,27,8,6,8,0,128,4034.99,402.38,1,1
2023-04-10,South,Product A,Retail Partner,SMB,4725.49,18,7,5,7,0,88,2645.13,261.77,1,1
2023-04-10,South,Product B,Online,Enterprise,4697.67,25,7,5,7,0,130,2952.12,409.47,0,1
2023-04-10,South,Product B,Online,SMB,3136.0,16,6,5,6,0,93,1963.29,327.92,0,1
2023-04-10,South,Product B,Retail Partner,Enterprise,3785.99,20,6,4,6,0,94,2337.21,183.01,0,1
2023-04-10,South,Product B,Retail Partner,SMB,2600.23,14,5,4,5,0,67,1602.85,126.84,0,1
2023-04-10,South,Product C,Online,Enterprise,7661.31,19,5,4,5,0,103,4871.42,679.58,0,1
2023-04-10,South,Product C,Online,SMB,4705.58,11,4,3,4,0,69,2983.02,412.09,0,1
2023-04-10,South,Product C,Retail Partner,Enterprise,5588.51,13,4,3,4,0,72,3535.51,271.45,0,1
2023-04-10,South,Product C,Retail Partner,SMB,3741.3,9,3,3,3,0,47,2378.03,221.96,0,1
2023-04-10,East,Product A,Online,Enterprise,7629.12,28,8,6,8,0,160,4349.94,683.53,0,1
2023-04-10,East,Product A,Online,SMB,5330.72,20,8,6,8,0,109,3025.2,448.73,0,1
2023-04-10,East,Product A,Retail Partner,Enterprise,6040.63,23,6,5,6,0,107,3412.64,258.84,0,1
2023-04-10,East,Product A,Retail Partner,SMB,3927.55,14,6,4,6,0,72,2178.97,195.02,0,1
2023-04-10,East,Product B,Online,Enterprise,4420.29,23,7,5,7,0,125,2762.48,377.57,0,1
2023-04-10,East,Product B,Online,SMB,2826.02,15,6,4,6,0,77,1728.63,264.99,0,1
2023-04-10,East,Product B,Retail Partner,Enterprise,2914.96,16,4,4,4,0,86,1848.79,162.69,0,1
2023-04-10,East,Product B,Retail Partner,SMB,2074.7,11,4,3,4,0,57,1288.37,100.33,0,1
2023-04-10,East,Product C,Online,Enterprise,5999.93,15,4,3,4,0,83,3821.25,588.31,0,1
2023-04-10,East,Product C,Online,SMB,4596.99,11,4,3,4,0,61,2857.36,431.74,0,1
2023-04-10,East,Product C,Retail Partner,Enterprise,5323.29,13,4,3,4,0,68,3349.69,265.28,0,0
2023-04-10,East,Product C,Retail Partner,SMB,3283.24,8,3,2,3,0,42,2100.51,169.8,0,0
2023-04-10,West,Product A,Online,Enterprise,9825.56,36,10,8,10,0,207,5546.32,1102.64,1,2
2023-04-10,West,Product A,Online,SMB,6567.83,24,9,7,9,0,125,3623.17,572.63,1,2
2023-04-10,West,Product A,Retail Partner,Enterprise,8749.77,32,9,8,9,0,139,4924.79,486.09,0,1
2023-04-10,West,Product A,Retail Partner,SMB,4848.01,18,7,6,7,0,109,2751.58,274.38,0,1
2023-04-10,West,Product B,Online,Enterprise,5404.52,29,8,6,8,0,155,3408.77,495.64,0,1
2023-04-10,West,Product B,Online,SMB,3541.6,18,7,6,7,0,102,2229.29,311.68,1,1
2023-04-10,West,Product B,Retail Partner,Enterprise,4218.11,22,6,5,6,0,115,2623.23,243.83,0,1
2023-04-10,West,Product B,Retail Partner,SMB,2653.44,14,5,4,5,0,73,1684.05,139.49,0,1
2023-04-10,West,Product C,Online,Enterprise,9306.93,23,6,5,6,0,127,5883.94,832.01,0,1
2023-04-10,West,Product C,Online,SMB,6193.55,15,6,5,6,0,81,3838.46,534.32,0,1
2023-04-10,West,Product C,Retail Partner,Enterprise,5950.13,14,4,3,4,0,79,3781.68,283.63,0,1
2023-04-10,West,Product C,Retail Partner,SMB,4058.19,10,4,3,4,0,57,2535.64,231.34,0,1
2023-04-17,North,Product A,Online,Enterprise,11664.76,44,12,10,12,1,246,6616.12,1268.94,1,2
2023-04-17,North,Product A,Online,SMB,6891.93,26,10,8,10,0,140,3858.37,684.89,1,2
2023-04-17,North,Product A,Retail Partner,Enterprise,8422.88,31,9,7,9,0,154,4753.52,483.56,1,1
2023-04-17,North,Product A,Retail Partner,SMB,6247.06,23,9,7,9,0,115,3412.8,324.52,0,1
2023-04-17,North,Product B,Online,Enterprise,6082.43,33,9,7,9,0,156,3803.59,573.94,1,1
2023-04-17,North,Product B,Online,SMB,4079.09,21,8,6,8,0,112,2518.67,362.02,1,1
2023-04-17,North,Product B,Retail Partner,Enterprise,4175.76,22,6,5,6,0,115,2560.02,221.41,0,1
2023-04-17,North,Product B,Retail Partner,SMB,3032.21,16,6,5,6,0,83,1857.53,157.3,0,1
2023-04-17,North,Product C,Online,Enterprise,9994.41,24,7,5,7,0,119,6232.09,1003.56,1,1
2023-04-17,North,Product C,Online,SMB,6452.21,16,6,5,6,0,82,4148.48,653.95,0,1
2023-04-17,North,Product C,Retail Partner,Enterprise,6505.82,15,4,3,4,0,101,3925.76,348.37,0,1
2023-04-17,North,Product C,Retail Partner,SMB,4554.57,11,4,3,4,0,59,2845.12,206.33,0,1
2023-04-17,South,Product A,Online,Enterprise,9091.77,34,10,7,10,0,182,5063.11,859.33,0,1
2023-04-17,South,Product A,Online,SMB,6986.88,26,10,8,10,0,125,3887.97,701.82,1,1
2023-04-17,South,Product A,Retail Partner,Enterprise,6586.45,25,7,6,7,0,139,3752.81,360.87,0,1
2023-04-17,South,Product A,Retail Partner,SMB,4389.95,16,6,5,6,0,86,2436.19,245.28,1,1
2023-04-17,South,Product B,Online,Enterprise,4982.47,26,7,6,7,0,136,3131.79,552.84,1,1
2023-04-17,South,Product B,Online,SMB,3508.26,19,7,5,7,0,93,2186.07,301.08,0,1
2023-04-17,South,Product B,Retail Partner,Enterprise,3659.25,19,5,4,5,0,100,2253.51,211.78,0,1
2023-04-17,South,Product B,Retail Partner,SMB,2312.0,12,5,4,5,0,65,1458.24,103.1,0,1
2023-04-17,South,Product C,Online,Enterprise,8468.63,20,6,5,6,0,110,5179.02,862.48,0,1
2023-04-17,South,Product C,Online,SMB,5466.49,13,5,4,5,0,72,3370.77,493.88,0,1
2023-04-17,South,Product C,Retail Partner,Enterprise,6187.7,15,4,3,4,0,79,3860.25,322.85,0,1
2023-04-17,South,Product C,Retail Partner,SMB,3802.21,9,4,3,4,0,49,2417.43,217.81,0,0
2023-04-17,East,Product A,Online,Enterprise,7682.69,28,8,6,8,0,152,4285.32,701.87,1,1
2023-04-17,East,Product A,Online,SMB,5397.75,20,8,6,8,0,105,3082.7,474.59,0,1
2023-04-17,East,Product A,Retail Partner,Enterprise,6134.76,23,6,5,6,0,121,3414.57,313.94,0,1
2023-04-17,East,Product A,Retail Partner,SMB,3602.35,14,5,4,5,0,75,2085.45,182.01,0,1
2023-04-17,East,Product B,Online,Enterprise,4534.02,23,7,5,7,0,123,2758.67,409.23,0,1
2023-04-17,East,Product B,Online,SMB,2881.92,15,6,5,6,0,81,1749.45,270.99,0,1
2023-04-17,East,Product B,Retail Partner,Enterprise,2725.14,14,4,3,4,0,81,1667.89,145.46,0,1
2023-04-17,East,Product B,Retail Partner,SMB,2087.43,11,4,3,4,0,57,1288.37,104.26,0,1
2023-04-17,East,Product C,Online,Enterprise,7053.11,17,5,4,5,0,92,4431.86,599.32,0,1
2023-04-17,East,Product C,Online,SMB,4505.29,11,4,3,4,0,59,2863.24,461.94,0,1
2023-04-17,East,Product C,Retail Partner,Enterprise,4669.71,11,3,3,3,0,61,2894.28,224.81,0,0
2023-04-17,East,Product C,Retail Partner,SMB,3428.66,8,3,3,3,0,47,2225.53,166.25,0,1
2023-04-17,West,Product A,Online,Enterprise,10479.85,39,11,9,11,1,210,5797.39,983.2,1,2
2023-04-17,West,Product A,Online,SMB,6914.04,26,10,8,10,0,141,4019.48,649.03,1,1
2023-04-17,West,Product A,Retail Partner,Enterprise,7690.26,28,8,6,8,0,162,4225.91,377.65,1,1
2023-04-17,West,Product A,Retail Partner,SMB,5651.37,21,8,6,8,0,99,3120.12,270.68,1,1
2023-04-17,West,Product B,Online,Enterprise,5823.01,31,9,7,9,0,153,3604.5,450.69,0,1
2023-04-17,West,Product B,Online,SMB,3784.83,20,8,6,8,0,105,2379.74,388.6,0,1
2023-04-17,West,Product B,Retail Partner,Enterprise,3994.52,21,6,5,6,0,111,2512.09,227.09,0,1
2023-04-17,West,Product B,Retail Partner,SMB,2680.23,14,5,4,5,0,77,1684.16,162.36,0,1
2023-04-17,West,Product C,Online,Enterprise,9288.58,22,6,5,6,0,117,5836.77,919.25,1,1
2023-04-17,West,Product C,Online,SMB,5797.89,14,5,4,5,0,77,3649.91,521.59,0,1
2023-04-17,West,Product C,Retail Partner,Enterprise,6790.2,16,5,4,5,0,80,4213.93,362.93,0,1
2023-04-17,West,Product C,Retail Partner,SMB,4409.49,10,4,3,4,0,56,2707.79,215.4,0,1
2023-04-24,North,Product A,Online,Enterprise,11281.21,42,12,9,12,0,225,6313.67,964.62,1,3
2023-04-24,North,Product A,Online,SMB,7307.87,27,10,8,10,0,149,4058.26,687.91,0,2
2023-04-24,North,Product A,Retail Partner,Enterprise,8540.54,32,9,7,9,1,167,4787.7,465.41,0,1
2023-04-24,North,Product A,Retail Partner,SMB,5321.68,20,8,6,8,0,109,2982.83,248.66,0,1
2023-04-24,North,Product B,Online,Enterprise,6261.56,33,9,7,9,0,174,3860.98,571.14,0,1
2023-04-24,North,Product B,Online,SMB,4078.93,21,8,6,8,0,116,2471.52,392.64,0,1
2023-04-24,North,Product B,Retail Partner,Enterprise,4527.99,23,7,5,7,0,124,2725.83,255.63,0,1
2023-04-24,North,Product B,Retail Partner,SMB,3060.01,16,6,5,6,0,81,1914.81,184.72,0,1
2023-04-24,North,Product C,Online,Enterprise,10522.72,25,7,6,7,0,126,6575.22,844.65,0,1
2023-04-24,North,Product C,Online,SMB,6371.29,16,6,5,6,0,83,4010.62,532.13,0,1
2023-04-24,North,Product C,Retail Partner,Enterprise,7734.51,18,5,4,5,0,85,4836.38,411.76,0,1
2023-04-24,North,Product C,Retail Partner,SMB,4358.41,10,4,3,4,0,57,2731.14,208.08,0,1
2023-04-24,South,Product A,Online,Enterprise,9248.78,34,10,7,10,0,182,5146.96,822.68,1,1
2023-04-24,South,Product A,Online,SMB,6775.67,25,10,7,10,0,122,3756.25,603.58,1,1
2023-04-24,South,Product A,Retail Partner,Enterprise,7001.51,26,7,6,7,0,133,3878.37,386.32,0,1
2023-04-24,South,Product A,Retail Partner,SMB,4492.12,17,7,5,7,0,89,2557.97,251.79,0,1
2023-04-24,South,Product B,Online,Enterprise,5099.68,27,8,6,8,0,129,3241.95,541.15,0,1
2023-04-24,South,Product B,Online,SMB,3097.76,16,6,5,6,0,94,1974.37,287.71,0,1
2023-04-24,South,Product B,Retail Partner,Enterprise,3475.85,18,5,4,5,0,103,2142.64,187.24,0,1
2023-04-24,South,Product B,Retail Partner,SMB,2181.24,11,4,3,4,0,70,1346.13,119.08,0,1
2023-04-24,South,Product C,Online,Enterprise,8115.94,19,6,4,6,0,97,4974.51,691.75,0,1
2023-04-24,South,Product C,Online,SMB,5939.04,14,5,4,5,0,61,3629.85,493.89,0,1
2023-04-24,South,Product C,Retail Partner,Enterprise,5962.92,14,4,3,4,0,74,3681.47,276.4,0,1
2023-04-24,South,Product C,Retail Partner,SMB,3991.08,10,4,3,4,0,49,2436.37,210.96,0,1
2023-04-24,East,Product A,Online,Enterprise,8302.11,30,9,7,9,0,162,4591.74,882.76,1,2
2023-04-24,East,Product A,Online,SMB,5020.45,19,7,6,7,0,108,2876.77,491.49,0,1
2023-04-24,East,Product A,Retail Partner,Enterprise,6230.62,23,7,5,7,0,117,3427.81,312.26,1,1
2023-04-24,East,Product A,Retail Partner,SMB,3558.11,13,5,4,5,0,76,1950.37,201.96,0,1
2023-04-24,East,Product B,Online,Enterprise,4262.97,23,6,5,6,0,119,2639.16,413.51,0,1
2023-04-24,East,Product B,Online,SMB,2949.46,15,6,5,6,0,79,1814.52,282.91,0,1
2023-04-24,East,Product B,Retail Partner,Enterprise,2910.25,15,4,3,4,0,82,1771.91,159.9,0,1
2023-04-24,East,Product B,Retail Partner,SMB,2088.64,11,4,4,4,0,56,1301.98,103.9,0,1
2023-04-24,East,Product C,Online,Enterprise,7194.91,17,5,4,5,0,94,4447.13,674.31,0,1
2023-04-24,East,Product C,Online,SMB,4948.49,12,5,3,5,0,60,3033.55,381.27,0,1
2023-04-24,East,Product C,Retail Partner,Enterprise,5389.96,13,4,3,4,0,64,3451.41,274.43,0,0
2023-04-24,East,Product C,Retail Partner,SMB,3111.22,7,3,2,3,0,45,1954.95,141.29,0,0
2023-04-24,West,Product A,Online,Enterprise,10540.86,39,11,9,11,0,224,5952.9,1053.95,1,1
2023-04-24,West,Product A,Online,SMB,7256.99,27,10,8,10,0,138,4190.1,669.36,1,1
2023-04-24,West,Product A,Retail Partner,Enterprise,7543.95,28,8,6,8,0,159,4284.38,395.73,0,1
2023-04-24,West,Product A,Retail Partner,SMB,5615.92,21,8,6,8,0,108,3210.55,321.6,1,1
2023-04-24,West,Product B,Online,Enterprise,5777.47,30,9,7,9,0,167,3585.1,601.13,1,1
2023-04-24,West,Product B,Online,SMB,4177.89,22,8,7,8,0,99,2632.93,345.49,1,2
2023-04-24,West,Product B,Retail Partner,Enterprise,3974.14,21,6,5,6,0,123,2431.37,193.28,0,1
2023-04-24,West,Product B,Retail Partner,SMB,2520.73,13,5,4,5,0,77,1530.83,113.02,0,1
2023-04-24,West,Product C,Online,Enterprise,8707.58,22,6,5,6,0,126,5602.38,740.97,0,1
2023-04-24,West,Product C,Online,SMB,6469.8,16,6,5,6,0,75,4104.97,654.8,0,1
2023-04-24,West,Product C,Retail Partner,Enterprise,6634.1,16,5,4,5,0,93,4186.49,328.83,0,1
2023-04-24,West,Product C,Retail Partner,SMB,4077.82,10,4,3,4,0,58,2572.11,175.65,0,0
2023-05-01,North,Product A,Online,Enterprise,11569.36,43,12,10,12,1,222,6402.5,976.91,1,2
2023-05-01,North,Product A,Online,SMB,7774.03,29,11,8,11,1,159,4411.8,818.56,1,2
2023-05-01,North,Product A,Retail Partner,Enterprise,8516.33,32,9,7,9,0,170,4837.1,503.99,1,1
2023-05-01,North,Product A,Retail Partner,SMB,5518.41,21,8,6,8,0,110,3113.43,292.76,1,1
2023-05-01,North,Product B,Online,Enterprise,6185.5,33,9,8,9,1,167,3950.71,556.54,0,1
2023-05-01,North,Product B,Online,SMB,3847.75,20,8,6,8,0,111,2411.57,326.73,1,1
2023-05-01,North,Product B,Retail Partner,Enterprise,4827.63,25,7,6,7,1,118,2933.38,271.79,0,1
2023-05-01,North,Product B,Retail Partner,SMB,2702.86,14,5,4,5,0,79,1683.13,143.96,0,1
2023-05-01,North,Product C,Online,Enterprise,8898.78,21,6,5,6,0,125,5630.19,875.19,1,1
2023-05-01,North,Product C,Online,SMB,6133.92,15,6,5,6,0,82,3836.24,610.44,0,1
2023-05-01,North,Product C,Retail Partner,Enterprise,6813.02,16,5,4,5,0,91,4265.12,357.28,0,1
2023-05-01,North,Product C,Retail Partner,SMB,5075.45,12,5,4,5,0,65,3192.63,274.71,0,1
2023-05-01,South,Product A,Online,Enterprise,9549.82,35,10,8,10,0,179,5204.64,795.81,1,1
2023-05-01,South,Product A,Online,SMB,6212.03,23,9,7,9,0,124,3550.29,600.3,1,1
2023-05-01,South,Product A,Retail Partner,Enterprise,6661.17,25,7,6,7,0,147,3736.53,336.62,0,1
2023-05-01,South,Product A,Retail Partner,SMB,4583.87,17,6,5,6,1,92,2580.63,219.48,0,1
2023-05-01,South,Product B,Online,Enterprise,4853.98,26,7,6,7,0,129,3037.57,524.93,0,1
2023-05-01,South,Product B,Online,SMB,3295.91,17,7,5,7,0,92,2002.67,309.4,0,1
2023-05-01,South,Product B,Retail Partner,Enterprise,3740.51,20,6,5,6,0,99,2315.09,191.52,0,1
2023-05-01,South,Product B,Retail Partner,SMB,2518.95,13,5,4,5,0,70,1555.95,140.03,0,1
2023-05-01,South,Product C,Online,Enterprise,8443.39,20,6,5,6,0,104,5186.36,781.29,0,1
2023-05-01,South,Product C,Online,SMB,5417.19,13,5,4,5,0,77,3423.99,510.5,0,1
2023-05-01,South,Product C,Retail Partner,Enterprise,5855.39,14,4,3,4,0,74,3599.25,340.79,0,1
2023-05-01,South,Product C,Retail Partner,SMB,3397.62,8,3,2,3,0,48,2104.98,169.2,0,1
2023-05-01,East,Product A,Online,Enterprise,8173.71,30,9,7,9,0,168,4531.73,634.46,0,1
2023-05-01,East,Product A,Online,SMB,4940.54,18,7,5,7,0,110,2782.65,491.61,0,1
2023-05-01,East,Product A,Retail Partner,Enterprise,5947.54,22,6,5,6,0,113,3383.43,294.49,0,1
2023-05-01,East,Product A,Retail Partner,SMB,3990.42,15,6,4,6,0,78,2219.83,236.32,0,1
2023-05-01,East,Product B,Online,Enterprise,4704.03,25,7,5,7,0,122,2828.47,371.0,0,1
2023-05-01,East,Product B,Online,SMB,3012.14,16,6,5,6,0,75,1884.52,297.04,0,1
2023-05-01,East,Product B,Retail Partner,Enterprise,3204.67,17,5,4,5,0,95,1995.45,189.23,0,1
2023-05-01,East,Product B,Retail Partner,SMB,2114.97,11,4,3,4,0,54,1307.85,112.2,0,1
2023-05-01,East,Product C,Online,Enterprise,7576.57,18,5,4,5,0,89,4716.75,853.46,0,1
2023-05-01,East,Product C,Online,SMB,4681.56,12,4,4,4,0,59,3037.4,498.0,0,1
2023-05-01,East,Product C,Retail Partner,Enterprise,4954.22,12,3,3,3,0,61,3089.14,272.59,0,0
2023-05-01,East,Product C,Retail Partner,SMB,3193.29,8,3,2,3,0,42,2016.54,160.86,0,1
2023-05-01,West,Product A,Online,Enterprise,10861.85,41,12,10,12,1,222,6179.81,1026.46,1,2
2023-05-01,West,Product A,Online,SMB,6702.78,25,10,8,10,0,149,3740.72,637.47,0,1
2023-05-01,West,Product A,Retail Partner,Enterprise,7111.03,26,8,6,8,0,142,3964.79,379.14,1,1
2023-05-01,West,Product A,Retail Partner,SMB,5512.84,20,8,6,8,0,95,3010.27,319.42,0,1
2023-05-01,West,Product B,Online,Enterprise,5442.42,28,8,6,8,0,171,3287.15,469.17,0,1
2023-05-01,West,Product B,Online,SMB,4186.87,22,9,6,9,1,97,2686.63,357.8,1,1
2023-05-01,West,Product B,Retail Partner,Enterprise,3976.02,20,6,4,6,0,124,2403.45,201.08,1,1
2023-05-01,West,Product B,Retail Partner,SMB,2686.26,15,6,4,6,0,76,1736.29,126.59,0,1
2023-05-01,West,Product C,Online,Enterprise,9960.36,23,7,5,7,0,121,6070.51,1039.85,0,1
2023-05-01,West,Product C,Online,SMB,5990.63,14,6,4,6,0,76,3803.08,567.34,0,1
2023-05-01,West,Product C,Retail Partner,Enterprise,6475.94,16,4,4,4,0,81,3929.97,304.43,0,1
2023-05-01,West,Product C,Retail Partner,SMB,4657.43,11,4,3,4,0,56,2892.06,253.06,0,1
2023-05-08,North,Product A,Online,Enterprise,11559.6,43,12,9,12,0,216,6425.22,1191.53,0,2
2023-05-08,North,Product A,Online,SMB,7771.22,29,11,8,11,1,161,4398.97,713.6,1,2
2023-05-08,North,Product A,Retail Partner,Enterprise,8265.33,31,9,7,9,0,162,4748.44,479.92,1,2
2023-05-08,North,Product A,Retail Partner,SMB,5590.38,21,8,6,8,0,102,3147.46,303.33,1,1
2023-05-08,North,Product B,Online,Enterprise,6542.19,35,10,8,10,0,175,4090.82,625.71,1,1
2023-05-08,North,Product B,Online,SMB,3864.82,20,8,6,8,1,120,2374.38,408.76,1,1
2023-05-08,North,Product B,Retail Partner,Enterprise,4120.4,22,6,5,6,0,115,2551.78,199.82,1,1
2023-05-08,North,Product B,Retail Partner,SMB,2664.91,14,5,5,5,0,89,1684.75,150.99,0,1
2023-05-08,North,Product C,Online,Enterprise,10410.57,25,7,5,7,0,121,6523.0,931.34,1,1
2023-05-08,North,Product C,Online,SMB,6215.3,15,6,5,6,0,86,4015.39,498.31,0,1
2023-05-08,North,Product C,Retail Partner,Enterprise,7581.15,18,5,4,5,0,91,4707.75,474.52,0,1
2023-05-08,North,Product C,Retail Partner,SMB,5026.81,12,5,4,5,0,64,3069.71,253.02,0,1
2023-05-08,South,Product A,Online,Enterprise,9642.64,36,10,8,10,1,189,5429.73,829.88,1,1
2023-05-08,South,Product A,Online,SMB,6252.34,23,9,7,9,0,120,3388.25,655.99,1,1
2023-05-08,South,Product A,Retail Partner,Enterprise,7015.44,26,7,6,7,1,138,3968.31,372.93,0,1
2023-05-08,South,Product A,Retail Partner,SMB,4676.91,18,7,5,7,0,87,2605.01,285.78,0,1
2023-05-08,South,Product B,Online,Enterprise,5329.01,28,8,7,8,0,145,3309.13,539.23,1,1
2023-05-08,South,Product B,Online,SMB,3255.65,17,7,5,7,0,96,1990.35,301.65,0,1
2023-05-08,South,Product B,Retail Partner,Enterprise,3854.99,20,6,4,6,0,101,2372.8,206.9,0,1
2023-05-08,South,Product B,Retail Partner,SMB,2399.04,12,5,4,5,0,65,1439.78,113.13,0,1
2023-05-08,South,Product C,Online,Enterprise,8321.03,20,6,4,6,0,104,5196.31,777.27,0,1
2023-05-08,South,Product C,Online,SMB,5714.88,14,5,4,5,0,72,3587.25,477.53,0,1
2023-05-08,South,Product C,Retail Partner,Enterprise,5890.81,14,4,3,4,0,80,3707.62,304.06,0,1
2023-05-08,South,Product C,Retail Partner,SMB,3692.39,9,3,3,3,0,48,2344.49,196.68,0,0
2023-05-08,East,Product A,Online,Enterprise,9456.98,35,10,8,10,1,159,5277.1,968.69,1,2
2023-05-08,East,Product A,Online,SMB,5845.0,21,8,7,8,0,108,3257.66,544.4,0,1
2023-05-08,East,Product A,Retail Partner,Enterprise,5982.93,22,6,5,6,0,121,3377.58,363.11,0,1
2023-05-08,East,Product A,Retail Partner,SMB,3838.68,14,6,4,6,0,77,2144.04,185.76,0,1
2023-05-08,East,Product B,Online,Enterprise,5001.6,26,7,6,7,0,137,2989.38,495.74,1,1
2023-05-08,East,Product B,Online,SMB,2902.78,15,6,4,6,0,80,1768.16,287.89,0,1
2023-05-08,East,Product B,Retail Partner,Enterprise,3298.37,17,5,4,5,0,79,2047.7,185.53,0,1
2023-05-08,East,Product B,Retail Partner,SMB,1907.84,10,4,3,4,0,58,1201.51,90.63,0,1
2023-05-08,East,Product C,Online,Enterprise,7689.79,18,5,4,5,0,94,4756.2,724.16,0,1
2023-05-08,East,Product C,Online,SMB,4584.04,11,4,3,4,0,59,2763.54,447.38,0,1
2023-05-08,East,Product C,Retail Partner,Enterprise,5252.78,12,4,3,4,0,64,3304.56,251.36,0,0
2023-05-08,East,Product C,Retail Partner,SMB,3597.11,8,3,2,3,0,41,2208.35,188.16,0,1
2023-05-08,West,Product A,Online,Enterprise,12041.94,44,12,9,12,1,203,6534.96,1160.59,0,2
2023-05-08,West,Product A,Online,SMB,6968.14,26,10,8,10,0,145,3929.09,652.44,0,1
2023-05-08,West,Product A,Retail Partner,Enterprise,7962.12,29,8,6,8,1,157,4403.03,423.08,0,1
2023-05-08,West,Product A,Retail Partner,SMB,4653.95,17,7,5,7,0,99,2677.46,230.91,0,1
2023-05-08,West,Product B,Online,Enterprise,5823.02,31,9,7,9,0,155,3610.74,500.55,1,1
2023-05-08,West,Product B,Online,SMB,3917.75,21,8,7,8,0,105,2445.76,314.8,0,1
2023-05-08,West,Product B,Retail Partner,Enterprise,4007.44,21,6,5,6,0,114,2513.08,231.45,1,1
2023-05-08,West,Product B,Retail Partner,SMB,2752.32,14,6,4,6,0,67,1702.53,144.2,0,1
2023-05-08,West,Product C,Online,Enterprise,9903.98,24,7,5,7,0,119,6285.09,931.36,0,1
2023-05-08,West,Product C,Online,SMB,6271.66,15,6,4,6,0,76,3912.88,531.06,0,1
2023-05-08,West,Product C,Retail Partner,Enterprise,7086.12,17,5,4,5,0,81,4434.19,403.01,0,1
2023-05-08,West,Product C,Retail Partner,SMB,4064.37,10,4,3,4,0,62,2571.88,214.27,0,0
2023-05-15,North,Product A,Online,Enterprise,12029.68,45,13,11,13,1,215,6802.62,1162.42,1,2
2023-05-15,North,Product A,Online,SMB,7298.33,27,10,8,10,0,146,3973.86,670.26,1,2
2023-05-15,North,Product A,Retail Partner,Enterprise,8261.37,31,9,7,9,0,161,4611.41,436.67,1,1
2023-05-15,North,Product A,Retail Partner,SMB,5704.59,21,8,7,8,0,107,3160.68,294.18,1,1
2023-05-15,North,Product B,Online,Enterprise,5978.64,32,9,7,9,0,159,3818.33,573.14,1,1
2023-05-15,North,Product B,Online,SMB,3843.1,20,8,6,8,0,122,2355.71,368.11,0,1
2023-05-15,North,Product B,Retail Partner,Enterprise,4403.52,23,7,5,7,0,125,2744.48,203.97,1,1
2023-05-15,North,Product B,Retail Partner,SMB,2795.87,15,6,5,6,0,80,1754.13,168.2,0,1
2023-05-15,North,Product C,Online,Enterprise,9761.15,23,6,5,6,0,130,5959.78,966.56,0,1
2023-05-15,North,Product C,Online,SMB,7279.93,17,7,5,7,0,83,4501.34,660.91,0,1
2023-05-15,North,Product C,Retail Partner,Enterprise,6639.61,16,5,4,5,0,85,4133.06,333.66,0,1
2023-05-15,North,Product C,Retail Partner,SMB,4559.51,11,4,3,4,0,62,2865.95,267.54,0,1
2023-05-15,South,Product A,Online,Enterprise,9760.46,37,10,8,10,0,201,5591.87,872.68,1,1
2023-05-15,South,Product A,Online,SMB,6868.63,25,10,8,10,0,123,3851.51,638.33,1,2
2023-05-15,South,Product A,Retail Partner,Enterprise,7463.28,28,8,6,8,0,136,4112.26,421.77,1,1
2023-05-15,South,Product A,Retail Partner,SMB,4526.25,17,6,5,6,0,87,2531.38,249.74,0,1
2023-05-15,South,Product B,Online,Enterprise,5253.27,28,8,6,8,1,149,3304.89,478.95,1,1
2023-05-15,South,Product B,Online,SMB,2972.09,16,6,5,6,0,96,1873.04,248.31,0,1
2023-05-15,South,Product B,Retail Partner,Enterprise,3681.39,19,5,4,5,0,98,2268.62,176.07,0,1
2023-05-15,South,Product B,Retail Partner,SMB,2461.12,13,5,4,5,0,78,1541.04,131.07,0,1
2023-05-15,South,Product C,Online,Enterprise,8612.93,20,6,5,6,0,107,5316.9,949.7,0,1
2023-05-15,South,Product C,Online,SMB,5525.22,13,5,4,5,0,65,3459.74,529.16,0,1
2023-05-15,South,Product C,Retail Partner,Enterprise,6154.4,15,4,3,4,0,74,3848.26,313.85,0,1
2023-05-15,South,Product C,Retail Partner,SMB,4450.94,11,4,3,4,0,50,2795.97,238.97,0,1
2023-05-15,East,Product A,Online,Enterprise,8918.93,33,9,7,9,1,166,4942.95,733.17,1,1
2023-05-15,East,Product A,Online,SMB,5805.0,22,8,6,8,1,103,3297.21,538.64,0,1
2023-05-15,East,Product A,Retail Partner,Enterprise,6707.99,25,7,6,7,0,115,3666.89,357.19,1,1
2023-05-15,East,Product A,Retail Partner,SMB,3791.69,14,5,4,5,0,74,2110.31,178.37,0,1
2023-05-15,East,Product B,Online,Enterprise,4560.42,25,7,6,7,0,118,2894.08,433.96,0,1
2023-05-15,East,Product B,Online,SMB,2899.98,16,6,5,6,0,79,1840.15,299.68,0,1
2023-05-15,East,Product B,Retail Partner,Enterprise,3313.72,18,5,4,5,0,82,2062.75,156.87,0,1
2023-05-15,East,Product B,Retail Partner,SMB,2045.9,11,4,3,4,0,55,1269.81,94.35,0,1
2023-05-15,East,Product C,Online,Enterprise,6993.47,17,5,4,5,0,94,4420.82,720.24,0,1
2023-05-15,East,Product C,Online,SMB,5335.57,13,5,4,5,0,61,3330.14,506.31,0,1
2023-05-15,East,Product C,Retail Partner,Enterprise,5289.81,13,4,3,4,0,64,3309.14,265.28,0,0
2023-05-15,East,Product C,Retail Partner,SMB,2932.83,7,3,2,3,0,39,1835.24,116.94,0,0
2023-05-15,West,Product A,Online,Enterprise,10882.48,41,12,9,12,1,208,6177.14,1065.0,1,2
2023-05-15,West,Product A,Online,SMB,7009.82,26,10,8,10,1,146,3999.82,598.18,1,2
2023-05-15,West,Product A,Retail Partner,Enterprise,7782.16,29,8,6,8,0,158,4372.4,356.36,1,1
2023-05-15,West,Product A,Retail Partner,SMB,5196.08,20,8,6,8,0,95,2950.03,265.76,1,1
2023-05-15,West,Product B,Online,Enterprise,5775.32,30,9,7,9,0,161,3619.36,513.61,0,1
2023-05-15,West,Product B,Online,SMB,3993.4,21,8,6,8,0,108,2505.07,364.48,0,1
2023-05-15,West,Product B,Retail Partner,Enterprise,4164.53,22,6,5,6,0,111,2640.11,218.81,0,1
2023-05-15,West,Product B,Retail Partner,SMB,2972.9,16,6,5,6,0,74,1849.61,157.57,1,1
2023-05-15,West,Product C,Online,Enterprise,9160.49,22,6,5,6,1,121,5668.92,808.12,0,1
2023-05-15,West,Product C,Online,SMB,6491.2,16,6,5,6,0,83,3904.09,614.43,0,1
2023-05-15,West,Product C,Retail Partner,Enterprise,7100.82,17,5,4,5,0,82,4353.21,445.8,0,1
2023-05-15,West,Product C,Retail Partner,SMB,4537.95,11,4,3,4,0,52,2780.41,245.77,0,1
2023-05-22,North,Product A,Online,Enterprise,11681.38,44,13,10,13,1,234,6709.11,1109.56,1,1
2023-05-22,North,Product A,Online,SMB,7763.93,28,11,8,11,0,146,4358.71,832.81,1,1
2023-05-22,North,Product A,Retail Partner,Enterprise,7889.17,30,8,7,8,0,164,4508.38,389.63,0,2
2023-05-22,North,Product A,Retail Partner,SMB,5830.87,22,8,6,8,0,122,3301.68,321.34,1,1
2023-05-22,North,Product B,Online,Enterprise,6009.88,32,9,7,9,0,159,3746.52,471.94,1,2
2023-05-22,North,Product B,Online,SMB,4043.26,21,8,7,8,0,114,2535.73,356.39,0,1
2023-05-22,North,Product B,Retail Partner,Enterprise,4631.05,24,7,5,7,1,128,2847.35,239.82,0,1
2023-05-22,North,Product B,Retail Partner,SMB,2896.39,15,6,5,6,0,79,1781.17,148.22,0,1
2023-05-22,North,Product C,Online,Enterprise,9955.86,24,7,5,7,0,122,6203.06,837.13,1,1
2023-05-22,North,Product C,Online,SMB,6389.42,15,6,5,6,0,82,3905.29,624.93,0,1
2023-05-22,North,Product C,Retail Partner,Enterprise,7168.91,17,5,4,5,0,92,4508.9,379.09,0,1
2023-05-22,North,Product C,Retail Partner,SMB,4353.11,11,4,3,4,0,63,2749.1,196.95,0,1
2023-05-22,South,Product A,Online,Enterprise,9044.39,33,9,7,9,0,197,5038.56,795.91,1,1
2023-05-22,South,Product A,Online,SMB,6665.72,25,10,8,10,0,119,3764.93,637.29,1,1
2023-05-22,South,Product A,Retail Partner,Enterprise,6759.31,25,7,5,7,0,146,3813.72,385.84,1,1
2023-05-22,South,Product A,Retail Partner,SMB,4524.78,17,6,5,6,0,92,2540.56,268.61,0,1
2023-05-22,South,Product B,Online,Enterprise,5022.91,26,7,6,7,1,154,3039.26,408.25,0,1
2023-05-22,South,Product B,Online,SMB,3016.63,16,6,5,6,0,95,1863.9,304.42,0,1
2023-05-22,South,Product B,Retail Partner,Enterprise,3273.03,17,5,4,5,0,103,2061.81,155.79,0,1
2023-05-22,South,Product B,Retail Partner,SMB,2256.6,12,5,3,5,0,68,1410.41,119.77,0,0
2023-05-22,South,Product C,Online,Enterprise,7662.89,19,5,4,5,0,105,4894.79,766.64,0,1
2023-05-22,South,Product C,Online,SMB,5539.69,13,5,4,5,0,69,3491.33,556.19,0,1
2023-05-22,South,Product C,Retail Partner,Enterprise,5773.27,14,4,3,4,0,72,3630.49,274.98,0,1
2023-05-22,South,Product C,Retail Partner,SMB,3470.34,8,3,2,3,0,50,2177.63,160.48,0,1
2023-05-22,East,Product A,Online,Enterprise,8480.86,32,9,7,9,0,159,4776.74,810.99,1,2
2023-05-22,East,Product A,Online,SMB,5495.32,20,8,6,8,0,100,3048.1,549.22,1,1
2023-05-22,East,Product A,Retail Partner,Enterprise,5720.55,21,6,5,6,0,125,3188.14,324.85,0,1
2023-05-22,East,Product A,Retail Partner,SMB,3947.72,15,6,4,6,0,81,2183.28,176.36,0,1
2023-05-22,East,Product B,Online,Enterprise,4508.92,23,7,5,7,0,120,2704.2,425.84,0,1
2023-05-22,East,Product B,Online,SMB,3082.62,16,6,5,6,0,78,1925.05,273.87,0,1
2023-05-22,East,Product B,Retail Partner,Enterprise,3122.27,16,5,3,5,0,91,1947.56,149.64,0,1
2023-05-22,East,Product B,Retail Partner,SMB,1903.83,10,4,3,4,0,57,1159.89,105.03,0,0
2023-05-22,East,Product C,Online,Enterprise,7019.89,17,5,4,5,0,95,4429.57,718.19,0,1
2023-05-22,East,Product C,Online,SMB,4449.02,11,4,3,4,0,58,2847.23,466.51,0,1
2023-05-22,East,Product C,Retail Partner,Enterprise,4692.87,11,3,2,3,0,63,2900.87,234.41,0,1
2023-05-22,East,Product C,Retail Partner,SMB,3662.7,9,3,3,3,0,40,2277.78,183.96,0,0
2023-05-22,West,Product A,Online,Enterprise,11307.05,42,12,9,12,0,212,6234.98,1171.43,1,2
2023-05-22,West,Product A,Online,SMB,7067.06,26,10,8,10,1,135,3985.81,647.25,1,1
2023-05-22,West,Product A,Retail Partner,Enterprise,7991.58,30,8,7,8,0,164,4440.69,400.71,0,1
2023-05-22,West,Product A,Retail Partner,SMB,5353.27,20,8,6,8,0,102,2979.91,237.17,0,1
2023-05-22,West,Product B,Online,Enterprise,6138.88,32,9,7,9,0,162,3736.51,623.91,1,1
2023-05-22,West,Product B,Online,SMB,3905.79,20,8,6,8,0,98,2371.58,352.65,0,1
2023-05-22,West,Product B,Retail Partner,Enterprise,4188.35,22,6,5,6,0,107,2610.64,215.5,0,1
2023-05-22,West,Product B,Retail Partner,SMB,2990.29,16,6,5,6,0,72,1841.24,168.59,0,1
2023-05-22,West,Product C,Online,Enterprise,9323.39,22,6,5,6,0,102,5819.33,910.16,0,1
2023-05-22,West,Product C,Online,SMB,6290.14,15,6,5,6,0,76,3985.45,615.61,0,1
2023-05-22,West,Product C,Retail Partner,Enterprise,6988.21,17,5,3,5,0,75,4268.82,410.72,0,1
2023-05-22,West,Product C,Retail Partner,SMB,4488.91,11,4,3,4,0,50,2822.5,215.34,0,1
2023-05-29,North,Product A,Online,Enterprise,12435.42,46,13,10,13,1,241,6915.94,1221.07,1,2
2023-05-29,North,Product A,Online,SMB,8077.55,30,12,9,12,0,161,4489.75,738.1,1,2
2023-05-29,North,Product A,Retail Partner,Enterprise,9036.79,33,9,7,9,0,177,4894.29,485.63,1,1
2023-05-29,North,Product A,Retail Partner,SMB,5972.6,22,9,7,9,0,119,3367.05,330.76,1,1
2023-05-29,North,Product B,Online,Enterprise,6200.76,33,9,8,9,0,168,3849.39,622.93,1,1
2023-05-29,North,Product B,Online,SMB,4428.48,23,9,7,9,1,117,2734.61,382.96,1,1
2023-05-29,North,Product B,Retail Partner,Enterprise,4118.49,22,6,5,6,0,115,2579.54,222.04,0,1
2023-05-29,North,Product B,Retail Partner,SMB,3356.36,18,7,5,7,0,68,2086.07,182.84,0,1
2023-05-29,North,Product C,Online,Enterprise,9279.92,22,6,5,6,0,127,5761.23,883.42,0,1
2023-05-29,North,Product C,Online,SMB,6587.21,16,6,5,6,0,89,4048.42,577.07,0,1
2023-05-29,North,Product C,Retail Partner,Enterprise,7386.72,18,5,4,5,0,86,4701.1,439.1,0,1
2023-05-29,North,Product C,Retail Partner,SMB,4630.29,11,4,3,4,0,61,2883.93,244.85,0,1
2023-05-29,South,Product A,Online,Enterprise,10207.22,38,11,8,11,1,198,5752.04,951.38,1,2
2023-05-29,South,Product A,Online,SMB,5645.52,21,8,6,8,0,127,3101.58,610.34,0,1
2023-05-29,South,Product A,Retail Partner,Enterprise,7819.49,29,8,7,8,0,135,4353.72,443.0,1,1
2023-05-29,South,Product A,Retail Partner,SMB,4817.88,18,7,5,7,0,87,2719.12,248.44,0,1
2023-05-29,South,Product B,Online,Enterprise,5206.94,27,8,6,8,0,142,3218.72,490.51,0,1
2023-05-29,South,Product B,Online,SMB,3220.3,17,6,5,6,0,100,1986.35,295.62,0,1
2023-05-29,South,Product B,Retail Partner,Enterprise,3617.44,19,5,4,5,0,96,2272.55,172.1,0,1
2023-05-29,South,Product B,Retail Partner,SMB,2298.52,12,5,4,5,0,62,1433.11,115.64,0,1
2023-05-29,South,Product C,Online,Enterprise,7798.37,19,5,4,5,0,116,4798.88,731.62,0,1
2023-05-29,South,Product C,Online,SMB,5600.57,13,5,4,5,0,68,3440.09,487.11,0,1
2023-05-29,South,Product C,Retail Partner,Enterprise,6122.76,15,4,3,4,0,73,3789.47,330.07,0,1
2023-05-29,South,Product C,Retail Partner,SMB,4071.25,10,4,3,4,0,52,2569.46,207.05,0,1
2023-05-29,East,Product A,Online,Enterprise,8637.23,32,9,7,9,1,169,4896.19,769.75,1,1
2023-05-29,East,Product A,Online,SMB,5153.33,19,7,6,7,0,104,2912.38,478.37,1,1
2023-05-29,East,Product A,Retail Partner,Enterprise,5982.3,22,6,5,6,0,119,3345.88,358.69,0,1
2023-05-29,East,Product A,Retail Partner,SMB,3916.3,14,5,4,5,0,76,2131.59,179.67,0,1
2023-05-29,East,Product B,Online,Enterprise,4280.63,22,6,5,6,0,117,2658.48,414.77,0,1
2023-05-29,East,Product B,Online,SMB,2892.81,15,6,4,6,0,77,1772.56,275.09,0,1
2023-05-29,East,Product B,Retail Partner,Enterprise,3194.87,16,5,4,5,0,89,1943.87,134.02,0,1
2023-05-29,East,Product B,Retail Partner,SMB,2074.35,11,4,3,4,0,57,1276.11,109.94,0,1
2023-05-29,East,Product C,Online,Enterprise,6535.77,16,4,3,4,0,86,4122.55,585.63,0,1
2023-05-29,East,Product C,Online,SMB,4695.25,11,4,4,4,0,56,2961.27,402.81,0,1
2023-05-29,East,Product C,Retail Partner,Enterprise,4974.71,12,3,3,3,0,64,3064.89,249.07,0,1
2023-05-29,East,Product C,Retail Partner,SMB,3109.2,8,3,2,3,0,42,2016.54,150.93,0,0
2023-05-29,West,Product A,Online,Enterprise,11021.99,41,12,9,12,1,217,5942.19,976.11,1,1
2023-05-29,West,Product A,Online,SMB,6941.46,26,10,7,10,0,143,3876.31,607.16,1,1
2023-05-29,West,Product A,Retail Partner,Enterprise,7877.65,29,8,7,8,0,160,4361.41,430.13,1,1
2023-05-29,West,Product A,Retail Partner,SMB,4767.32,18,7,5,7,0,106,2718.03,250.78,0,1
2023-05-29,West,Product B,Online,Enterprise,5802.87,30,9,7,9,0,170,3581.07,581.64,1,1
2023-05-29,West,Product B,Online,SMB,4013.17,21,8,7,8,0,100,2438.9,342.33,1,1
2023-05-29,West,Product B,Retail Partner,Enterprise,4037.81,21,6,5,6,0,119,2442.82,183.68,0,1
2023-05-29,West,Product B,Retail Partner,SMB,2851.51,15,6,4,6,0,72,1762.95,171.64,0,1
2023-05-29,West,Product C,Online,Enterprise,10287.84,24,7,6,7,0,116,6237.65,937.56,0,1
2023-05-29,West,Product C,Online,SMB,6867.16,17,6,5,6,0,77,4264.34,620.94,0,1
2023-05-29,West,Product C,Retail Partner,Enterprise,6753.81,16,5,4,5,0,85,4332.24,317.14,0,1
2023-05-29,West,Product C,Retail Partner,SMB,4067.08,10,4,3,4,0,54,2548.43,214.69,0,1
2023-06-05,North,Product A,Online,Enterprise,12866.08,48,14,11,14,1,218,7269.82,1153.05,1,2
2023-06-05,North,Product A,Online,SMB,8070.69,30,12,9,12,1,156,4531.88,792.3,1,2
2023-06-05,North,Product A,Retail Partner,Enterprise,8341.16,31,9,7,9,0,160,4784.76,422.5,1,1
2023-06-05,North,Product A,Retail Partner,SMB,6035.8,22,8,7,8,0,97,3346.23,312.08,0,1
2023-06-05,North,Product B,Online,Enterprise,6337.93,33,10,7,10,0,159,3882.67,565.85,1,1
2023-06-05,North,Product B,Online,SMB,4521.58,24,9,7,9,0,108,2817.42,386.55,1,1
2023-06-05,North,Product B,Retail Partner,Enterprise,4536.1,23,7,5,7,0,123,2767.04,230.7,0,1
2023-06-05,North,Product B,Retail Partner,SMB,3058.72,16,6,5,6,0,87,1876.62,154.27,0,1
2023-06-05,North,Product C,Online,Enterprise,9309.47,23,6,5,6,0,125,5848.69,789.03,0,1
2023-06-05,North,Product C,Online,SMB,6513.0,16,6,5,6,0,88,4051.25,566.95,0,1
2023-06-05,North,Product C,Retail Partner,Enterprise,7902.52,19,5,4,5,0,86,4895.13,402.38,0,1
2023-06-05,North,Product C,Retail Partner,SMB,4988.6,12,5,4,5,0,55,3090.66,242.73,0,1
2023-06-05,South,Product A,Online,Enterprise,10866.6,40,12,9,12,1,205,6067.69,1021.64,1,2
2023-06-05,South,Product A,Online,SMB,7061.76,26,10,8,10,0,120,3942.33,737.4,1,1
2023-06-05,South,Product A,Retail Partner,Enterprise,6775.72,25,7,5,7,0,138,3747.16,336.83,0,1
2023-06-05,South,Product A,Retail Partner,SMB,4488.76,17,6,5,6,0,86,2505.67,256.18,0,1
2023-06-05,South,Product B,Online,Enterprise,5247.15,27,8,6,8,0,149,3250.0,541.87,0,1
2023-06-05,South,Product B,Online,SMB,3740.47,20,8,6,8,0,93,2278.46,440.8,0,1
2023-06-05,South,Product B,Retail Partner,Enterprise,3748.66,20,6,4,6,0,100,2324.47,188.98,0,1
2023-06-05,South,Product B,Retail Partner,SMB,2486.86,13,5,4,5,0,73,1504.31,125.55,0,1
2023-06-05,South,Product C,Online,Enterprise,7931.29,19,5,4,5,0,108,4913.64,806.95,0,1
2023-06-05,South,Product C,Online,SMB,4620.46,11,4,3,4,0,64,2973.48,417.44,0,1
2023-06-05,South,Product C,Retail Partner,Enterprise,5819.3,14,4,3,4,0,71,3620.77,309.55,0,1
2023-06-05,South,Product C,Retail Partner,SMB,4322.81,10,4,3,4,0,53,2670.64,236.18,0,1
2023-06-05,East,Product A,Online,Enterprise,8365.88,31,9,7,9,1,170,4590.1,751.37,1,1
2023-06-05,East,Product A,Online,SMB,5734.51,21,8,6,8,0,103,3198.87,525.03,0,1
2023-06-05,East,Product A,Retail Partner,Enterprise,6578.39,24,7,5,7,0,119,3663.35,321.96,0,1
2023-06-05,East,Product A,Retail Partner,SMB,4141.48,15,6,4,6,0,80,2322.06,229.57,0,1
2023-06-05,East,Product B,Online,Enterprise,4474.86,23,7,5,7,0,122,2710.34,434.47,0,1
2023-06-05,East,Product B,Online,SMB,2789.91,14,6,4,6,0,83,1706.87,236.83,0,1
2023-06-05,East,Product B,Retail Partner,Enterprise,3119.31,16,5,4,5,0,95,1931.86,151.09,0,0
2023-06-05,East,Product B,Retail Partner,SMB,2251.69,12,5,4,5,0,58,1410.07,124.43,0,0
2023-06-05,East,Product C,Online,Enterprise,7094.61,17,5,3,5,0,87,4406.95,674.27,0,1
2023-06-05,East,Product C,Online,SMB,4355.44,10,4,3,4,0,59,2666.4,383.29,0,1
2023-06-05,East,Product C,Retail Partner,Enterprise,5023.71,12,3,3,3,0,69,3155.36,269.7,0,0
2023-06-05,East,Product C,Retail Partner,SMB,3355.76,8,3,2,3,0,42,2107.34,143.68,0,0
2023-06-05,West,Product A,Online,Enterprise,11770.08,43,12,9,12,0,213,6513.07,1046.07,1,2
2023-06-05,West,Product A,Online,SMB,8024.25,29,11,8,11,0,145,4514.69,745.43,1,2
2023-06-05,West,Product A,Retail Partner,Enterprise,8033.08,30,9,6,9,0,173,4540.78,414.9,1,1
2023-06-05,West,Product A,Retail Partner,SMB,5515.58,21,8,6,8,0,110,3108.81,294.57,1,1
2023-06-05,West,Product B,Online,Enterprise,6288.83,33,9,7,9,1,163,3807.07,598.0,1,1
2023-06-05,West,Product B,Online,SMB,3818.52,20,8,6,8,0,103,2361.2,391.5,1,1
2023-06-05,West,Product B,Retail Partner,Enterprise,3857.86,20,6,4,6,0,118,2391.48,206.35,0,1
2023-06-05,West,Product B,Retail Partner,SMB,2660.42,14,5,4,5,0,75,1651.24,147.98,0,1
2023-06-05,West,Product C,Online,Enterprise,9710.23,24,7,5,7,0,118,6135.19,1005.67,0,1
2023-06-05,West,Product C,Online,SMB,6131.13,15,6,4,6,0,78,3788.71,594.25,0,1
2023-06-05,West,Product C,Retail Partner,Enterprise,6340.35,15,4,3,4,0,82,4039.2,324.84,0,1
2023-06-05,West,Product C,Retail Partner,SMB,4386.78,11,4,3,4,0,54,2727.89,253.09,0,1
2023-06-12,North,Product A,Online,Enterprise,10799.85,41,12,9,12,1,232,6214.74,1026.38,1,2
2023-06-12,North,Product A,Online,SMB,7900.29,29,11,9,11,0,160,4547.23,748.25,1,1
2023-06-12,North,Product A,Retail Partner,Enterprise,9297.04,34,10,7,10,1,162,5073.66,446.83,1,1
2023-06-12,North,Product A,Retail Partner,SMB,5406.3,20,8,6,8,0,112,3040.27,268.4,0,1
2023-06-12,North,Product B,Online,Enterprise,6415.34,33,9,8,9,1,176,3937.69,675.36,1,1
2023-06-12,North,Product B,Online,SMB,4280.02,22,9,7,9,0,111,2703.49,347.27,0,1
2023-06-12,North,Product B,Retail Partner,Enterprise,4433.87,23,7,5,7,0,119,2776.73,240.76,0,1
2023-06-12,North,Product B,Retail Partner,SMB,2986.74,16,6,5,6,0,77,1883.03,165.87,0,1
2023-06-12,North,Product C,Online,Enterprise,10238.6,25,7,5,7,0,139,6364.06,1078.57,0,1
2023-06-12,North,Product C,Online,SMB,7253.05,17,7,5,7,0,80,4547.77,743.55,0,1
2023-06-12,North,Product C,Retail Partner,Enterprise,8254.04,19,6,4,6,0,97,5006.32,404.97,0,1
2023-06-12,North,Product C,Retail Partner,SMB,5021.84,12,5,4,5,0,58,3205.03,264.92,0,1
2023-06-12,South,Product A,Online,Enterprise,10630.02,39,11,9,11,1,189,5842.33,886.53,1,1
2023-06-12,South,Product A,Online,SMB,6331.75,24,9,8,9,0,120,3606.02,580.36,1,1
2023-06-12,South,Product A,Retail Partner,Enterprise,7237.5,27,8,6,8,0,145,4175.82,415.32,0,1
2023-06-12,South,Product A,Retail Partner,SMB,4891.52,18,7,6,7,0,97,2665.18,277.73,1,1
2023-06-12,South,Product B,Online,Enterprise,5003.25,26,7,6,7,0,149,3069.32,413.62,1,1
2023-06-12,South,Product B,Online,SMB,3726.3,19,7,6,7,0,91,2311.26,358.63,0,1
2023-06-12,South,Product B,Retail Partner,Enterprise,3999.06,21,6,5,6,0,106,2477.96,200.26,1,1
2023-06-12,South,Product B,Retail Partner,SMB,2755.49,14,5,4,5,0,58,1640.03,141.91,0,1
2023-06-12,South,Product C,Online,Enterprise,7798.42,19,5,4,5,0,111,4886.13,735.11,0,1
2023-06-12,South,Product C,Online,SMB,5419.27,13,5,4,5,0,68,3330.88,607.52,0,1
2023-06-12,South,Product C,Retail Partner,Enterprise,5914.13,14,4,3,4,0,77,3752.91,342.5,0,1
2023-06-12,South,Product C,Retail Partner,SMB,4059.7,10,4,3,4,0,48,2511.29,223.78,0,1
2023-06-12,East,Product A,Online,Enterprise,8350.01,31,9,7,9,0,174,4687.17,776.46,0,1
2023-06-12,East,Product A,Online,SMB,5684.75,21,8,7,8,0,110,3163.92,468.24,1,1
2023-06-12,East,Product A,Retail Partner,Enterprise,6552.07,24,7,5,7,0,123,3622.21,374.59,0,1
2023-06-12,East,Product A,Retail Partner,SMB,3963.03,14,6,4,6,0,74,2168.84,214.6,0,1
2023-06-12,East,Product B,Online,Enterprise,4344.14,23,6,5,6,0,139,2702.9,406.18,0,1
2023-06-12,East,Product B,Online,SMB,2983.33,15,6,5,6,0,85,1827.45,282.3,0,1
2023-06-12,East,Product B,Retail Partner,Enterprise,3148.78,16,5,4,5,0,91,1923.24,221.81,0,1
2023-06-12,East,Product B,Retail Partner,SMB,2097.47,11,4,3,4,0,57,1313.4,110.44,0,1
2023-06-12,East,Product C,Online,Enterprise,6601.09,16,5,3,5,0,94,4122.06,626.95,0,1
2023-06-12,East,Product C,Online,SMB,5153.58,12,5,4,5,0,62,3193.12,498.25,0,1
2023-06-12,East,Product C,Retail Partner,Enterprise,5242.99,13,4,3,4,0,68,3314.71,282.85,0,1
2023-06-12,East,Product C,Retail Partner,SMB,3398.91,8,3,3,3,0,46,2140.38,196.07,0,1
2023-06-12,West,Product A,Online,Enterprise,11473.6,42,12,10,12,0,258,6383.66,1275.92,1,1
2023-06-12,West,Product A,Online,SMB,8184.36,30,12,9,12,0,144,4620.16,751.36,1,2
2023-06-12,West,Product A,Retail Partner,Enterprise,7894.92,29,8,7,8,0,152,4384.88,390.32,0,1
2023-06-12,West,Product A,Retail Partner,SMB,5279.67,20,8,6,8,0,98,2937.59,251.7,0,1
2023-06-12,West,Product B,Online,Enterprise,5735.87,30,9,7,9,1,165,3562.17,542.22,0,2
2023-06-12,West,Product B,Online,SMB,3513.13,18,7,5,7,0,100,2152.39,315.21,1,1
2023-06-12,West,Product B,Retail Partner,Enterprise,4167.16,22,6,5,6,0,110,2583.95,217.77,0,1
2023-06-12,West,Product B,Retail Partner,SMB,2696.89,14,5,4,5,0,74,1686.8,147.69,1,1
2023-06-12,West,Product C,Online,Enterprise,9026.41,22,6,5,6,0,114,5567.4,822.56,0,1
2023-06-12,West,Product C,Online,SMB,6076.76,15,6,4,6,0,76,3761.75,538.63,0,1
2023-06-12,West,Product C,Retail Partner,Enterprise,6972.32,17,5,4,5,0,86,4367.47,361.96,0,1
2023-06-12,West,Product C,Retail Partner,SMB,4575.2,11,4,3,4,0,63,2895.91,212.9,0,1
2023-06-19,North,Product A,Online,Enterprise,13052.78,47,14,11,14,1,218,7164.18,1014.41,1,2
2023-06-19,North,Product A,Online,SMB,7409.77,27,10,8,10,0,150,4075.22,707.9,1,1
2023-06-19,North,Product A,Retail Partner,Enterprise,9800.25,36,10,8,10,1,179,5350.51,530.57,1,2
2023-06-19,North,Product A,Retail Partner,SMB,5775.61,21,8,6,8,0,106,3236.39,335.27,0,1
2023-06-19,North,Product B,Online,Enterprise,6041.5,31,9,7,9,0,170,3747.75,543.26,1,1
2023-06-19,North,Product B,Online,SMB,3852.66,20,8,6,8,0,120,2360.68,342.89,1,1
2023-06-19,North,Product B,Retail Partner,Enterprise,3886.18,21,6,5,6,0,118,2513.42,199.97,0,1
2023-06-19,North,Product B,Retail Partner,SMB,3270.81,17,7,5,7,0,77,2009.05,177.58,0,1
2023-06-19,North,Product C,Online,Enterprise,10304.81,25,7,6,7,0,134,6352.34,1013.36,0,1
2023-06-19,North,Product C,Online,SMB,6737.18,16,6,5,6,0,84,4168.67,542.65,0,1
2023-06-19,North,Product C,Retail Partner,Enterprise,7218.53,17,5,4,5,0,100,4622.81,396.79,0,1
2023-06-19,North,Product C,Retail Partner,SMB,4995.69,12,5,4,5,0,57,3079.37,269.14,0,1
2023-06-19,South,Product A,Online,Enterprise,9134.35,35,10,8,10,0,199,5240.54,789.01,1,1
2023-06-19,South,Product A,Online,SMB,6494.98,24,9,7,9,0,124,3688.62,620.75,0,2
2023-06-19,South,Product A,Retail Partner,Enterprise,7532.99,28,8,6,8,0,138,4108.4,393.46,1,1
2023-06-19,South,Product A,Retail Partner,SMB,4822.97,18,7,5,7,0,90,2686.88,243.85,0,1
2023-06-19,South,Product B,Online,Enterprise,5270.05,28,8,6,8,0,138,3297.54,449.78,1,1
2023-06-19,South,Product B,Online,SMB,3289.35,17,7,5,7,0,97,2007.37,314.58,0,1
2023-06-19,South,Product B,Retail Partner,Enterprise,3799.12,20,6,5,6,0,99,2432.71,213.2,0,1
2023-06-19,South,Product B,Retail Partner,SMB,2559.57,13,5,4,5,0,63,1536.48,130.6,0,1
2023-06-19,South,Product C,Online,Enterprise,7135.32,17,5,4,5,0,94,4496.81,658.61,0,1
2023-06-19,South,Product C,Online,SMB,5014.4,12,5,4,5,0,71,3073.62,445.15,0,1
2023-06-19,South,Product C,Retail Partner,Enterprise,6005.66,14,4,3,4,0,75,3767.9,310.02,0,1
2023-06-19,South,Product C,Retail Partner,SMB,3914.3,9,4,3,4,0,55,2447.95,203.94,0,1
2023-06-19,East,Product A,Online,Enterprise,9021.42,33,9,7,9,0,180,4926.22,835.39,1,1
2023-06-19,East,Product A,Online,SMB,5904.99,22,8,6,8,0,113,3266.21,552.08,0,1
2023-06-19,East,Product A,Retail Partner,Enterprise,6026.07,23,6,5,6,0,125,3361.86,355.7,0,1
2023-06-19,East,Product A,Retail Partner,SMB,4081.57,15,6,5,6,0,81,2282.25,179.11,0,1
2023-06-19,East,Product B,Online,Enterprise,4704.17,24,7,6,7,1,118,2911.18,394.43,0,1
2023-06-19,East,Product B,Online,SMB,2679.35,14,5,4,5,0,79,1682.3,254.17,1,1
2023-06-19,East,Product B,Retail Partner,Enterprise,3411.3,18,5,4,5,0,85,2135.08,209.49,0,1
2023-06-19,East,Product B,Retail Partner,SMB,2144.03,11,4,3,4,0,54,1334.15,105.03,0,1
2023-06-19,East,Product C,Online,Enterprise,7430.84,18,5,4,5,0,92,4603.91,717.34,0,1
2023-06-19,East,Product C,Online,SMB,4689.97,11,4,3,4,0,56,2937.78,446.29,0,1
2023-06-19,East,Product C,Retail Partner,Enterprise,4834.84,12,3,3,3,0,65,3063.19,264.9,0,1
2023-06-19,East,Product C,Retail Partner,SMB,3227.45,8,3,2,3,0,45,2000.89,147.97,0,0
2023-06-19,West,Product A,Online,Enterprise,11049.6,41,12,9,12,1,216,6208.04,993.61,0,2
2023-06-19,West,Product A,Online,SMB,7695.23,29,11,9,11,0,144,4313.13,661.23,1,2
2023-06-19,West,Product A,Retail Partner,Enterprise,7670.76,29,8,6,8,0,154,4414.13,374.17,0,1
2023-06-19,West,Product A,Retail Partner,SMB,5363.06,20,8,6,8,0,96,2963.62,271.95,1,1
2023-06-19,West,Product B,Online,Enterprise,5847.97,31,9,7,9,0,161,3567.06,545.0,1,1
2023-06-19,West,Product B,Online,SMB,4119.3,21,8,6,8,0,104,2525.69,431.22,1,1
2023-06-19,West,Product B,Retail Partner,Enterprise,3949.42,20,6,5,6,0,127,2410.37,215.13,0,1
2023-06-19,West,Product B,Retail Partner,SMB,2892.48,15,6,4,6,0,77,1811.98,153.29,0,1
2023-06-19,West,Product C,Online,Enterprise,9782.98,24,7,6,7,0,123,6266.7,899.19,0,1
2023-06-19,West,Product C,Online,SMB,5971.19,14,6,4,6,0,75,3742.96,583.84,0,1
2023-06-19,West,Product C,Retail Partner,Enterprise,7268.8,17,5,4,5,0,86,4399.24,418.11,0,1
2023-06-19,West,Product C,Retail Partner,SMB,4499.07,11,4,3,4,0,58,2849.33,233.42,0,1
2023-06-26,North,Product A,Online,Enterprise,13221.65,49,14,10,14,1,249,7472.74,1164.96,1,2
2023-06-26,North,Product A,Online,SMB,7778.59,29,11,9,11,1,159,4320.48,724.8,1,1
2023-06-26,North,Product A,Retail Partner,Enterprise,8792.35,32,9,7,9,0,171,4938.92,455.44,1,1
2023-06-26,North,Product A,Retail Partner,SMB,5323.15,20,8,6,8,0,108,3027.77,279.07,0,1
2023-06-26,North,Product B,Online,Enterprise,6239.21,32,9,7,9,0,190,3732.68,593.79,1,1
2023-06-26,North,Product B,Online,SMB,4624.77,24,9,7,9,0,116,2863.39,369.61,1,1
2023-06-26,North,Product B,Retail Partner,Enterprise,4830.41,25,7,5,7,0,116,2977.1,234.71,0,1
2023-06-26,North,Product B,Retail Partner,SMB,3067.75,16,6,5,6,0,81,1893.9,135.26,0,1
2023-06-26,North,Product C,Online,Enterprise,9925.65,24,7,5,7,0,130,6046.26,940.42,0,1
2023-06-26,North,Product C,Online,SMB,7647.47,18,7,5,7,0,89,4771.57,714.75,1,1
2023-06-26,North,Product C,Retail Partner,Enterprise,8048.78,19,5,4,5,0,89,4918.58,415.08,0,1
2023-06-26,North,Product C,Retail Partner,SMB,5164.08,12,5,4,5,0,64,3233.93,245.83,0,1
2023-06-26,South,Product A,Online,Enterprise,9890.81,36,10,8,10,0,182,5520.19,949.15,1,1
2023-06-26,South,Product A,Online,SMB,6460.38,25,9,8,9,0,131,3711.61,600.94,1,1
2023-06-26,South,Product A,Retail Partner,Enterprise,7447.14,28,8,6,8,0,144,4158.16,347.78,0,1
2023-06-26,South,Product A,Retail Partner,SMB,4647.64,17,7,5,7,0,98,2631.43,262.01,0,1
2023-06-26,South,Product B,Online,Enterprise,5000.38,27,8,6,8,0,138,3134.21,440.02,0,1
2023-06-26,South,Product B,Online,SMB,3855.43,20,8,6,8,0,94,2360.45,330.31,1,1
2023-06-26,South,Product B,Retail Partner,Enterprise,3852.45,20,6,4,6,1,103,2299.2,198.62,0,1
2023-06-26,South,Product B,Retail Partner,SMB,2327.36,12,5,3,5,0,67,1406.66,105.78,0,1
2023-06-26,South,Product C,Online,Enterprise,8662.19,21,6,5,6,0,100,5378.17,805.68,0,1
2023-06-26,South,Product C,Online,SMB,5425.45,13,5,4,5,0,67,3343.27,453.83,0,1
2023-06-26,South,Product C,Retail Partner,Enterprise,5401.53,13,4,3,4,0,77,3307.62,266.38,0,0
2023-06-26,South,Product C,Retail Partner,SMB,3880.62,9,4,3,4,0,48,2406.2,213.71,0,1
2023-06-26,East,Product A,Online,Enterprise,7950.89,29,8,7,8,0,178,4395.47,815.86,1,1
2023-06-26,East,Product A,Online,SMB,5711.39,21,8,7,8,0,108,3097.17,567.99,1,1
2023-06-26,East,Product A,Retail Partner,Enterprise,6278.27,23,7,6,7,1,113,3542.69,370.0,0,1
2023-06-26,East,Product A,Retail Partner,SMB,3818.4,14,6,4,6,0,79,2170.9,202.53,0,1
2023-06-26,East,Product B,Online,Enterprise,4640.82,24,7,5,7,0,115,2877.82,461.53,0,1
2023-06-26,East,Product B,Online,SMB,3194.82,17,6,5,6,0,86,1966.4,320.99,0,1
2023-06-26,East,Product B,Retail Partner,Enterprise,3383.81,18,5,4,5,0,88,2164.21,160.65,0,1
2023-06-26,East,Product B,Retail Partner,SMB,2400.77,13,5,4,5,0,62,1490.82,132.79,0,1
2023-06-26,East,Product C,Online,Enterprise,8032.8,19,5,4,5,0,88,4923.96,858.56,0,1
2023-06-26,East,Product C,Online,SMB,4208.68,10,4,3,4,0,62,2588.38,395.59,0,0
2023-06-26,East,Product C,Retail Partner,Enterprise,5456.98,13,4,3,4,0,67,3357.29,296.01,0,1
2023-06-26,East,Product C,Retail Partner,SMB,3731.69,9,3,3,3,0,41,2264.66,229.74,0,1
2023-06-26,West,Product A,Online,Enterprise,10495.1,40,11,8,11,1,237,5982.31,1003.66,1,2
2023-06-26,West,Product A,Online,SMB,7627.96,28,11,8,11,0,143,4208.3,769.42,1,2
2023-06-26,West,Product A,Retail Partner,Enterprise,7771.29,29,8,7,8,0,159,4366.14,418.02,0,1
2023-06-26,West,Product A,Retail Partner,SMB,4887.74,18,7,5,7,0,105,2723.01,244.75,0,1
2023-06-26,West,Product B,Online,Enterprise,5619.58,30,9,7,9,0,160,3540.21,569.53,1,1
2023-06-26,West,Product B,Online,SMB,4083.88,21,8,6,8,0,110,2502.76,376.48,0,1
2023-06-26,West,Product B,Retail Partner,Enterprise,4205.76,22,6,5,6,0,112,2598.41,209.14,1,1
2023-06-26,West,Product B,Retail Partner,SMB,2712.07,14,6,4,6,0,78,1681.55,129.91,0,1
2023-06-26,West,Product C,Online,Enterprise,9207.89,22,6,5,6,0,127,5707.22,1005.39,0,1
2023-06-26,West,Product C,Online,SMB,6351.93,15,6,5,6,0,81,3997.07,606.5,0,1
2023-06-26,West,Product C,Retail Partner,Enterprise,7214.36,17,5,4,5,0,91,4553.78,370.95,0,1
2023-06-26,West,Product C,Retail Partner,SMB,4222.64,10,4,3,4,0,54,2737.9,228.89,0,1
2023-07-03,North,Product A,Online,Enterprise,12670.57,47,13,11,13,1,211,7083.21,1144.44,1,2
2023-07-03,North,Product A,Online,SMB,7544.02,28,11,8,11,0,146,4176.45,704.65,1,1
2023-07-03,North,Product A,Retail Partner,Enterprise,7896.0,29,8,7,8,0,161,4457.46,368.61,0,2
2023-07-03,North,Product A,Retail Partner,SMB,5287.48,20,8,6,8,0,113,3020.59,306.27,0,1
2023-07-03,North,Product B,Online,Enterprise,5903.2,31,9,7,9,1,187,3597.91,506.55,1,1
2023-07-03,North,Product B,Online,SMB,4114.62,22,8,7,8,0,114,2614.47,372.29,1,1
2023-07-03,North,Product B,Retail Partner,Enterprise,4432.78,23,7,5,7,0,121,2707.44,212.56,0,1
2023-07-03,North,Product B,Retail Partner,SMB,3033.17,16,6,5,6,0,80,1830.0,155.65,0,1
2023-07-03,North,Product C,Online,Enterprise,10068.56,24,7,5,7,0,141,6278.61,939.94,0,1
2023-07-03,North,Product C,Online,SMB,6132.26,15,6,4,6,0,97,3803.66,684.05,0,1
2023-07-03,North,Product C,Retail Partner,Enterprise,7360.1,18,5,4,5,0,95,4700.28,374.73,0,1
2023-07-03,North,Product C,Retail Partner,SMB,4656.9,11,4,3,4,0,58,2910.65,232.82,0,1
2023-07-03,South,Product A,Online,Enterprise,10154.68,37,11,8,11,1,196,5620.83,972.91,1,2
2023-07-03,South,Product A,Online,SMB,6293.66,23,9,7,9,0,138,3525.7,605.31,1,1
2023-07-03,South,Product A,Retail Partner,Enterprise,7488.98,27,8,6,8,0,135,4180.3,395.63,0,1
2023-07-03,South,Product A,Retail Partner,SMB,5321.65,19,7,6,7,0,94,2887.05,257.6,0,1
2023-07-03,South,Product B,Online,Enterprise,4897.23,26,7,6,7,0,148,3036.58,450.63,1,1
2023-07-03,South,Product B,Online,SMB,3647.29,19,7,6,7,0,94,2277.69,371.71,0,1
2023-07-03,South,Product B,Retail Partner,Enterprise,4024.88,21,6,5,6,0,104,2520.19,227.74,0,1
2023-07-03,South,Product B,Retail Partner,SMB,2564.94,13,5,4,5,0,68,1598.76,127.26,0,1
2023-07-03,South,Product C,Online,Enterprise,8311.12,20,6,4,6,0,102,5195.77,793.1,0,1
2023-07-03,South,Product C,Online,SMB,5200.63,12,5,4,5,0,71,3210.19,435.43,0,1
2023-07-03,South,Product C,Retail Partner,Enterprise,6013.13,14,4,3,4,0,78,3779.71,320.17,0,1
2023-07-03,South,Product C,Retail Partner,SMB,4130.0,10,4,3,4,0,53,2601.54,205.42,0,0
2023-07-03,East,Product A,Online,Enterprise,8414.65,30,9,6,9,0,168,4600.91,825.14,1,1
2023-07-03,East,Product A,Online,SMB,5855.99,22,8,7,8,0,112,3316.67,618.44,1,2
2023-07-03,East,Product A,Retail Partner,Enterprise,6360.34,24,7,5,7,0,116,3545.14,341.13,0,1
2023-07-03,East,Product A,Retail Partner,SMB,4063.92,15,6,4,6,0,78,2283.33,220.54,0,1
2023-07-03,East,Product B,Online,Enterprise,4514.74,23,7,5,7,0,119,2738.09,445.36,0,1
2023-07-03,East,Product B,Online,SMB,3012.61,16,6,5,6,0,87,1882.19,306.84,0,1
2023-07-03,East,Product B,Retail Partner,Enterprise,3063.13,17,5,4,5,0,97,1944.98,144.43,0,1
2023-07-03,East,Product B,Retail Partner,SMB,2093.0,11,4,3,4,0,61,1284.74,121.86,0,1
2023-07-03,East,Product C,Online,Enterprise,7439.85,18,5,4,5,0,83,4671.34,697.15,0,1
2023-07-03,East,Product C,Online,SMB,5426.97,13,5,4,5,0,59,3386.04,489.8,0,1
2023-07-03,East,Product C,Retail Partner,Enterprise,4966.65,12,3,3,3,0,65,3145.91,274.14,0,1
2023-07-03,East,Product C,Retail Partner,SMB,3617.23,9,3,3,3,0,44,2294.02,231.58,0,0
2023-07-03,West,Product A,Online,Enterprise,10779.22,40,11,9,11,1,225,6052.27,1124.87,1,2
2023-07-03,West,Product A,Online,SMB,7907.13,30,11,9,11,1,142,4469.64,683.13,1,2
2023-07-03,West,Product A,Retail Partner,Enterprise,8549.86,31,9,7,9,0,141,4803.58,407.63,1,1
2023-07-03,West,Product A,Retail Partner,SMB,5379.55,20,8,6,8,0,102,2990.48,302.16,1,1
2023-07-03,West,Product B,Online,Enterprise,6600.46,35,10,8,10,1,156,4151.93,660.31,1,2
2023-07-03,West,Product B,Online,SMB,3900.65,21,8,6,8,0,98,2392.72,349.18,0,1
2023-07-03,West,Product B,Retail Partner,Enterprise,4177.49,21,6,5,6,0,110,2511.9,220.33,0,1
2023-07-03,West,Product B,Retail Partner,SMB,2659.6,14,5,4,5,0,78,1658.1,137.05,0,1
2023-07-03,West,Product C,Online,Enterprise,9441.97,23,7,5,7,0,117,5958.71,836.93,0,1
2023-07-03,West,Product C,Online,SMB,6371.67,15,6,4,6,0,76,3957.9,639.46,0,1
2023-07-03,West,Product C,Retail Partner,Enterprise,7161.3,17,5,4,5,0,83,4425.7,368.78,0,1
2023-07-03,West,Product C,Retail Partner,SMB,4797.95,12,5,4,5,0,53,3017.23,228.72,0,1
2023-07-10,North,Product A,Online,Enterprise,12104.9,45,13,10,13,1,243,6775.1,1144.99,1,3
2023-07-10,North,Product A,Online,SMB,7915.41,30,11,9,11,1,154,4519.63,745.31,1,2
2023-07-10,North,Product A,Retail Partner,Enterprise,8391.63,31,9,7,9,1,163,4644.34,498.23,1,2
2023-07-10,North,Product A,Retail Partner,SMB,5495.52,20,8,6,8,0,108,3077.03,295.07,0,1
2023-07-10,North,Product B,Online,Enterprise,6120.69,32,9,7,9,1,179,3855.67,589.61,1,1
2023-07-10,North,Product B,Online,SMB,4097.79,22,8,6,8,0,125,2572.17,309.72,0,1
2023-07-10,North,Product B,Retail Partner,Enterprise,4423.35,23,7,5,7,0,110,2759.98,234.95,1,1
2023-07-10,North,Product B,Retail Partner,SMB,3199.76,17,6,5,6,0,86,1961.07,173.32,0,1
2023-07-10,North,Product C,Online,Enterprise,9140.32,22,6,5,6,0,129,5871.67,801.73,0,1
2023-07-10,North,Product C,Online,SMB,7076.82,17,7,5,7,1,86,4455.6,764.11,1,1
2023-07-10,North,Product C,Retail Partner,Enterprise,7796.03,19,5,4,5,0,86,4787.35,403.67,0,1
2023-07-10,North,Product C,Retail Partner,SMB,4778.67,11,4,3,4,0,61,2994.67,203.6,0,1
2023-07-10,South,Product A,Online,Enterprise,9504.34,34,10,7,10,1,171,5219.09,954.64,1,1
2023-07-10,South,Product A,Online,SMB,6357.29,24,9,7,9,1,136,3598.68,661.19,1,1
2023-07-10,South,Product A,Retail Partner,Enterprise,7171.09,27,8,6,8,0,141,3981.01,386.34,0,1
2023-07-10,South,Product A,Retail Partner,SMB,4667.69,17,6,5,6,0,89,2554.43,256.22,0,1
2023-07-10,South,Product B,Online,Enterprise,5200.46,27,8,6,8,0,149,3241.81,499.03,0,1
2023-07-10,South,Product B,Online,SMB,3238.4,17,6,5,6,0,92,1953.84,302.27,1,1
2023-07-10,South,Product B,Retail Partner,Enterprise,4116.9,21,6,5,6,0,95,2425.35,244.53,0,1
2023-07-10,South,Product B,Retail Partner,SMB,2847.63,15,6,4,6,0,69,1747.51,161.56,0,1
2023-07-10,South,Product C,Online,Enterprise,7993.95,19,5,4,5,0,104,5008.0,759.52,0,1
2023-07-10,South,Product C,Online,SMB,5707.06,14,5,4,5,0,73,3579.52,499.62,0,1
2023-07-10,South,Product C,Retail Partner,Enterprise,5900.66,14,4,3,4,0,69,3620.69,301.44,0,1
2023-07-10,South,Product C,Retail Partner,SMB,3764.75,9,4,3,4,0,47,2400.03,179.98,0,0
2023-07-10,East,Product A,Online,Enterprise,9277.23,35,10,8,10,0,164,5249.07,888.9,1,1
2023-07-10,East,Product A,Online,SMB,6006.56,22,9,7,9,0,109,3405.09,551.61,1,1
2023-07-10,East,Product A,Retail Partner,Enterprise,6185.43,23,6,5,6,0,104,3382.41,334.64,0,1
2023-07-10,East,Product A,Retail Partner,SMB,4047.48,15,6,5,6,0,77,2294.49,201.18,0,1
2023-07-10,East,Product B,Online,Enterprise,4610.9,24,7,6,7,0,124,2825.33,435.5,0,1
2023-07-10,East,Product B,Online,SMB,2967.22,15,6,5,6,0,81,1844.17,250.57,0,1
2023-07-10,East,Product B,Retail Partner,Enterprise,3231.41,17,5,4,5,0,81,1948.77,169.62,0,1
2023-07-10,East,Product B,Retail Partner,SMB,2308.08,12,5,3,5,0,47,1382.33,121.34,0,1
2023-07-10,East,Product C,Online,Enterprise,6825.66,17,5,4,5,0,87,4216.86,668.79,0,1
2023-07-10,East,Product C,Online,SMB,4239.25,10,4,3,4,0,58,2675.71,362.74,0,0
2023-07-10,East,Product C,Retail Partner,Enterprise,5197.42,12,4,3,4,0,62,3251.83,306.78,0,1
2023-07-10,East,Product C,Retail Partner,SMB,3745.21,9,3,3,3,0,44,2353.99,205.17,0,1
2023-07-10,West,Product A,Online,Enterprise,11864.58,44,13,10,13,1,220,6744.57,1060.6,1,2
2023-07-10,West,Product A,Online,SMB,7702.48,28,11,8,11,0,133,4385.58,641.27,1,2
2023-07-10,West,Product A,Retail Partner,Enterprise,7656.42,29,8,7,8,1,164,4324.04,382.3,0,1
2023-07-10,West,Product A,Retail Partner,SMB,5091.82,19,7,6,7,0,99,2927.08,246.16,0,1
2023-07-10,West,Product B,Online,Enterprise,5992.8,31,9,7,9,0,151,3693.77,568.46,1,1
2023-07-10,West,Product B,Online,SMB,3605.05,19,7,6,7,0,109,2246.6,360.76,1,1
2023-07-10,West,Product B,Retail Partner,Enterprise,4669.04,24,7,5,7,0,114,2871.92,256.11,0,1
2023-07-10,West,Product B,Retail Partner,SMB,2570.89,13,5,4,5,0,78,1549.78,122.45,0,1
2023-07-10,West,Product C,Online,Enterprise,9351.94,22,6,5,6,0,120,5671.17,1002.08,0,1
2023-07-10,West,Product C,Online,SMB,6364.27,15,6,5,6,0,85,3976.29,643.35,0,1
2023-07-10,West,Product C,Retail Partner,Enterprise,7442.89,18,5,4,5,0,84,4603.46,433.89,0,1
2023-07-10,West,Product C,Retail Partner,SMB,4255.28,10,4,3,4,0,55,2681.18,238.4,0,1
2023-07-17,North,Product A,Online,Enterprise,12158.18,45,13,10,13,1,233,6779.32,1019.81,1,2
2023-07-17,North,Product A,Online,SMB,8732.23,32,12,9,12,1,156,4850.33,860.43,1,2
2023-07-17,North,Product A,Retail Partner,Enterprise,8351.08,30,9,6,9,1,172,4523.9,460.61,1,1
2023-07-17,North,Product A,Retail Partner,SMB,5605.88,21,8,6,8,0,111,3059.74,267.04,0,1
2023-07-17,North,Product B,Online,Enterprise,6992.11,36,10,8,10,1,172,4209.63,621.16,1,2
2023-07-17,North,Product B,Online,SMB,4242.63,22,8,7,8,0,107,2583.35,391.02,0,1
2023-07-17,North,Product B,Retail Partner,Enterprise,4303.08,22,6,5,6,0,119,2646.24,263.12,1,1
2023-07-17,North,Product B,Retail Partner,SMB,3085.31,16,6,5,6,0,83,1885.78,170.12,0,1
2023-07-17,North,Product C,Online,Enterprise,10433.6,25,7,6,7,0,127,6376.44,950.45,0,1
2023-07-17,North,Product C,Online,SMB,6820.37,16,6,5,6,0,84,4278.8,617.85,0,1
2023-07-17,North,Product C,Retail Partner,Enterprise,7512.61,18,5,4,5,0,93,4751.28,430.52,0,1
2023-07-17,North,Product C,Retail Partner,SMB,5068.84,12,5,4,5,0,62,3186.02,264.81,0,1
2023-07-17,South,Product A,Online,Enterprise,9455.25,35,10,7,10,0,197,5245.19,851.78,1,1
2023-07-17,South,Product A,Online,SMB,7201.02,26,10,8,10,1,130,3920.2,697.84,1,1
2023-07-17,South,Product A,Retail Partner,Enterprise,7033.28,27,8,6,8,0,134,4065.61,414.8,0,1
2023-07-17,South,Product A,Retail Partner,SMB,4874.52,18,7,6,7,0,92,2735.58,256.31,1,1
2023-07-17,South,Product B,Online,Enterprise,4980.42,26,7,6,7,1,136,3014.35,474.6,0,1
2023-07-17,South,Product B,Online,SMB,3304.15,17,7,5,7,0,94,2035.91,332.49,0,1
2023-07-17,South,Product B,Retail Partner,Enterprise,3828.73,20,6,5,6,0,94,2372.85,204.28,0,1
2023-07-17,South,Product B,Retail Partner,SMB,2427.63,13,5,4,5,0,69,1490.28,127.36,0,1
2023-07-17,South,Product C,Online,Enterprise,8396.96,20,6,4,6,0,106,5342.29,699.41,0,1
2023-07-17,South,Product C,Online,SMB,5703.11,14,5,4,5,0,71,3576.54,569.73,0,1
2023-07-17,South,Product C,Retail Partner,Enterprise,5758.85,14,4,3,4,0,80,3625.94,287.7,0,1
2023-07-17,South,Product C,Retail Partner,SMB,3875.46,9,4,3,4,0,50,2358.95,202.92,0,1
2023-07-17,East,Product A,Online,Enterprise,9414.94,35,10,8,10,1,168,5199.85,1037.13,1,2
2023-07-17,East,Product A,Online,SMB,5562.64,21,8,6,8,0,103,3176.93,511.53,0,1
2023-07-17,East,Product A,Retail Partner,Enterprise,6074.83,23,7,5,7,0,123,3425.43,321.69,0,1
2023-07-17,East,Product A,Retail Partner,SMB,4047.03,15,6,5,6,0,78,2293.89,200.19,0,1
2023-07-17,East,Product B,Online,Enterprise,4524.09,24,7,6,7,0,124,2797.89,449.5,0,1
2023-07-17,East,Product B,Online,SMB,2872.9,15,6,5,6,0,80,1748.04,277.65,0,1
2023-07-17,East,Product B,Retail Partner,Enterprise,2956.53,16,4,4,4,0,84,1868.42,138.4,0,1
2023-07-17,East,Product B,Retail Partner,SMB,2134.93,11,4,3,4,0,63,1302.2,109.12,0,1
2023-07-17,East,Product C,Online,Enterprise,7610.36,18,5,4,5,0,82,4729.83,729.92,0,1
2023-07-17,East,Product C,Online,SMB,4516.86,11,4,3,4,0,63,2778.31,436.63,0,1
2023-07-17,East,Product C,Retail Partner,Enterprise,5123.39,12,4,3,4,0,63,3228.62,283.69,0,0
2023-07-17,East,Product C,Retail Partner,SMB,3344.71,8,3,2,3,0,46,2119.44,173.7,0,1
2023-07-17,West,Product A,Online,Enterprise,11417.63,43,12,9,12,0,194,6446.73,1025.01,1,2
2023-07-17,West,Product A,Online,SMB,8286.25,30,12,9,12,0,144,4507.61,770.45,1,1
2023-07-17,West,Product A,Retail Partner,Enterprise,8394.8,31,9,7,9,1,145,4636.0,515.2,1,1
2023-07-17,West,Product A,Retail Partner,SMB,5368.41,20,8,6,8,0,102,3036.27,287.05,1,1
2023-07-17,West,Product B,Online,Enterprise,5892.28,30,9,7,9,0,162,3619.43,556.27,0,1
2023-07-17,West,Product B,Online,SMB,4066.9,21,8,6,8,0,108,2531.68,383.77,0,1
2023-07-17,West,Product B,Retail Partner,Enterprise,4168.43,22,6,5,6,0,114,2574.4,228.16,0,1
2023-07-17,West,Product B,Retail Partner,SMB,2725.44,14,5,4,5,0,76,1634.35,115.82,0,1
2023-07-17,West,Product C,Online,Enterprise,9832.01,23,7,5,7,0,120,6056.95,908.22,0,1
2023-07-17,West,Product C,Online,SMB,6389.08,15,6,5,6,0,76,4024.1,619.11,0,1
2023-07-17,West,Product C,Retail Partner,Enterprise,7060.46,17,5,4,5,0,85,4428.35,390.24,0,1
2023-07-17,West,Product C,Retail Partner,SMB,4307.79,10,4,3,4,0,58,2622.75,232.65,0,1
2023-07-24,North,Product A,Online,Enterprise,12399.98,46,13,10,13,1,244,6852.6,1098.96,1,2
2023-07-24,North,Product A,Online,SMB,8500.09,32,12,9,12,0,146,4800.45,840.64,1,2
2023-07-24,North,Product A,Retail Partner,Enterprise,8341.65,31,9,7,9,1,173,4593.45,487.84,0,1
2023-07-24,North,Product A,Retail Partner,SMB,5698.53,21,8,7,8,0,114,3185.58,288.97,1,1
2023-07-24,North,Product B,Online,Enterprise,6205.93,32,9,7,9,0,165,3818.28,620.66,1,2
2023-07-24,North,Product B,Online,SMB,4422.52,23,9,7,9,0,113,2696.43,422.44,1,1
2023-07-24,North,Product B,Retail Partner,Enterprise,5096.11,26,8,6,8,1,126,3042.13,271.17,0,1
2023-07-24,North,Product B,Retail Partner,SMB,3001.66,16,6,5,6,0,82,1867.2,165.94,0,1
2023-07-24,North,Product C,Online,Enterprise,11035.88,26,7,6,7,0,125,6725.79,1025.06,1,1
2023-07-24,North,Product C,Online,SMB,6571.6,16,6,5,6,0,90,4047.82,567.78,0,1
2023-07-24,North,Product C,Retail Partner,Enterprise,6604.92,16,5,4,5,0,98,4060.07,341.22,0,1
2023-07-24,North,Product C,Retail Partner,SMB,4871.65,12,5,4,5,0,64,3004.63,240.39,0,1
2023-07-24,South,Product A,Online,Enterprise,10430.45,38,11,9,11,1,181,5740.89,998.23,1,1
2023-07-24,South,Product A,Online,SMB,6667.6,25,10,8,10,0,131,3770.98,495.75,0,1
2023-07-24,South,Product A,Retail Partner,Enterprise,7445.19,28,8,6,8,0,139,4206.18,374.78,1,1
2023-07-24,South,Product A,Retail Partner,SMB,4441.83,17,6,5,6,0,93,2522.25,229.42,0,1
2023-07-24,South,Product B,Online,Enterprise,5433.49,28,8,6,8,0,141,3281.67,523.24,1,1
2023-07-24,South,Product B,Online,SMB,3626.78,18,7,5,7,0,90,2176.05,338.84,1,1
2023-07-24,South,Product B,Retail Partner,Enterprise,3665.72,19,5,4,5,0,100,2222.68,183.4,0,1
2023-07-24,South,Product B,Retail Partner,SMB,2400.79,13,5,4,5,0,69,1497.39,116.92,0,1
2023-07-24,South,Product C,Online,Enterprise,8682.14,21,6,5,6,0,120,5441.82,789.37,0,1
2023-07-24,South,Product C,Online,SMB,6055.06,14,6,4,6,0,69,3821.9,533.77,0,1
2023-07-24,South,Product C,Retail Partner,Enterprise,5858.32,14,4,3,4,0,80,3582.79,294.14,0,0
2023-07-24,South,Product C,Retail Partner,SMB,4069.2,10,4,3,4,0,51,2540.74,194.64,0,1
2023-07-24,East,Product A,Online,Enterprise,8129.15,30,9,7,9,0,166,4689.03,689.89,1,1
2023-07-24,East,Product A,Online,SMB,5525.17,20,8,6,8,0,114,3048.94,552.46,1,1
2023-07-24,East,Product A,Retail Partner,Enterprise,6357.56,24,7,5,7,0,106,3526.54,326.55,0,1
2023-07-24,East,Product A,Retail Partner,SMB,4350.06,16,6,4,6,0,80,2388.8,238.94,0,1
2023-07-24,East,Product B,Online,Enterprise,4958.0,26,7,6,7,0,119,3080.49,480.47,0,1
2023-07-24,East,Product B,Online,SMB,2864.95,15,6,5,6,0,79,1780.31,229.98,0,1
2023-07-24,East,Product B,Retail Partner,Enterprise,3375.82,18,5,4,5,0,92,2096.99,156.14,0,1
2023-07-24,East,Product B,Retail Partner,SMB,2051.87,11,4,3,4,0,58,1236.31,99.93,0,0
2023-07-24,East,Product C,Online,Enterprise,7200.27,18,5,4,5,0,95,4531.16,688.61,0,1
2023-07-24,East,Product C,Online,SMB,5141.1,12,5,4,5,0,58,3270.34,453.96,0,1
2023-07-24,East,Product C,Retail Partner,Enterprise,4929.51,12,3,3,3,0,71,3119.61,304.75,0,0
2023-07-24,East,Product C,Retail Partner,SMB,3533.44,9,3,3,3,0,46,2254.8,201.97,0,0
2023-07-24,West,Product A,Online,Enterprise,12174.92,44,13,10,13,1,213,6737.18,1053.54,1,2
2023-07-24,West,Product A,Online,SMB,7888.67,29,11,9,11,0,136,4418.05,724.38,1,2
2023-07-24,West,Product A,Retail Partner,Enterprise,7877.42,29,8,6,8,0,158,4364.19,468.47,0,1
2023-07-24,West,Product A,Retail Partner,SMB,6014.63,22,8,7,8,0,96,3300.19,306.28,0,1
2023-07-24,West,Product B,Online,Enterprise,5562.78,29,8,6,8,0,162,3453.25,479.6,1,1
2023-07-24,West,Product B,Online,SMB,3834.7,20,8,6,8,0,106,2348.42,346.75,1,1
2023-07-24,West,Product B,Retail Partner,Enterprise,4082.45,21,6,5,6,0,111,2472.7,204.33,0,1
2023-07-24,West,Product B,Retail Partner,SMB,2998.3,15,6,5,6,0,87,1796.21,174.57,0,1
2023-07-24,West,Product C,Online,Enterprise,9379.56,23,6,5,6,0,121,5949.0,813.79,1,1
2023-07-24,West,Product C,Online,SMB,6161.94,15,6,5,6,0,81,3858.05,599.75,0,1
2023-07-24,West,Product C,Retail Partner,Enterprise,6780.02,16,5,4,5,0,83,4270.69,318.01,0,1
2023-07-24,West,Product C,Retail Partner,SMB,4942.46,12,5,4,5,0,66,3163.01,244.67,0,1
2023-07-31,North,Product A,Online,Enterprise,12057.15,44,13,10,13,1,222,6787.25,1016.95,1,1
2023-07-31,North,Product A,Online,SMB,8334.52,31,12,9,12,0,163,4586.67,816.34,1,1
2023-07-31,North,Product A,Retail Partner,Enterprise,8710.56,32,9,7,9,0,170,4719.65,450.01,1,1
2023-07-31,North,Product A,Retail Partner,SMB,5232.52,19,7,5,7,0,109,2850.12,254.11,0,1
2023-07-31,North,Product B,Online,Enterprise,6824.18,36,10,8,10,1,156,4222.51,634.54,1,2
2023-07-31,North,Product B,Online,SMB,4385.95,23,9,7,9,1,116,2679.84,371.85,1,2
2023-07-31,North,Product B,Retail Partner,Enterprise,4678.07,24,7,5,7,0,125,2816.54,227.69,0,1
2023-07-31,North,Product B,Retail Partner,SMB,3134.82,16,6,5,6,0,87,1933.73,155.82,0,1
2023-07-31,North,Product C,Online,Enterprise,9891.19,24,7,5,7,0,127,6163.86,1004.72,0,1
2023-07-31,North,Product C,Online,SMB,6753.46,16,6,5,6,0,87,4199.3,653.11,0,1
2023-07-31,North,Product C,Retail Partner,Enterprise,7899.55,19,5,4,5,0,100,4871.2,421.83,0,1
2023-07-31,North,Product C,Retail Partner,SMB,5319.31,13,5,4,5,0,53,3276.44,259.59,0,1
2023-07-31,South,Product A,Online,Enterprise,11110.62,40,12,9,12,0,189,6057.3,1120.38,1,2
2023-07-31,South,Product A,Online,SMB,6344.5,23,9,7,9,0,122,3496.54,533.52,1,1
2023-07-31,South,Product A,Retail Partner,Enterprise,7056.68,26,7,6,7,0,128,3934.08,329.68,0,1
2023-07-31,South,Product A,Retail Partner,SMB,4591.22,17,7,5,7,0,82,2580.91,244.47,0,1
2023-07-31,South,Product B,Online,Enterprise,5792.93,30,9,7,9,1,137,3564.12,559.68,1,1
2023-07-31,South,Product B,Online,SMB,3490.91,18,7,5,7,0,92,2116.07,315.22,0,1
2023-07-31,South,Product B,Retail Partner,Enterprise,3561.94,19,5,4,5,0,98,2250.58,197.03,0,1
2023-07-31,South,Product B,Retail Partner,SMB,2719.65,14,5,4,5,0,70,1681.18,123.76,0,1
2023-07-31,South,Product C,Online,Enterprise,8904.95,21,6,5,6,0,102,5441.56,885.26,0,1
2023-07-31,South,Product C,Online,SMB,5867.09,14,5,4,5,0,74,3597.24,509.45,0,1
2023-07-31,South,Product C,Retail Partner,Enterprise,5501.16,13,4,3,4,0,75,3407.65,266.11,0,1
2023-07-31,South,Product C,Retail Partner,SMB,3941.94,10,4,3,4,0,57,2459.01,202.46,0,0
2023-07-31,East,Product A,Online,Enterprise,8922.82,33,9,7,9,0,163,4943.27,827.73,1,1
2023-07-31,East,Product A,Online,SMB,5989.44,22,9,7,9,0,121,3401.85,538.36,0,1
2023-07-31,East,Product A,Retail Partner,Enterprise,6406.79,23,7,5,7,0,116,3521.33,325.56,0,1
2023-07-31,East,Product A,Retail Partner,SMB,3867.58,14,5,4,5,0,79,2124.1,197.4,0,1
2023-07-31,East,Product B,Online,Enterprise,4287.04,22,6,5,6,0,119,2584.64,382.76,0,1
2023-07-31,East,Product B,Online,SMB,3137.9,17,6,5,6,0,79,1958.1,278.23,0,1
2023-07-31,East,Product B,Retail Partner,Enterprise,3277.34,17,5,4,5,0,86,2060.71,163.29,0,1
2023-07-31,East,Product B,Retail Partner,SMB,2040.14,11,4,3,4,0,56,1261.98,101.84,0,1
2023-07-31,East,Product C,Online,Enterprise,8437.05,20,6,4,6,0,88,5069.58,841.77,0,1
2023-07-31,East,Product C,Online,SMB,4748.24,11,4,3,4,0,65,2970.71,451.59,0,1
2023-07-31,East,Product C,Retail Partner,Enterprise,4953.74,12,3,3,3,0,70,3032.53,247.57,0,0
2023-07-31,East,Product C,Retail Partner,SMB,3768.19,9,3,3,3,0,42,2260.0,187.6,0,0
2023-07-31,West,Product A,Online,Enterprise,11661.02,43,12,9,12,1,221,6335.97,1119.07,1,2
2023-07-31,West,Product A,Online,SMB,8281.55,31,12,9,12,1,142,4614.5,755.41,1,2
2023-07-31,West,Product A,Retail Partner,Enterprise,8141.66,30,9,7,9,0,154,4559.12,450.31,0,2
2023-07-31,West,Product A,Retail Partner,SMB,4938.77,18,7,6,7,0,103,2769.54,288.26,0,1
2023-07-31,West,Product B,Online,Enterprise,5908.12,31,9,7,9,0,138,3604.83,506.7,1,1
2023-07-31,West,Product B,Online,SMB,3768.38,20,8,6,8,0,103,2330.52,344.65,0,1
2023-07-31,West,Product B,Retail Partner,Enterprise,4265.26,23,6,5,6,0,126,2619.49,218.22,0,1
2023-07-31,West,Product B,Retail Partner,SMB,2664.19,14,5,4,5,0,76,1627.75,126.11,0,1
2023-07-31,West,Product C,Online,Enterprise,9842.95,23,7,5,7,0,122,6145.44,891.43,0,1
2023-07-31,West,Product C,Online,SMB,5435.8,13,5,4,5,0,77,3359.53,528.12,0,1
2023-07-31,West,Product C,Retail Partner,Enterprise,7409.19,17,5,4,5,0,86,4545.72,392.98,0,1
2023-07-31,West,Product C,Retail Partner,SMB,4313.1,11,4,3,4,0,56,2720.62,225.56,0,1
2023-08-07,North,Product A,Online,Enterprise,12783.37,47,13,11,13,0,219,6999.82,1171.8,0,1
2023-08-07,North,Product A,Online,SMB,8516.57,31,12,9,12,1,161,4692.92,712.59,1,2
2023-08-07,North,Product A,Retail Partner,Enterprise,9136.05,34,10,7,10,0,165,4992.37,469.63,1,1
2023-08-07,North,Product A,Retail Partner,SMB,6431.12,24,9,7,9,0,102,3529.04,325.84,1,2
2023-08-07,North,Product B,Online,Enterprise,6679.72,34,10,7,10,0,184,3941.06,637.38,1,1
2023-08-07,North,Product B,Online,SMB,4100.32,21,8,6,8,0,108,2523.23,425.79,1,1
2023-08-07,North,Product B,Retail Partner,Enterprise,4732.44,25,7,6,7,1,116,2948.62,237.17,0,1
2023-08-07,North,Product B,Retail Partner,SMB,2960.44,15,6,5,6,0,82,1805.26,149.08,0,1
2023-08-07,North,Product C,Online,Enterprise,10585.73,25,7,6,7,0,129,6576.23,924.94,0,1
2023-08-07,North,Product C,Online,SMB,7749.05,19,7,6,7,0,86,4850.38,858.03,0,1
2023-08-07,North,Product C,Retail Partner,Enterprise,7319.79,18,5,4,5,0,93,4638.31,413.32,0,1
2023-08-07,North,Product C,Retail Partner,SMB,4656.55,11,4,3,4,0,55,2902.35,251.88,0,1
2023-08-07,South,Product A,Online,Enterprise,11588.82,43,12,9,12,0,179,6448.48,1066.05,1,2
2023-08-07,South,Product A,Online,SMB,6401.08,24,9,7,9,1,129,3480.7,565.77,1,2
2023-08-07,South,Product A,Retail Partner,Enterprise,7542.6,28,8,6,8,0,148,4235.71,434.09,1,1
2023-08-07,South,Product A,Retail Partner,SMB,4525.3,17,6,5,6,0,90,2530.99,216.62,0,1
2023-08-07,South,Product B,Online,Enterprise,5130.12,27,8,6,8,0,148,3153.9,501.31,1,1
2023-08-07,South,Product B,Online,SMB,3410.89,18,7,6,7,0,87,2119.65,338.19,0,1
2023-08-07,South,Product B,Retail Partner,Enterprise,3543.53,18,5,4,5,0,107,2197.63,198.36,0,1
2023-08-07,South,Product B,Retail Partner,SMB,2354.36,12,5,4,5,0,71,1425.74,127.33,0,1
2023-08-07,South,Product C,Online,Enterprise,8939.16,22,6,5,6,0,112,5760.12,763.43,0,1
2023-08-07,South,Product C,Online,SMB,5464.73,13,5,4,5,0,70,3402.45,493.72,0,1
2023-08-07,South,Product C,Retail Partner,Enterprise,6778.97,16,5,4,5,0,69,4224.21,350.81,0,1
2023-08-07,South,Product C,Retail Partner,SMB,3809.17,9,4,3,4,0,50,2421.15,195.08,0,1
2023-08-07,East,Product A,Online,Enterprise,7928.32,29,8,6,8,0,159,4482.96,623.32,0,1
2023-08-07,East,Product A,Online,SMB,5407.97,20,8,6,8,0,112,3003.89,495.81,0,1
2023-08-07,East,Product A,Retail Partner,Enterprise,6311.22,23,7,5,7,0,128,3551.88,326.08,1,1
2023-08-07,East,Product A,Retail Partner,SMB,3629.62,13,5,4,5,0,78,2010.98,198.05,0,1
2023-08-07,East,Product B,Online,Enterprise,4921.26,26,7,6,7,0,117,3092.22,462.64,0,1
2023-08-07,East,Product B,Online,SMB,2914.47,16,6,5,6,0,80,1864.64,236.14,1,1
2023-08-07,East,Product B,Retail Partner,Enterprise,3169.68,16,5,4,5,0,86,1935.5,163.39,0,1
2023-08-07,East,Product B,Retail Partner,SMB,2069.12,11,4,3,4,0,59,1261.21,103.38,0,1
2023-08-07,East,Product C,Online,Enterprise,7819.92,19,5,4,5,0,99,4819.13,827.58,0,1
2023-08-07,East,Product C,Online,SMB,4736.78,11,4,3,4,0,60,2927.57,455.71,0,1
2023-08-07,East,Product C,Retail Partner,Enterprise,5233.9,12,3,3,3,0,63,3135.6,248.47,0,1
2023-08-07,East,Product C,Retail Partner,SMB,3388.98,8,3,2,3,0,42,2172.64,179.4,0,1
2023-08-07,West,Product A,Online,Enterprise,11622.77,42,12,9,12,0,228,6394.18,1191.86,1,2
2023-08-07,West,Product A,Online,SMB,7997.88,29,11,8,11,1,147,4397.24,711.61,1,2
2023-08-07,West,Product A,Retail Partner,Enterprise,7828.79,29,8,6,8,0,159,4438.72,447.21,1,1
2023-08-07,West,Product A,Retail Partner,SMB,4938.79,18,7,5,7,0,104,2690.72,280.14,0,1
2023-08-07,West,Product B,Online,Enterprise,6024.06,32,9,8,9,0,158,3783.35,648.74,1,1
2023-08-07,West,Product B,Online,SMB,3939.55,21,8,6,8,0,96,2420.94,336.95,1,1
2023-08-07,West,Product B,Retail Partner,Enterprise,4149.23,22,6,5,6,0,129,2565.72,209.28,0,1
2023-08-07,West,Product B,Retail Partner,SMB,3049.34,16,6,5,6,0,71,1828.24,182.45,0,1
2023-08-07,West,Product C,Online,Enterprise,9690.27,23,6,5,6,0,107,5856.8,840.68,1,1
2023-08-07,West,Product C,Online,SMB,6263.15,15,6,5,6,0,82,3935.94,552.19,0,1
2023-08-07,West,Product C,Retail Partner,Enterprise,6272.77,15,4,3,4,0,90,3939.74,302.98,0,1
2023-08-07,West,Product C,Retail Partner,SMB,4399.21,11,4,3,4,0,53,2768.24,218.82,0,0
2023-08-14,North,Product A,Online,Enterprise,11073.03,41,12,9,12,1,234,6384.07,944.46,1,2
2023-08-14,North,Product A,Online,SMB,7436.78,28,11,8,11,1,154,4187.68,678.17,1,2
2023-08-14,North,Product A,Retail Partner,Enterprise,9474.82,35,10,8,10,0,166,5282.11,458.44,1,1
2023-08-14,North,Product A,Retail Partner,SMB,6551.9,24,9,7,9,0,112,3666.13,358.92,1,1
2023-08-14,North,Product B,Online,Enterprise,6123.35,32,9,7,9,1,169,3831.39,574.17,1,2
2023-08-14,North,Product B,Online,SMB,4156.65,21,8,6,8,0,105,2493.01,397.97,1,1
2023-08-14,North,Product B,Retail Partner,Enterprise,4070.38,21,6,5,6,0,127,2495.7,201.66,0,1
2023-08-14,North,Product B,Retail Partner,SMB,3017.09,16,6,5,6,0,81,1882.71,164.3,0,1
2023-08-14,North,Product C,Online,Enterprise,11034.78,26,8,6,8,0,132,6928.4,976.63,0,1
2023-08-14,North,Product C,Online,SMB,7469.19,18,7,5,7,0,80,4683.58,681.8,0,1
2023-08-14,North,Product C,Retail Partner,Enterprise,7760.63,19,5,4,5,0,93,4815.71,371.25,0,1
2023-08-14,North,Product C,Retail Partner,SMB,4997.3,12,5,4,5,0,58,3130.27,285.36,0,1
2023-08-14,South,Product A,Online,Enterprise,9666.9,35,10,8,10,1,193,5344.77,856.43,1,1
2023-08-14,South,Product A,Online,SMB,6359.21,23,9,7,9,0,123,3442.15,546.67,0,1
2023-08-14,South,Product A,Retail Partner,Enterprise,6883.29,25,7,5,7,0,133,3830.87,330.29,0,1
2023-08-14,South,Product A,Retail Partner,SMB,4394.78,16,6,5,6,0,84,2514.93,217.29,0,1
2023-08-14,South,Product B,Online,Enterprise,5470.41,29,8,6,8,0,140,3440.09,489.38,0,1
2023-08-14,South,Product B,Online,SMB,3572.82,19,7,5,7,0,100,2207.49,294.04,0,1
2023-08-14,South,Product B,Retail Partner,Enterprise,4494.91,23,6,5,6,0,98,2631.29,254.84,0,1
2023-08-14,South,Product B,Retail Partner,SMB,2643.69,14,5,4,5,0,68,1701.05,132.36,0,1
2023-08-14,South,Product C,Online,Enterprise,8609.71,21,6,5,6,0,102,5440.45,793.69,0,1
2023-08-14,South,Product C,Online,SMB,5832.33,14,5,4,5,0,69,3577.19,491.83,0,1
2023-08-14,South,Product C,Retail Partner,Enterprise,6241.91,15,4,3,4,0,79,3901.8,322.55,0,1
2023-08-14,South,Product C,Retail Partner,SMB,4066.12,10,4,3,4,0,46,2557.99,203.18,0,0
2023-08-14,East,Product A,Online,Enterprise,9574.04,35,10,8,10,0,171,5310.98,922.85,1,2
2023-08-14,East,Product A,Online,SMB,5888.2,21,8,6,8,0,113,3227.98,547.2,1,1
2023-08-14,East,Product A,Retail Partner,Enterprise,5688.46,21,6,5,6,0,115,3257.31,350.93,0,1
2023-08-14,East,Product A,Retail Partner,SMB,4316.4,16,6,5,6,0,80,2428.83,225.69,0,1
2023-08-14,East,Product B,Online,Enterprise,4001.52,21,6,5,6,0,116,2443.69,384.76,0,1
2023-08-14,East,Product B,Online,SMB,2891.96,15,6,5,6,0,83,1804.17,278.03,0,1
2023-08-14,East,Product B,Retail Partner,Enterprise,3690.48,19,5,4,5,0,99,2236.24,189.58,0,1
2023-08-14,East,Product B,Retail Partner,SMB,2122.86,11,4,3,4,0,62,1310.05,101.17,0,1
2023-08-14,East,Product C,Online,Enterprise,7699.64,18,5,4,5,0,90,4798.96,697.65,0,1
2023-08-14,East,Product C,Online,SMB,4739.26,11,4,3,4,0,67,2991.74,466.99,0,1
2023-08-14,East,Product C,Retail Partner,Enterprise,5152.32,12,4,3,4,0,69,3172.76,262.06,0,1
2023-08-14,East,Product C,Retail Partner,SMB,3605.65,9,3,3,3,0,43,2293.81,174.41,0,1
2023-08-14,West,Product A,Online,Enterprise,12288.63,45,13,10,13,1,204,6797.03,1045.08,1,2
2023-08-14,West,Product A,Online,SMB,7194.68,27,10,8,10,0,144,4070.89,687.0,1,1
2023-08-14,West,Product A,Retail Partner,Enterprise,8342.15,31,9,7,9,0,161,4622.63,397.33,0,1
2023-08-14,West,Product A,Retail Partner,SMB,6002.27,22,8,7,8,0,99,3377.67,304.28,1,1
2023-08-14,West,Product B,Online,Enterprise,5973.56,31,9,7,9,0,168,3771.88,569.97,1,1
2023-08-14,West,Product B,Online,SMB,4181.53,22,8,7,8,0,112,2528.73,382.06,0,1
2023-08-14,West,Product B,Retail Partner,Enterprise,4249.15,22,6,5,6,0,99,2581.07,211.64,1,1
2023-08-14,West,Product B,Retail Partner,SMB,2854.31,15,6,4,6,0,77,1730.54,151.63,0,1
2023-08-14,West,Product C,Online,Enterprise,8959.31,22,6,5,6,0,111,5628.69,879.69,0,1
2023-08-14,West,Product C,Online,SMB,6495.06,15,6,5,6,0,77,4035.84,655.38,0,1
2023-08-14,West,Product C,Retail Partner,Enterprise,7117.25,17,5,4,5,0,83,4456.18,355.61,0,1
2023-08-14,West,Product C,Retail Partner,SMB,4483.42,11,4,3,4,0,63,2793.42,220.66,0,1
2023-08-21,North,Product A,Online,Enterprise,12379.1,46,13,10,13,1,227,7020.87,1349.8,1,2
2023-08-21,North,Product A,Online,SMB,8604.1,32,12,9,12,1,163,4752.48,762.84,1,2
2023-08-21,North,Product A,Retail Partner,Enterprise,8884.27,33,9,7,9,1,158,4948.31,461.45,1,2
2023-08-21,North,Product A,Retail Partner,SMB,6398.69,24,9,7,9,0,101,3534.5,343.98,1,2
2023-08-21,North,Product B,Online,Enterprise,6429.01,33,9,7,9,0,179,3865.03,542.28,1,2
2023-08-21,North,Product B,Online,SMB,4720.98,25,10,8,10,0,99,2985.93,455.96,1,1
2023-08-21,North,Product B,Retail Partner,Enterprise,4721.56,25,7,6,7,1,114,2994.4,209.84,1,1
2023-08-21,North,Product B,Retail Partner,SMB,3242.25,17,7,5,7,0,78,2056.67,168.42,1,1
2023-08-21,North,Product C,Online,Enterprise,10116.06,25,7,5,7,0,132,6575.43,947.24,0,1
2023-08-21,North,Product C,Online,SMB,6847.96,17,6,5,6,0,81,4275.56,630.86,0,1
2023-08-21,North,Product C,Retail Partner,Enterprise,7393.05,18,5,4,5,0,94,4609.58,411.17,0,1
2023-08-21,North,Product C,Retail Partner,SMB,4662.97,11,4,4,4,0,57,2899.69,262.15,0,1
2023-08-21,South,Product A,Online,Enterprise,11126.51,40,12,9,12,0,205,6014.4,1064.72,1,2
2023-08-21,South,Product A,Online,SMB,6923.68,26,10,8,10,1,124,3945.77,581.37,0,1
2023-08-21,South,Product A,Retail Partner,Enterprise,6761.57,25,7,6,7,0,126,3756.79,317.07,0,1
2023-08-21,South,Product A,Retail Partner,SMB,4663.9,17,7,5,7,0,100,2618.01,266.41,0,1
2023-08-21,South,Product B,Online,Enterprise,4872.42,25,7,6,7,0,144,2968.23,404.61,0,1
2023-08-21,South,Product B,Online,SMB,3779.11,20,8,5,8,0,93,2288.41,403.74,1,1
2023-08-21,South,Product B,Retail Partner,Enterprise,3871.03,21,6,4,6,0,95,2418.45,216.55,0,1
2023-08-21,South,Product B,Retail Partner,SMB,2462.94,13,5,4,5,0,70,1520.22,137.01,0,1
2023-08-21,South,Product C,Online,Enterprise,9104.5,22,6,5,6,0,101,5731.73,890.29,0,1
2023-08-21,South,Product C,Online,SMB,5963.62,14,5,4,5,0,69,3708.59,521.2,0,1
2023-08-21,South,Product C,Retail Partner,Enterprise,6546.44,16,4,3,4,0,71,4034.22,384.94,0,1
2023-08-21,South,Product C,Retail Partner,SMB,4108.73,10,4,3,4,0,47,2582.22,241.31,0,0
2023-08-21,East,Product A,Online,Enterprise,8000.48,29,8,6,8,0,161,4332.33,857.67,1,1
2023-08-21,East,Product A,Online,SMB,5315.18,20,8,6,8,0,107,3038.63,511.0,0,1
2023-08-21,East,Product A,Retail Partner,Enterprise,6098.64,23,6,5,6,0,115,3434.43,333.85,0,1
2023-08-21,East,Product A,Retail Partner,SMB,4173.61,15,6,4,6,0,78,2315.2,211.29,0,1
2023-08-21,East,Product B,Online,Enterprise,4531.83,24,7,6,7,0,129,2837.24,371.69,0,1
2023-08-21,East,Product B,Online,SMB,3116.66,17,6,5,6,1,85,1967.77,279.3,0,1
2023-08-21,East,Product B,Retail Partner,Enterprise,3057.22,16,5,3,5,0,94,1890.57,160.37,0,1
2023-08-21,East,Product B,Retail Partner,SMB,1995.43,10,4,3,4,0,55,1233.14,106.72,0,1
2023-08-21,East,Product C,Online,Enterprise,8232.55,19,6,4,6,0,93,5081.65,644.83,0,1
2023-08-21,East,Product C,Online,SMB,4940.64,12,5,4,5,0,59,3049.52,390.49,0,1
2023-08-21,East,Product C,Retail Partner,Enterprise,4880.49,12,3,3,3,0,72,3084.56,262.34,0,0
2023-08-21,East,Product C,Retail Partner,SMB,3927.46,9,4,3,4,0,45,2387.8,210.32,0,0
2023-08-21,West,Product A,Online,Enterprise,11563.26,43,12,9,12,1,217,6525.93,1198.19,1,2
2023-08-21,West,Product A,Online,SMB,7106.28,26,10,8,10,0,142,3973.39,582.62,1,1
2023-08-21,West,Product A,Retail Partner,Enterprise,8023.76,29,8,6,8,0,169,4397.72,440.97,0,1
2023-08-21,West,Product A,Retail Partner,SMB,5789.14,22,8,6,8,0,102,3319.17,284.59,1,1
2023-08-21,West,Product B,Online,Enterprise,6083.03,31,9,7,9,0,171,3738.64,697.55,1,1
2023-08-21,West,Product B,Online,SMB,3890.25,20,8,6,8,0,103,2338.43,324.65,0,1
2023-08-21,West,Product B,Retail Partner,Enterprise,4419.14,23,7,5,7,0,114,2722.97,221.84,1,1
2023-08-21,West,Product B,Retail Partner,SMB,2811.49,14,6,4,6,0,78,1692.97,139.42,0,1
2023-08-21,West,Product C,Online,Enterprise,9503.77,23,6,5,6,0,123,5995.81,878.27,0,1
2023-08-21,West,Product C,Online,SMB,6455.7,15,6,5,6,0,85,4029.99,553.56,0,1
2023-08-21,West,Product C,Retail Partner,Enterprise,7617.76,18,5,4,5,0,81,4787.53,375.0,0,1
2023-08-21,West,Product C,Retail Partner,SMB,4419.46,11,4,3,4,0,62,2731.45,223.09,0,1
2023-08-28,North,Product A,Online,Enterprise,12900.93,48,14,11,14,1,224,7412.9,1171.13,1,1
2023-08-28,North,Product A,Online,SMB,8037.53,30,12,9,12,1,150,4483.42,777.49,1,1
2023-08-28,North,Product A,Retail Partner,Enterprise,7800.73,29,8,6,8,0,174,4438.59,438.57,1,1
2023-08-28,North,Product A,Retail Partner,SMB,5688.5,21,8,6,8,0,101,3183.18,287.14,0,1
2023-08-28,North,Product B,Online,Enterprise,5914.11,31,9,7,9,0,168,3663.52,515.8,1,1
2023-08-28,North,Product B,Online,SMB,4517.34,23,9,7,9,0,115,2758.4,444.13,0,1
2023-08-28,North,Product B,Retail Partner,Enterprise,4898.22,26,7,6,7,0,117,3080.58,251.49,1,1
2023-08-28,North,Product B,Retail Partner,SMB,2991.41,15,6,5,6,0,78,1829.09,158.9,0,1
2023-08-28,North,Product C,Online,Enterprise,10238.73,25,7,6,7,0,131,6614.56,880.79,0,1
2023-08-28,North,Product C,Online,SMB,6844.8,17,6,5,6,0,87,4248.05,602.29,0,1
2023-08-28,North,Product C,Retail Partner,Enterprise,7581.64,19,5,4,5,0,102,4856.23,500.09,0,1
2023-08-28,North,Product C,Retail Partner,SMB,4763.89,11,4,3,4,0,66,2960.7,250.51,0,0
2023-08-28,South,Product A,Online,Enterprise,10212.14,37,11,8,11,1,189,5616.91,938.41,1,1
2023-08-28,South,Product A,Online,SMB,6598.78,25,9,7,9,0,133,3627.18,603.95,0,1
2023-08-28,South,Product A,Retail Partner,Enterprise,7305.77,27,8,6,8,0,152,4096.36,386.5,0,1
2023-08-28,South,Product A,Retail Partner,SMB,4668.97,17,7,5,7,0,84,2608.03,231.36,1,1
2023-08-28,South,Product B,Online,Enterprise,5126.07,27,8,6,8,0,147,3220.81,551.75,0,1
2023-08-28,South,Product B,Online,SMB,3356.23,18,7,5,7,0,90,2103.87,292.5,0,1
2023-08-28,South,Product B,Retail Partner,Enterprise,3708.54,19,6,4,6,0,96,2289.62,170.95,0,1
2023-08-28,South,Product B,Retail Partner,SMB,2727.55,14,6,4,6,0,64,1668.26,128.53,0,1
2023-08-28,South,Product C,Online,Enterprise,8563.96,20,6,5,6,0,112,5291.53,779.37,0,1
2023-08-28,South,Product C,Online,SMB,5813.52,14,5,4,5,0,67,3577.3,595.57,0,1
2023-08-28,South,Product C,Retail Partner,Enterprise,6247.46,15,4,3,4,0,79,3779.61,267.96,0,1
2023-08-28,South,Product C,Retail Partner,SMB,4128.07,10,4,3,4,0,50,2598.55,245.84,0,1
2023-08-28,East,Product A,Online,Enterprise,8581.32,31,9,7,9,0,155,4683.73,863.37,1,1
2023-08-28,East,Product A,Online,SMB,5590.09,21,8,6,8,0,116,3212.85,481.45,1,1
2023-08-28,East,Product A,Retail Partner,Enterprise,6519.92,24,7,5,7,0,114,3615.04,396.72,0,1
2023-08-28,East,Product A,Retail Partner,SMB,4201.81,15,6,4,6,0,82,2298.9,218.41,0,1
2023-08-28,East,Product B,Online,Enterprise,4629.65,24,7,5,7,0,121,2891.69,481.89,0,1
2023-08-28,East,Product B,Online,SMB,3002.0,16,6,4,6,0,76,1820.75,292.26,0,1
2023-08-28,East,Product B,Retail Partner,Enterprise,3446.14,18,5,4,5,0,91,2121.79,185.91,0,1
2023-08-28,East,Product B,Retail Partner,SMB,2363.93,12,5,4,5,0,53,1433.01,129.62,0,1
2023-08-28,East,Product C,Online,Enterprise,7776.62,19,5,4,5,0,89,4822.0,747.37,0,1
2023-08-28,East,Product C,Online,SMB,5302.37,13,5,4,5,0,59,3292.01,457.91,0,1
2023-08-28,East,Product C,Retail Partner,Enterprise,5336.7,13,4,3,4,0,60,3331.96,247.14,0,1
2023-08-28,East,Product C,Retail Partner,SMB,3716.18,9,3,3,3,0,40,2325.48,198.11,0,0
2023-08-28,West,Product A,Online,Enterprise,11795.08,44,13,10,13,1,218,6584.9,1040.38,1,2
2023-08-28,West,Product A,Online,SMB,8369.81,30,12,9,12,1,132,4625.57,684.45,1,3
2023-08-28,West,Product A,Retail Partner,Enterprise,8373.32,31,9,7,9,0,159,4647.39,428.92,1,2
2023-08-28,West,Product A,Retail Partner,SMB,5242.41,20,8,6,8,0,98,2973.69,267.44,0,1
2023-08-28,West,Product B,Online,Enterprise,5765.16,30,8,7,8,0,151,3506.74,497.9,0,1
2023-08-28,West,Product B,Online,SMB,3942.93,20,8,6,8,0,107,2393.93,388.95,1,1
2023-08-28,West,Product B,Retail Partner,Enterprise,4647.1,24,7,6,7,0,124,2888.93,247.92,0,1
2023-08-28,West,Product B,Retail Partner,SMB,2802.65,15,6,4,6,0,77,1727.57,157.42,0,1
2023-08-28,West,Product C,Online,Enterprise,9330.0,23,6,5,6,0,122,5940.09,956.59,0,1
2023-08-28,West,Product C,Online,SMB,6214.83,15,6,4,6,0,77,3822.37,672.22,0,1
2023-08-28,West,Product C,Retail Partner,Enterprise,7387.66,17,5,4,5,0,89,4509.7,360.93,0,1
2023-08-28,West,Product C,Retail Partner,SMB,4560.68,11,4,3,4,0,58,2866.99,243.51,0,1
2023-09-04,North,Product A,Online,Enterprise,12473.48,47,13,10,13,1,235,6972.73,1092.52,1,2
2023-09-04,North,Product A,Online,SMB,7626.81,28,11,9,11,1,144,4268.14,647.56,1,2
2023-09-04,North,Product A,Retail Partner,Enterprise,8404.14,32,9,7,9,0,167,4731.74,410.04,1,1
2023-09-04,North,Product A,Retail Partner,SMB,5586.07,20,8,6,8,0,114,3093.52,259.59,1,1
2023-09-04,North,Product B,Online,Enterprise,6598.73,35,10,8,10,0,161,4122.58,600.78,1,1
2023-09-04,North,Product B,Online,SMB,4073.95,21,8,7,8,0,113,2464.67,436.92,0,1
2023-09-04,North,Product B,Retail Partner,Enterprise,4960.11,26,7,6,7,0,114,2996.9,306.1,1,1
2023-09-04,North,Product B,Retail Partner,SMB,2975.28,16,6,5,6,0,86,1832.4,147.03,0,1
2023-09-04,North,Product C,Online,Enterprise,10712.09,26,7,6,7,0,137,6690.63,948.82,0,1
2023-09-04,North,Product C,Online,SMB,6983.05,17,6,5,6,0,85,4256.59,658.23,0,1
2023-09-04,North,Product C,Retail Partner,Enterprise,6811.59,17,5,4,5,0,97,4328.24,363.02,0,1
2023-09-04,North,Product C,Retail Partner,SMB,4810.34,12,4,4,4,0,62,2984.55,250.91,0,1
2023-09-04,South,Product A,Online,Enterprise,11002.88,41,12,9,12,0,184,6123.2,1120.35,1,2
2023-09-04,South,Product A,Online,SMB,7073.99,26,10,7,10,1,118,3882.62,664.15,0,1
2023-09-04,South,Product A,Retail Partner,Enterprise,6820.51,25,7,6,7,0,127,3764.92,373.93,0,1
2023-09-04,South,Product A,Retail Partner,SMB,4540.56,17,6,5,6,0,85,2553.37,232.44,0,1
2023-09-04,South,Product B,Online,Enterprise,5575.16,29,8,7,8,0,146,3520.57,593.93,1,1
2023-09-04,South,Product B,Online,SMB,3199.54,17,6,5,6,0,92,1950.43,308.83,0,1
2023-09-04,South,Product B,Retail Partner,Enterprise,4090.06,21,6,4,6,0,98,2453.8,211.33,0,1
2023-09-04,South,Product B,Retail Partner,SMB,2386.47,12,5,4,5,0,69,1439.78,118.63,0,1
2023-09-04,South,Product C,Online,Enterprise,8178.95,19,6,4,6,0,102,4962.46,839.28,0,1
2023-09-04,South,Product C,Online,SMB,5915.11,14,5,4,5,0,62,3630.94,546.07,0,1
2023-09-04,South,Product C,Retail Partner,Enterprise,5474.53,14,4,3,4,0,77,3530.96,281.01,0,1
2023-09-04,South,Product C,Retail Partner,SMB,3910.39,9,4,3,4,0,45,2402.16,205.8,0,1
2023-09-04,East,Product A,Online,Enterprise,7645.79,29,8,6,8,0,172,4291.21,710.83,1,1
2023-09-04,East,Product A,Online,SMB,5941.43,22,8,7,8,0,107,3355.15,593.98,0,1
2023-09-04,East,Product A,Retail Partner,Enterprise,6273.9,23,7,5,7,0,123,3547.53,333.58,0,1
2023-09-04,East,Product A,Retail Partner,SMB,3861.42,14,5,4,5,0,74,2144.16,200.93,0,1
2023-09-04,East,Product B,Online,Enterprise,4363.19,23,7,5,7,0,120,2666.88,404.91,0,1
2023-09-04,East,Product B,Online,SMB,3261.92,17,6,5,6,0,79,1954.67,308.19,0,1
2023-09-04,East,Product B,Retail Partner,Enterprise,3123.66,17,5,4,5,0,90,1936.64,152.48,0,1
2023-09-04,East,Product B,Retail Partner,SMB,2314.66,12,5,4,5,0,60,1432.56,131.54,0,1
2023-09-04,East,Product C,Online,Enterprise,7688.27,19,5,4,5,0,90,4820.42,731.76,0,1
2023-09-04,East,Product C,Online,SMB,4470.16,11,4,3,4,0,66,2741.92,406.31,0,1
2023-09-04,East,Product C,Retail Partner,Enterprise,5738.21,14,4,3,4,0,65,3546.25,361.08,0,0
2023-09-04,East,Product C,Retail Partner,SMB,3541.77,8,3,3,3,0,42,2221.55,183.08,0,0
2023-09-04,West,Product A,Online,Enterprise,10763.4,40,11,9,11,0,206,6065.64,995.87,1,1
2023-09-04,West,Product A,Online,SMB,6930.83,25,10,8,10,0,140,3850.23,672.23,1,2
2023-09-04,West,Product A,Retail Partner,Enterprise,7762.14,29,8,6,8,0,147,4314.55,401.73,1,1
2023-09-04,West,Product A,Retail Partner,SMB,5574.43,20,8,6,8,0,101,3115.62,275.46,0,1
2023-09-04,West,Product B,Online,Enterprise,5652.46,30,9,7,9,1,152,3523.11,528.28,1,1
2023-09-04,West,Product B,Online,SMB,3861.76,21,8,6,8,0,99,2361.82,354.8,0,1
2023-09-04,West,Product B,Retail Partner,Enterprise,4230.79,22,6,5,6,0,116,2578.83,235.39,0,1
2023-09-04,West,Product B,Retail Partner,SMB,2655.22,14,5,4,5,0,74,1637.05,132.47,0,1
2023-09-04,West,Product C,Online,Enterprise,9900.8,24,7,5,7,0,119,6243.89,982.47,0,1
2023-09-04,West,Product C,Online,SMB,6578.26,16,6,5,6,0,80,4066.53,604.86,0,1
2023-09-04,West,Product C,Retail Partner,Enterprise,6870.54,16,5,4,5,0,88,4253.46,392.2,0,1
2023-09-04,West,Product C,Retail Partner,SMB,4788.03,11,4,3,4,0,58,2967.87,224.01,0,1
2023-09-11,North,Product A,Online,Enterprise,11398.55,42,12,9,12,1,230,6304.55,910.62,1,1
2023-09-11,North,Product A,Online,SMB,7832.18,28,11,8,11,1,153,4313.67,744.52,0,1
2023-09-11,North,Product A,Retail Partner,Enterprise,9357.83,34,10,8,10,1,172,5071.87,478.45,1,1
2023-09-11,North,Product A,Retail Partner,SMB,6333.91,23,9,7,9,0,109,3469.66,391.61,1,1
2023-09-11,North,Product B,Online,Enterprise,6056.24,32,9,7,9,1,166,3816.39,567.88,0,1
2023-09-11,North,Product B,Online,SMB,4721.07,25,10,7,10,1,116,2930.41,518.71,1,1
2023-09-11,North,Product B,Retail Partner,Enterprise,4559.76,24,7,5,7,0,122,2779.55,233.16,0,1
2023-09-11,North,Product B,Retail Partner,SMB,3172.22,17,6,5,6,1,83,1945.34,173.84,0,1
2023-09-11,North,Product C,Online,Enterprise,9623.79,23,6,5,6,0,121,5716.49,878.46,0,1
2023-09-11,North,Product C,Online,SMB,6575.09,16,6,5,6,0,86,4178.93,620.74,0,1
2023-09-11,North,Product C,Retail Partner,Enterprise,7262.88,18,5,4,5,0,90,4589.62,384.47,0,1
2023-09-11,North,Product C,Retail Partner,SMB,4963.79,12,5,4,5,0,59,3068.68,250.26,0,1
2023-09-11,South,Product A,Online,Enterprise,9830.27,36,10,8,10,1,184,5471.66,916.33,1,1
2023-09-11,South,Product A,Online,SMB,6429.96,24,9,7,9,0,133,3577.45,530.36,1,1
2023-09-11,South,Product A,Retail Partner,Enterprise,6359.23,24,7,6,7,0,132,3587.7,325.76,1,1
2023-09-11,South,Product A,Retail Partner,SMB,4747.53,17,7,5,7,0,93,2554.72,236.54,0,1
2023-09-11,South,Product B,Online,Enterprise,5083.51,27,8,6,8,0,142,3113.56,508.95,0,1
2023-09-11,South,Product B,Online,SMB,3163.54,16,6,5,6,0,96,1923.85,279.29,0,1
2023-09-11,South,Product B,Retail Partner,Enterprise,3922.82,20,6,5,6,0,103,2388.7,204.37,0,1
2023-09-11,South,Product B,Retail Partner,SMB,2655.87,14,5,4,5,0,67,1614.85,156.27,0,1
2023-09-11,South,Product C,Online,Enterprise,8992.77,21,6,5,6,0,97,5551.5,830.08,0,1
2023-09-11,South,Product C,Online,SMB,5224.53,12,5,4,5,0,64,3193.55,537.62,0,1
2023-09-11,South,Product C,Retail Partner,Enterprise,5651.34,13,4,3,4,0,75,3477.07,328.14,0,1
2023-09-11,South,Product C,Retail Partner,SMB,4446.56,11,4,3,4,0,51,2787.73,241.1,0,1
2023-09-11,East,Product A,Online,Enterprise,8387.72,31,9,7,9,0,172,4599.24,778.0,1,1
2023-09-11,East,Product A,Online,SMB,5532.38,21,8,6,8,0,116,3085.66,558.94,1,1
2023-09-11,East,Product A,Retail Partner,Enterprise,6471.74,24,7,5,7,0,124,3671.49,301.51,0,1
2023-09-11,East,Product A,Retail Partner,SMB,4211.21,16,6,5,6,0,81,2369.12,242.37,1,1
2023-09-11,East,Product B,Online,Enterprise,4175.53,22,6,5,6,0,120,2569.77,370.25,0,1
2023-09-11,East,Product B,Online,SMB,3166.5,17,6,5,6,0,86,1979.88,276.1,0,1
2023-09-11,East,Product B,Retail Partner,Enterprise,3190.18,17,5,4,5,0,91,2028.1,173.82,0,1
2023-09-11,East,Product B,Retail Partner,SMB,2119.19,11,4,3,4,0,53,1287.94,112.64,0,1
2023-09-11,East,Product C,Online,Enterprise,7208.09,17,5,4,5,0,80,4444.36,644.11,0,1
2023-09-11,East,Product C,Online,SMB,4698.85,11,4,3,4,0,58,2907.65,456.03,0,1
2023-09-11,East,Product C,Retail Partner,Enterprise,4377.25,10,3,2,3,0,66,2718.58,223.5,0,0
2023-09-11,East,Product C,Retail Partner,SMB,3398.2,8,3,2,3,0,46,2114.96,182.27,0,0
2023-09-11,West,Product A,Online,Enterprise,10723.51,40,11,9,11,0,215,5933.52,1023.17,1,2
2023-09-11,West,Product A,Online,SMB,7717.22,28,11,9,11,1,142,4238.88,734.11,1,2
2023-09-11,West,Product A,Retail Partner,Enterprise,8525.74,32,9,7,9,0,151,4888.6,493.88,1,1
2023-09-11,West,Product A,Retail Partner,SMB,5189.94,19,7,6,7,0,101,2900.96,289.33,0,1
2023-09-11,West,Product B,Online,Enterprise,6108.0,32,9,7,9,1,165,3772.9,654.38,0,2
2023-09-11,West,Product B,Online,SMB,4035.94,21,8,6,8,0,113,2472.2,398.62,1,2
2023-09-11,West,Product B,Retail Partner,Enterprise,4597.52,24,7,5,7,0,104,2807.35,228.21,0,1
2023-09-11,West,Product B,Retail Partner,SMB,3003.07,16,6,5,6,0,71,1839.08,175.5,0,1
2023-09-11,West,Product C,Online,Enterprise,10079.22,24,7,5,7,0,119,6270.26,1094.8,0,1
2023-09-11,West,Product C,Online,SMB,5712.39,14,5,4,5,0,78,3627.08,521.45,0,1
2023-09-11,West,Product C,Retail Partner,Enterprise,6449.6,15,4,3,4,0,86,4018.34,292.69,0,1
2023-09-11,West,Product C,Retail Partner,SMB,4785.75,11,4,3,4,0,60,2935.18,243.19,0,1
2023-09-18,North,Product A,Online,Enterprise,12567.94,46,13,10,13,0,228,6966.38,1115.88,1,2
2023-09-18,North,Product A,Online,SMB,8616.34,32,12,9,12,1,138,4816.07,842.89,1,2
2023-09-18,North,Product A,Retail Partner,Enterprise,8804.09,33,9,7,9,0,173,4924.89,475.77,1,1
2023-09-18,North,Product A,Retail Partner,SMB,5423.38,20,8,6,8,0,118,3072.74,296.1,0,1
2023-09-18,North,Product B,Online,Enterprise,6253.14,32,9,7,9,0,172,3851.75,541.11,0,1
2023-09-18,North,Product B,Online,SMB,4296.5,22,9,7,9,0,125,2624.28,385.76,1,1
2023-09-18,North,Product B,Retail Partner,Enterprise,4381.85,23,6,5,6,0,117,2664.89,211.84,0,1
2023-09-18,North,Product B,Retail Partner,SMB,3045.92,16,6,5,6,0,79,1888.14,166.74,0,1
2023-09-18,North,Product C,Online,Enterprise,11269.02,26,7,6,7,0,122,6856.5,1049.06,0,1
2023-09-18,North,Product C,Online,SMB,6735.26,16,6,5,6,0,81,4200.18,682.84,0,1
2023-09-18,North,Product C,Retail Partner,Enterprise,6538.63,16,5,4,5,0,95,4139.67,359.4,0,1
2023-09-18,North,Product C,Retail Partner,SMB,4615.01,11,4,3,4,0,60,2863.92,235.39,0,1
2023-09-18,South,Product A,Online,Enterprise,8783.49,32,9,7,9,0,183,4883.94,788.43,1,1
2023-09-18,South,Product A,Online,SMB,6360.7,23,9,7,9,0,125,3511.62,528.21,0,1
2023-09-18,South,Product A,Retail Partner,Enterprise,7092.05,26,7,6,7,0,130,3978.66,355.58,1,1
2023-09-18,South,Product A,Retail Partner,SMB,4721.73,18,7,5,7,0,89,2606.71,241.81,0,1
2023-09-18,South,Product B,Online,Enterprise,5713.69,30,9,6,9,0,143,3535.56,484.55,0,1
2023-09-18,South,Product B,Online,SMB,3400.59,18,7,6,7,0,97,2102.26,297.86,1,1
2023-09-18,South,Product B,Retail Partner,Enterprise,3524.88,18,5,4,5,0,93,2152.92,178.93,0,1
2023-09-18,South,Product B,Retail Partner,SMB,2729.98,14,6,4,6,0,70,1680.4,141.5,0,1
2023-09-18,South,Product C,Online,Enterprise,7864.15,19,5,4,5,0,102,4948.37,898.28,0,1
2023-09-18,South,Product C,Online,SMB,5529.22,13,5,4,5,0,68,3399.18,579.26,0,1
2023-09-18,South,Product C,Retail Partner,Enterprise,5679.72,14,4,3,4,0,78,3495.79,299.92,0,1
2023-09-18,South,Product C,Retail Partner,SMB,4108.49,10,4,3,4,0,46,2561.66,209.32,0,1
2023-09-18,East,Product A,Online,Enterprise,8024.75,30,8,7,8,1,169,4499.47,737.45,0,1
2023-09-18,East,Product A,Online,SMB,5734.25,21,8,7,8,0,113,3190.27,638.81,1,1
2023-09-18,East,Product A,Retail Partner,Enterprise,6331.04,23,6,5,6,0,108,3382.75,308.2,0,1
2023-09-18,East,Product A,Retail Partner,SMB,4586.24,17,7,5,7,0,74,2496.67,212.3,0,1
2023-09-18,East,Product B,Online,Enterprise,4375.31,23,6,5,6,0,120,2644.38,344.11,0,1
2023-09-18,East,Product B,Online,SMB,3284.08,17,7,5,7,0,78,2011.5,289.05,1,1
2023-09-18,East,Product B,Retail Partner,Enterprise,3447.13,18,5,4,5,0,76,2131.47,168.61,0,1
2023-09-18,East,Product B,Retail Partner,SMB,2178.56,11,4,4,4,0,56,1338.97,113.81,0,0
2023-09-18,East,Product C,Online,Enterprise,7625.86,18,5,4,5,0,88,4654.6,791.94,0,1
2023-09-18,East,Product C,Online,SMB,4733.65,11,4,3,4,0,57,2956.93,448.13,0,1
2023-09-18,East,Product C,Retail Partner,Enterprise,5531.41,13,4,3,4,0,63,3393.19,274.59,0,0
2023-09-18,East,Product C,Retail Partner,SMB,3582.55,9,3,3,3,0,41,2170.44,157.38,0,1
2023-09-18,West,Product A,Online,Enterprise,11535.59,42,12,9,12,0,206,6409.96,1003.21,1,2
2023-09-18,West,Product A,Online,SMB,7128.09,26,10,8,10,0,151,3963.93,650.99,1,1
2023-09-18,West,Product A,Retail Partner,Enterprise,7513.89,27,8,6,8,0,157,4128.58,390.11,1,1
2023-09-18,West,Product A,Retail Partner,SMB,5948.8,22,8,7,8,0,102,3308.23,297.86,0,1
2023-09-18,West,Product B,Online,Enterprise,6157.32,32,9,7,9,0,145,3773.13,567.74,1,1
2023-09-18,West,Product B,Online,SMB,3916.2,20,8,6,8,0,115,2412.03,353.89,1,1
2023-09-18,West,Product B,Retail Partner,Enterprise,3931.88,21,6,5,6,0,123,2436.03,198.16,0,1
2023-09-18,West,Product B,Retail Partner,SMB,2810.32,14,6,4,6,0,79,1707.18,131.75,0,1
2023-09-18,West,Product C,Online,Enterprise,10174.43,24,7,5,7,0,121,6330.73,901.76,0,1
2023-09-18,West,Product C,Online,SMB,6675.24,16,6,5,6,0,85,4202.88,597.68,0,1
2023-09-18,West,Product C,Retail Partner,Enterprise,7137.2,17,5,4,5,0,81,4365.25,348.1,0,1
2023-09-18,West,Product C,Retail Partner,SMB,4069.48,10,4,3,4,0,54,2550.26,198.95,0,1
2023-09-25,North,Product A,Online,Enterprise,12342.13,45,13,10,13,1,228,6872.55,1132.1,1,2
2023-09-25,North,Product A,Online,SMB,8402.77,32,12,10,12,0,156,4809.1,879.25,1,2
2023-09-25,North,Product A,Retail Partner,Enterprise,8530.55,32,9,7,9,0,168,4826.48,479.96,1,2
2023-09-25,North,Product A,Retail Partner,SMB,5791.18,21,8,6,8,0,114,3179.04,341.68,0,1
2023-09-25,North,Product B,Online,Enterprise,6818.15,35,10,8,10,1,168,4130.19,726.81,1,1
2023-09-25,North,Product B,Online,SMB,4806.5,25,10,7,10,0,105,2896.43,432.28,1,1
2023-09-25,North,Product B,Retail Partner,Enterprise,4370.63,23,6,5,6,0,125,2635.01,218.73,0,1
2023-09-25,North,Product B,Retail Partner,SMB,3164.67,16,6,5,6,0,81,1934.47,161.11,0,1
2023-09-25,North,Product C,Online,Enterprise,11408.99,26,8,6,8,0,124,6952.14,1127.58,1,1
2023-09-25,North,Product C,Online,SMB,6960.18,17,6,5,6,0,83,4386.56,617.95,0,1
2023-09-25,North,Product C,Retail Partner,Enterprise,7546.5,18,5,4,5,0,88,4610.97,390.15,0,1
2023-09-25,North,Product C,Retail Partner,SMB,4787.64,11,4,3,4,0,60,2959.2,260.54,0,1
2023-09-25,South,Product A,Online,Enterprise,10280.95,39,11,9,11,0,180,5822.37,885.78,1,1
2023-09-25,South,Product A,Online,SMB,6364.61,24,9,7,9,0,118,3561.17,527.12,0,2
2023-09-25,South,Product A,Retail Partner,Enterprise,6871.6,25,7,6,7,0,134,3841.87,349.4,1,1
2023-09-25,South,Product A,Retail Partner,SMB,4666.84,17,6,5,6,0,95,2549.75,230.92,0,1
2023-09-25,South,Product B,Online,Enterprise,5071.31,27,8,6,8,0,139,3175.86,490.71,0,1
2023-09-25,South,Product B,Online,SMB,3538.92,18,7,6,7,0,94,2188.23,352.62,0,1
2023-09-25,South,Product B,Retail Partner,Enterprise,3554.97,19,5,4,5,0,95,2204.68,193.56,0,1
2023-09-25,South,Product B,Retail Partner,SMB,2558.7,13,5,4,5,0,69,1575.31,136.75,0,1
2023-09-25,South,Product C,Online,Enterprise,8725.61,21,6,4,6,0,93,5348.68,962.68,1,1
2023-09-25,South,Product C,Online,SMB,5612.13,13,5,4,5,0,73,3447.48,475.31,0,1
2023-09-25,South,Product C,Retail Partner,Enterprise,6478.39,15,4,3,4,0,83,3949.59,381.69,0,1
2023-09-25,South,Product C,Retail Partner,SMB,3992.09,10,4,3,4,0,51,2483.32,202.65,0,1
2023-09-25,East,Product A,Online,Enterprise,8818.1,32,9,7,9,0,157,4885.3,933.65,1,1
2023-09-25,East,Product A,Online,SMB,5564.26,20,8,6,8,0,111,3112.84,423.23,0,1
2023-09-25,East,Product A,Retail Partner,Enterprise,5782.32,21,6,5,6,0,116,3173.78,311.26,0,1
2023-09-25,East,Product A,Retail Partner,SMB,4591.03,17,6,5,6,0,74,2555.11,247.77,0,1
2023-09-25,East,Product B,Online,Enterprise,4028.59,21,6,5,6,0,122,2496.71,448.65,0,1
2023-09-25,East,Product B,Online,SMB,3001.3,16,6,4,6,0,88,1849.91,308.78,0,1
2023-09-25,East,Product B,Retail Partner,Enterprise,3482.92,18,5,4,5,0,87,2102.64,197.49,0,1
2023-09-25,East,Product B,Retail Partner,SMB,2200.41,11,4,3,4,0,61,1376.79,120.44,0,1
2023-09-25,East,Product C,Online,Enterprise,7589.56,18,5,4,5,0,92,4774.65,663.79,0,1
2023-09-25,East,Product C,Online,SMB,4487.74,11,4,3,4,0,59,2851.9,421.67,0,1
2023-09-25,East,Product C,Retail Partner,Enterprise,5272.73,13,4,3,4,0,64,3320.38,294.03,0,0
2023-09-25,East,Product C,Retail Partner,SMB,3343.84,8,3,2,3,0,45,2059.31,154.89,0,0
2023-09-25,West,Product A,Online,Enterprise,10324.06,38,11,9,11,0,220,5709.04,927.29,1,2
2023-09-25,West,Product A,Online,SMB,7876.11,29,11,9,11,0,152,4308.44,700.75,1,2
2023-09-25,West,Product A,Retail Partner,Enterprise,8395.05,30,9,6,9,0,142,4518.75,458.05,0,1
2023-09-25,West,Product A,Retail Partner,SMB,5913.56,22,8,7,8,0,100,3325.0,332.18,1,1
2023-09-25,West,Product B,Online,Enterprise,5940.9,32,9,7,9,0,158,3701.9,559.11,1,1
2023-09-25,West,Product B,Online,SMB,3899.55,20,8,6,8,0,111,2312.25,367.59,1,1
2023-09-25,West,Product B,Retail Partner,Enterprise,4151.49,22,6,5,6,0,115,2566.8,222.48,0,1
2023-09-25,West,Product B,Retail Partner,SMB,2840.17,15,6,4,6,0,70,1748.2,159.21,0,1
2023-09-25,West,Product C,Online,Enterprise,9894.41,23,7,5,7,0,123,6123.79,839.65,1,1
2023-09-25,West,Product C,Online,SMB,6666.97,16,6,5,6,0,77,4260.75,612.85,0,1
2023-09-25,West,Product C,Retail Partner,Enterprise,6551.99,16,5,3,5,0,75,4125.63,292.52,0,1
2023-09-25,West,Product C,Retail Partner,SMB,4578.89,11,4,3,4,0,58,2793.33,244.05,0,1
2023-10-02,North,Product A,Online,Enterprise,11567.6,42,12,9,12,0,225,6418.93,890.57,1,2
2023-10-02,North,Product A,Online,SMB,7560.43,28,11,8,11,1,149,4222.17,714.84,1,1
2023-10-02,North,Product A,Retail Partner,Enterprise,9189.54,34,10,8,10,1,178,5072.8,484.79,0,2
2023-10-02,North,Product A,Retail Partner,SMB,5767.95,21,8,7,8,0,105,3304.73,313.69,0,1
2023-10-02,North,Product B,Online,Enterprise,6237.71,33,9,7,9,0,177,3847.58,524.62,1,1
2023-10-02,North,Product B,Online,SMB,3816.27,20,8,6,8,1,120,2401.37,320.12,0,1
2023-10-02,North,Product B,Retail Partner,Enterprise,4663.96,25,7,6,7,0,113,2877.29,215.44,1,1
2023-10-02,North,Product B,Retail Partner,SMB,2901.18,15,6,5,6,0,84,1750.3,141.53,0,1
2023-10-02,North,Product C,Online,Enterprise,10635.77,26,7,5,7,0,135,6699.93,987.75,1,1
2023-10-02,North,Product C,Online,SMB,7544.26,18,7,5,7,0,85,4695.09,686.86,0,1
2023-10-02,North,Product C,Retail Partner,Enterprise,7235.72,17,5,4,5,0,91,4437.76,377.63,0,1
2023-10-02,North,Product C,Retail Partner,SMB,4756.78,12,4,3,4,0,57,2983.79,255.66,0,1
2023-10-02,South,Product A,Online,Enterprise,9826.35,37,10,8,10,0,186,5545.56,961.59,1,1
2023-10-02,South,Product A,Online,SMB,6785.33,24,9,7,9,0,127,3642.32,616.48,1,1
2023-10-02,South,Product A,Retail Partner,Enterprise,7221.4,26,8,6,8,0,141,4022.16,385.29,1,1
2023-10-02,South,Product A,Retail Partner,SMB,4440.06,16,6,5,6,0,91,2489.51,205.69,0,1
2023-10-02,South,Product B,Online,Enterprise,4947.46,26,7,5,7,0,133,3103.65,448.21,0,1
2023-10-02,South,Product B,Online,SMB,3682.27,19,7,6,7,0,83,2212.91,352.65,0,1
2023-10-02,South,Product B,Retail Partner,Enterprise,3633.64,19,5,4,5,0,97,2235.9,202.27,0,1
2023-10-02,South,Product B,Retail Partner,SMB,2456.79,13,5,4,5,0,71,1507.12,143.41,0,1
2023-10-02,South,Product C,Online,Enterprise,7748.57,19,5,4,5,0,111,4894.55,722.61,0,1
2023-10-02,South,Product C,Online,SMB,5435.78,13,5,4,5,0,68,3378.31,506.65,0,1
2023-10-02,South,Product C,Retail Partner,Enterprise,5874.02,14,4,3,4,0,79,3664.39,344.67,0,1
2023-10-02,South,Product C,Retail Partner,SMB,3633.77,9,3,3,3,0,47,2310.0,186.72,0,1
2023-10-02,East,Product A,Online,Enterprise,8922.8,33,9,7,9,1,166,4945.57,919.99,1,1
2023-10-02,East,Product A,Online,SMB,6039.26,22,9,7,9,0,101,3368.1,581.51,1,1
2023-10-02,East,Product A,Retail Partner,Enterprise,6275.38,23,7,5,7,0,115,3440.7,327.58,0,1
2023-10-02,East,Product A,Retail Partner,SMB,4386.3,16,6,5,6,0,78,2417.82,247.15,0,1
2023-10-02,East,Product B,Online,Enterprise,4600.09,24,7,6,7,0,128,2817.16,412.38,1,1
2023-10-02,East,Product B,Online,SMB,2796.23,15,6,4,6,0,72,1744.57,307.31,0,1
2023-10-02,East,Product B,Retail Partner,Enterprise,3594.95,19,5,4,5,0,88,2182.27,185.48,0,1
2023-10-02,East,Product B,Retail Partner,SMB,2179.96,11,4,3,4,0,56,1285.7,115.83,0,1
2023-10-02,East,Product C,Online,Enterprise,6996.32,17,5,4,5,0,95,4461.2,695.52,0,1
2023-10-02,East,Product C,Online,SMB,4912.25,12,5,4,5,0,63,3089.74,471.89,0,1
2023-10-02,East,Product C,Retail Partner,Enterprise,5309.58,13,4,3,4,0,59,3345.84,319.5,0,1
2023-10-02,East,Product C,Retail Partner,SMB,3778.94,9,3,3,3,0,42,2350.36,179.49,0,0
2023-10-02,West,Product A,Online,Enterprise,10598.26,38,11,8,11,0,203,5684.64,1106.7,1,1
2023-10-02,West,Product A,Online,SMB,7637.99,28,11,8,11,0,144,4106.36,739.72,1,2
2023-10-02,West,Product A,Retail Partner,Enterprise,8680.62,32,9,7,9,0,149,4764.86,437.06,1,1
2023-10-02,West,Product A,Retail Partner,SMB,5047.97,19,7,5,7,0,92,2844.52,263.68,0,1
2023-10-02,West,Product B,Online,Enterprise,5569.24,29,8,7,8,0,163,3359.01,548.34,0,1
2023-10-02,West,Product B,Online,SMB,3772.56,20,8,6,8,0,106,2344.1,344.57,0,1
2023-10-02,West,Product B,Retail Partner,Enterprise,4271.85,23,6,5,6,0,113,2716.92,211.35,0,1
2023-10-02,West,Product B,Retail Partner,SMB,2771.06,15,6,4,6,0,79,1734.91,151.79,0,1
2023-10-02,West,Product C,Online,Enterprise,10277.56,25,7,5,7,0,111,6310.37,949.98,1,1
2023-10-02,West,Product C,Online,SMB,6302.74,15,6,5,6,0,82,3919.49,573.94,0,1
2023-10-02,West,Product C,Retail Partner,Enterprise,6626.25,16,4,3,4,0,79,4080.92,406.33,0,1
2023-10-02,West,Product C,Retail Partner,SMB,4243.11,10,4,3,4,0,59,2713.92,212.68,0,1
2023-10-09,North,Product A,Online,Enterprise,10999.79,41,12,9,12,1,218,6204.93,968.08,1,1
2023-10-09,North,Product A,Online,SMB,7507.26,28,11,8,11,0,149,4186.9,731.78,1,1
2023-10-09,North,Product A,Retail Partner,Enterprise,8820.6,32,9,7,9,0,159,4848.14,432.27,1,1
2023-10-09,North,Product A,Retail Partner,SMB,5936.52,22,8,7,8,0,106,3276.11,313.79,1,1
2023-10-09,North,Product B,Online,Enterprise,6125.72,32,9,8,9,1,171,3694.34,592.42,0,1
2023-10-09,North,Product B,Online,SMB,4376.27,23,9,6,9,0,117,2682.23,429.73,1,1
2023-10-09,North,Product B,Retail Partner,Enterprise,4487.66,24,7,5,7,0,120,2913.32,218.44,0,1
2023-10-09,North,Product B,Retail Partner,SMB,3246.98,17,7,5,7,0,79,1987.6,171.35,0,1
2023-10-09,North,Product C,Online,Enterprise,9540.27,23,7,5,7,0,124,5964.2,871.76,0,1
2023-10-09,North,Product C,Online,SMB,7523.84,18,7,5,7,0,82,4680.18,752.95,0,1
2023-10-09,North,Product C,Retail Partner,Enterprise,7274.71,18,5,4,5,0,90,4617.28,403.55,0,1
2023-10-09,North,Product C,Retail Partner,SMB,4970.21,12,5,4,5,0,60,3106.93,270.33,0,1
2023-10-09,South,Product A,Online,Enterprise,10269.55,38,11,9,11,0,182,5703.71,880.64,1,1
2023-10-09,South,Product A,Online,SMB,6174.73,23,9,7,9,0,124,3446.92,615.21,1,2
2023-10-09,South,Product A,Retail Partner,Enterprise,7174.91,26,7,6,7,0,130,3944.7,376.3,0,1
2023-10-09,South,Product A,Retail Partner,SMB,4840.18,18,7,5,7,0,91,2698.08,245.31,0,1
2023-10-09,South,Product B,Online,Enterprise,5055.46,26,8,6,8,0,145,3144.36,426.15,0,1
2023-10-09,South,Product B,Online,SMB,3323.68,18,7,6,7,0,92,2120.14,339.95,0,1
2023-10-09,South,Product B,Retail Partner,Enterprise,3521.15,18,5,4,5,0,101,2217.35,179.14,0,1
2023-10-09,South,Product B,Retail Partner,SMB,2382.49,12,5,4,5,0,59,1459.87,128.64,0,1
2023-10-09,South,Product C,Online,Enterprise,8330.66,20,6,4,6,0,105,5060.51,611.97,0,1
2023-10-09,South,Product C,Online,SMB,5790.19,14,5,4,5,0,66,3571.86,551.93,0,1
2023-10-09,South,Product C,Retail Partner,Enterprise,5862.69,14,4,3,4,0,74,3696.74,308.28,0,1
2023-10-09,South,Product C,Retail Partner,SMB,4064.56,10,4,3,4,0,48,2465.89,191.52,0,1
2023-10-09,East,Product A,Online,Enterprise,8834.74,32,9,7,9,0,162,4935.79,812.31,0,1
2023-10-09,East,Product A,Online,SMB,5176.31,19,7,5,7,0,105,2933.01,450.1,0,1
2023-10-09,East,Product A,Retail Partner,Enterprise,6898.4,25,7,5,7,0,124,3786.13,377.77,0,1
2023-10-09,East,Product A,Retail Partner,SMB,3871.59,14,5,4,5,0,77,2173.49,238.58,0,1
2023-10-09,East,Product B,Online,Enterprise,4628.11,24,7,5,7,0,118,2780.06,436.12,0,1
2023-10-09,East,Product B,Online,SMB,2706.22,14,5,4,5,0,82,1649.09,263.53,0,1
2023-10-09,East,Product B,Retail Partner,Enterprise,3369.69,17,5,4,5,0,85,2054.72,186.47,0,1
2023-10-09,East,Product B,Retail Partner,SMB,2200.13,11,4,4,4,0,54,1344.6,122.53,0,1
2023-10-09,East,Product C,Online,Enterprise,7630.32,18,5,4,5,0,89,4578.6,640.16,0,1
2023-10-09,East,Product C,Online,SMB,4550.11,11,4,3,4,0,56,2819.78,451.48,0,1
2023-10-09,East,Product C,Retail Partner,Enterprise,5873.95,14,4,3,4,0,71,3628.71,315.05,0,1
2023-10-09,East,Product C,Retail Partner,SMB,3827.64,9,4,3,4,0,41,2347.41,199.2,0,0
2023-10-09,West,Product A,Online,Enterprise,11730.82,43,12,9,12,1,206,6554.93,989.94,1,2
2023-10-09,West,Product A,Online,SMB,7284.08,26,10,8,10,1,144,3961.93,653.7,1,1
2023-10-09,West,Product A,Retail Partner,Enterprise,8490.67,32,9,7,9,1,150,4926.47,413.36,1,2
2023-10-09,West,Product A,Retail Partner,SMB,5820.06,21,8,6,8,0,100,3252.05,310.16,0,1
2023-10-09,West,Product B,Online,Enterprise,6065.55,32,9,7,9,0,159,3762.95,603.56,1,1
2023-10-09,West,Product B,Online,SMB,4118.54,22,8,6,8,0,96,2515.98,376.03,0,1
2023-10-09,West,Product B,Retail Partner,Enterprise,4348.5,23,7,5,7,0,107,2721.26,240.05,0,1
2023-10-09,West,Product B,Retail Partner,SMB,2879.66,15,6,5,6,0,65,1769.87,153.44,0,1
2023-10-09,West,Product C,Online,Enterprise,8952.45,22,6,5,6,0,113,5650.85,838.97,0,1
2023-10-09,West,Product C,Online,SMB,5569.65,13,5,4,5,0,79,3479.26,574.32,0,1
2023-10-09,West,Product C,Retail Partner,Enterprise,6466.83,16,5,3,5,0,79,4122.44,333.26,0,1
2023-10-09,West,Product C,Retail Partner,SMB,4868.19,12,5,3,5,0,54,3006.96,254.61,0,1
2023-10-16,North,Product A,Online,Enterprise,11979.1,45,13,10,13,0,239,6809.97,1163.76,1,2
2023-10-16,North,Product A,Online,SMB,9144.8,34,13,10,13,0,150,5063.9,757.99,1,2
2023-10-16,North,Product A,Retail Partner,Enterprise,8445.33,31,9,7,9,0,156,4743.82,462.39,0,1
2023-10-16,North,Product A,Retail Partner,SMB,5550.56,20,8,6,8,0,99,3034.21,264.44,0,2
2023-10-16,North,Product B,Online,Enterprise,5862.46,30,9,7,9,0,172,3580.09,556.87,0,1
2023-10-16,North,Product B,Online,SMB,4341.81,23,9,7,9,1,105,2680.95,339.79,1,1
2023-10-16,North,Product B,Retail Partner,Enterprise,4226.97,22,6,5,6,0,121,2631.19,216.56,0,1
2023-10-16,North,Product B,Retail Partner,SMB,3050.93,16,6,5,6,0,76,1824.71,138.5,0,1
2023-10-16,North,Product C,Online,Enterprise,9783.62,23,7,5,7,0,133,5969.27,926.25,0,1
2023-10-16,North,Product C,Online,SMB,6726.84,16,6,5,6,0,81,4103.64,656.3,0,1
2023-10-16,North,Product C,Retail Partner,Enterprise,7193.3,17,5,4,5,0,93,4522.2,387.96,0,1
2023-10-16,North,Product C,Retail Partner,SMB,4552.58,11,4,3,4,0,54,2836.32,268.31,0,0
2023-10-16,South,Product A,Online,Enterprise,10450.11,38,11,8,11,0,190,5736.97,1030.36,1,2
2023-10-16,South,Product A,Online,SMB,6668.56,24,9,8,9,0,127,3598.66,630.69,0,2
2023-10-16,South,Product A,Retail Partner,Enterprise,7319.7,27,8,6,8,0,127,4054.65,341.67,0,1
2023-10-16,South,Product A,Retail Partner,SMB,5064.99,19,7,6,7,0,84,2871.24,263.95,0,1
2023-10-16,South,Product B,Online,Enterprise,5395.07,28,8,6,8,0,133,3276.18,549.7,1,1
2023-10-16,South,Product B,Online,SMB,3413.77,18,7,5,7,0,87,2101.17,346.15,0,1
2023-10-16,South,Product B,Retail Partner,Enterprise,3751.97,19,6,4,6,0,92,2307.55,192.62,0,1
2023-10-16,South,Product B,Retail Partner,SMB,2392.22,13,5,4,5,0,66,1465.56,120.4,0,1
2023-10-16,South,Product C,Online,Enterprise,8892.23,21,6,5,6,0,110,5431.66,764.02,0,1
2023-10-16,South,Product C,Online,SMB,5228.84,12,5,4,5,0,70,3194.24,494.23,0,1
2023-10-16,South,Product C,Retail Partner,Enterprise,5782.17,14,4,3,4,0,77,3546.03,350.34,0,1
2023-10-16,South,Product C,Retail Partner,SMB,3972.23,9,4,3,4,0,49,2494.46,229.26,0,1
2023-10-16,East,Product A,Online,Enterprise,8572.0,31,9,7,9,0,147,4724.55,736.71,1,1
2023-10-16,East,Product A,Online,SMB,5685.63,21,8,6,8,0,111,3134.26,577.91,1,1
2023-10-16,East,Product A,Retail Partner,Enterprise,6413.68,23,7,5,7,0,120,3576.53,305.42,0,1
2023-10-16,East,Product A,Retail Partner,SMB,3869.05,14,5,4,5,0,67,2154.72,175.92,0,1
2023-10-16,East,Product B,Online,Enterprise,4911.95,26,7,6,7,0,120,2965.99,444.58,1,1
2023-10-16,East,Product B,Online,SMB,2826.97,15,6,4,6,0,79,1773.57,282.6,0,1
2023-10-16,East,Product B,Retail Partner,Enterprise,3100.33,16,5,4,5,0,82,1940.15,158.35,0,1
2023-10-16,East,Product B,Retail Partner,SMB,2287.73,12,5,3,5,0,56,1345.81,94.52,0,1
2023-10-16,East,Product C,Online,Enterprise,7495.87,18,5,4,5,0,82,4581.68,728.04,0,1
2023-10-16,East,Product C,Online,SMB,4795.54,12,4,4,4,0,63,2957.87,465.37,0,1
2023-10-16,East,Product C,Retail Partner,Enterprise,5507.88,13,4,3,4,0,66,3403.79,332.95,0,1
2023-10-16,East,Product C,Retail Partner,SMB,3469.22,8,3,3,3,0,43,2188.46,201.39,0,0
2023-10-16,West,Product A,Online,Enterprise,11876.76,44,12,10,12,0,198,6524.7,1154.19,1,2
2023-10-16,West,Product A,Online,SMB,7816.93,29,11,9,11,1,131,4305.82,710.97,1,1
2023-10-16,West,Product A,Retail Partner,Enterprise,9212.72,34,10,8,10,0,146,5124.08,456.43,1,1
2023-10-16,West,Product A,Retail Partner,SMB,5190.09,19,7,6,7,0,114,2927.21,284.52,0,1
2023-10-16,West,Product B,Online,Enterprise,5331.53,28,8,6,8,1,156,3225.15,510.43,0,1
2023-10-16,West,Product B,Online,SMB,4061.31,21,8,6,8,0,106,2468.97,381.94,0,2
2023-10-16,West,Product B,Retail Partner,Enterprise,4142.86,21,6,5,6,0,109,2504.65,210.16,0,1
2023-10-16,West,Product B,Retail Partner,SMB,2903.77,15,6,5,6,0,80,1769.74,149.95,0,1
2023-10-16,West,Product C,Online,Enterprise,9728.97,23,7,5,7,0,121,5956.87,856.82,0,1
2023-10-16,West,Product C,Online,SMB,5756.38,14,5,4,5,0,79,3484.14,580.24,0,1
2023-10-16,West,Product C,Retail Partner,Enterprise,7115.98,17,5,4,5,0,88,4467.93,362.38,0,1
2023-10-16,West,Product C,Retail Partner,SMB,4878.29,12,5,4,5,0,59,3062.68,261.84,0,1
2023-10-23,North,Product A,Online,Enterprise,13413.4,49,14,11,14,1,234,7402.9,1074.43,1,2
2023-10-23,North,Product A,Online,SMB,8783.29,33,13,10,13,1,158,4957.43,909.61,1,2
2023-10-23,North,Product A,Retail Partner,Enterprise,9065.97,33,9,7,9,0,162,4972.66,470.83,1,1
2023-10-23,North,Product A,Retail Partner,SMB,5744.44,21,8,6,8,0,110,3127.16,326.06,1,1
2023-10-23,North,Product B,Online,Enterprise,5927.48,31,9,7,9,0,158,3600.92,522.16,1,1
2023-10-23,North,Product B,Online,SMB,4563.61,23,9,7,9,1,116,2753.35,367.92,1,1
2023-10-23,North,Product B,Retail Partner,Enterprise,4539.48,24,7,5,7,0,122,2787.13,219.44,0,1
2023-10-23,North,Product B,Retail Partner,SMB,2778.44,14,5,4,5,0,78,1679.45,135.13,0,1
2023-10-23,North,Product C,Online,Enterprise,9415.43,23,6,5,6,0,126,5849.58,871.6,0,1
2023-10-23,North,Product C,Online,SMB,5944.6,14,6,4,6,0,87,3727.7,547.86,0,1
2023-10-23,North,Product C,Retail Partner,Enterprise,7914.72,19,5,4,5,0,85,4871.23,418.85,0,1
2023-10-23,North,Product C,Retail Partner,SMB,4693.07,11,4,3,4,0,61,2899.53,208.69,0,1
2023-10-23,South,Product A,Online,Enterprise,10562.48,39,11,9,11,1,224,5794.2,868.6,1,1
2023-10-23,South,Product A,Online,SMB,6630.6,25,9,7,9,0,127,3694.47,605.76,0,1
2023-10-23,South,Product A,Retail Partner,Enterprise,7292.5,27,8,6,8,0,134,4137.85,330.87,1,1
2023-10-23,South,Product A,Retail Partner,SMB,5192.93,19,7,6,7,0,89,2866.53,316.04,0,1
2023-10-23,South,Product B,Online,Enterprise,5352.2,28,8,6,8,0,132,3257.92,476.77,0,1
2023-10-23,South,Product B,Online,SMB,3171.88,17,6,5,6,0,92,1968.16,245.77,0,1
2023-10-23,South,Product B,Retail Partner,Enterprise,3439.96,18,5,4,5,0,97,2172.25,160.27,0,1
2023-10-23,South,Product B,Retail Partner,SMB,2595.42,13,5,4,5,0,67,1566.47,126.7,0,1
2023-10-23,South,Product C,Online,Enterprise,8465.79,20,6,4,6,0,113,5316.11,884.87,0,1
2023-10-23,South,Product C,Online,SMB,5755.87,14,5,4,5,0,69,3682.44,576.5,0,1
2023-10-23,South,Product C,Retail Partner,Enterprise,6939.05,17,5,4,5,0,76,4296.09,430.86,0,1
2023-10-23,South,Product C,Retail Partner,SMB,4130.7,10,4,3,4,0,50,2522.41,221.58,0,1
2023-10-23,East,Product A,Online,Enterprise,8705.15,32,9,7,9,0,171,4825.35,759.93,1,1
2023-10-23,East,Product A,Online,SMB,5783.33,22,8,7,8,0,107,3309.69,591.15,1,1
2023-10-23,East,Product A,Retail Partner,Enterprise,6524.48,24,7,6,7,0,118,3600.69,345.06,1,1
2023-10-23,East,Product A,Retail Partner,SMB,4377.71,16,6,5,6,0,74,2437.04,258.58,0,1
2023-10-23,East,Product B,Online,Enterprise,4392.3,23,7,5,7,0,121,2721.02,410.19,0,1
2023-10-23,East,Product B,Online,SMB,2973.85,15,6,5,6,0,79,1796.16,247.63,1,1
2023-10-23,East,Product B,Retail Partner,Enterprise,3244.74,17,5,4,5,0,86,2065.33,160.72,0,1
2023-10-23,East,Product B,Retail Partner,SMB,2207.24,11,4,4,4,0,57,1351.62,121.15,0,1
2023-10-23,East,Product C,Online,Enterprise,7242.69,17,5,4,5,0,88,4492.11,730.45,0,1
2023-10-23,East,Product C,Online,SMB,4729.44,11,4,3,4,0,59,2998.13,460.74,0,1
2023-10-23,East,Product C,Retail Partner,Enterprise,5087.47,12,3,3,3,0,61,3125.32,294.41,0,0
2023-10-23,East,Product C,Retail Partner,SMB,3344.76,8,3,2,3,0,39,2051.79,162.98,0,0
2023-10-23,West,Product A,Online,Enterprise,10965.18,41,12,9,12,1,228,6093.59,1147.49,1,2
2023-10-23,West,Product A,Online,SMB,7325.68,27,10,8,10,0,133,4086.21,607.0,1,2
2023-10-23,West,Product A,Retail Partner,Enterprise,8807.75,33,9,8,9,0,159,5005.9,418.64,1,1
2023-10-23,West,Product A,Retail Partner,SMB,5678.55,21,8,6,8,0,102,3292.84,336.24,1,1
2023-10-23,West,Product B,Online,Enterprise,6447.64,34,10,8,10,1,152,3945.2,583.61,1,2
2023-10-23,West,Product B,Online,SMB,3545.95,18,7,6,7,0,110,2207.39,290.84,0,2
2023-10-23,West,Product B,Retail Partner,Enterprise,4390.18,23,6,5,6,0,113,2675.18,262.21,0,1
2023-10-23,West,Product B,Retail Partner,SMB,2656.19,14,5,4,5,0,74,1625.78,135.41,0,1
2023-10-23,West,Product C,Online,Enterprise,10817.69,25,7,6,7,0,117,6451.38,899.42,1,1
2023-10-23,West,Product C,Online,SMB,5960.02,14,5,4,5,0,80,3751.16,605.76,0,1
2023-10-23,West,Product C,Retail Partner,Enterprise,6906.11,17,5,4,5,0,83,4264.77,413.37,0,1
2023-10-23,West,Product C,Retail Partner,SMB,4101.98,10,4,3,4,0,56,2536.83,187.12,0,1
2023-10-30,North,Product A,Online,Enterprise,12386.9,46,13,10,13,1,224,7050.04,1164.52,1,1
2023-10-30,North,Product A,Online,SMB,8585.04,31,12,9,12,0,150,4739.36,759.61,1,2
2023-10-30,North,Product A,Retail Partner,Enterprise,8328.88,30,9,7,9,0,167,4569.72,436.11,1,1
2023-10-30,North,Product A,Retail Partner,SMB,6226.44,23,9,7,9,1,118,3372.69,316.44,1,1
2023-10-30,North,Product B,Online,Enterprise,6451.99,34,10,8,10,0,168,4032.67,579.92,1,1
2023-10-30,North,Product B,Online,SMB,4252.44,22,8,7,8,0,112,2587.17,381.59,1,1
2023-10-30,North,Product B,Retail Partner,Enterprise,4537.59,24,7,5,7,0,124,2774.31,241.79,0,1
2023-10-30,North,Product B,Retail Partner,SMB,2950.71,15,6,5,6,0,80,1801.49,139.66,0,1
2023-10-30,North,Product C,Online,Enterprise,11811.06,28,8,6,8,0,132,7249.34,1021.18,1,1
2023-10-30,North,Product C,Online,SMB,6857.34,16,6,5,6,0,87,4296.77,688.28,0,1
2023-10-30,North,Product C,Retail Partner,Enterprise,7175.27,17,5,4,5,0,88,4526.24,370.33,0,1
2023-10-30,North,Product C,Retail Partner,SMB,4656.54,11,4,3,4,0,60,2858.1,238.5,0,1
2023-10-30,South,Product A,Online,Enterprise,9992.12,38,11,8,11,1,174,5674.58,800.32,1,2
2023-10-30,South,Product A,Online,SMB,6398.93,24,9,8,9,1,126,3625.06,565.74,1,1
2023-10-30,South,Product A,Retail Partner,Enterprise,6886.41,26,7,6,7,0,130,3913.78,340.98,0,1
2023-10-30,South,Product A,Retail Partner,SMB,4708.79,17,7,5,7,0,97,2627.53,229.44,0,1
2023-10-30,South,Product B,Online,Enterprise,5404.99,28,8,6,8,0,150,3322.35,497.43,1,1
2023-10-30,South,Product B,Online,SMB,3277.88,17,7,5,7,0,90,2006.78,303.58,1,1
2023-10-30,South,Product B,Retail Partner,Enterprise,3925.24,21,6,5,6,0,98,2458.29,193.34,0,1
2023-10-30,South,Product B,Retail Partner,SMB,2405.89,13,5,4,5,0,64,1495.02,137.9,0,1
2023-10-30,South,Product C,Online,Enterprise,8299.42,20,6,4,6,0,90,5189.23,672.32,0,1
2023-10-30,South,Product C,Online,SMB,6192.79,15,6,4,6,0,68,3733.15,578.88,0,1
2023-10-30,South,Product C,Retail Partner,Enterprise,5843.49,14,4,3,4,0,74,3691.74,298.16,0,0
2023-10-30,South,Product C,Retail Partner,SMB,4056.18,10,4,3,4,0,47,2540.13,210.94,0,0
2023-10-30,East,Product A,Online,Enterprise,9014.59,33,9,7,9,0,168,5007.42,783.4,1,2
2023-10-30,East,Product A,Online,SMB,5758.51,21,8,7,8,0,105,3196.3,469.95,1,1
2023-10-30,East,Product A,Retail Partner,Enterprise,6212.94,23,6,5,6,0,121,3481.93,301.15,0,1
2023-10-30,East,Product A,Retail Partner,SMB,4088.91,15,6,4,6,0,71,2294.99,207.55,0,1
2023-10-30,East,Product B,Online,Enterprise,4549.64,24,7,5,7,0,123,2833.49,388.87,0,1
2023-10-30,East,Product B,Online,SMB,3011.2,16,6,5,6,0,76,1836.4,258.29,0,1
2023-10-30,East,Product B,Retail Partner,Enterprise,3614.13,18,5,4,5,0,98,2181.4,259.65,0,1
2023-10-30,East,Product B,Retail Partner,SMB,2168.82,11,4,3,4,0,54,1312.36,94.47,0,1
2023-10-30,East,Product C,Online,Enterprise,7805.02,19,5,4,5,0,100,4852.91,636.48,0,1
2023-10-30,East,Product C,Online,SMB,4864.91,12,4,3,4,0,58,3026.48,416.24,0,1
2023-10-30,East,Product C,Retail Partner,Enterprise,5624.29,13,4,3,4,0,65,3458.07,291.7,0,1
2023-10-30,East,Product C,Retail Partner,SMB,3436.91,8,3,2,3,0,40,2132.85,181.42,0,1
2023-10-30,West,Product A,Online,Enterprise,11272.18,42,12,9,12,1,192,6377.14,1254.05,1,2
2023-10-30,West,Product A,Online,SMB,7359.13,27,10,8,10,0,131,4133.12,698.03,1,2
2023-10-30,West,Product A,Retail Partner,Enterprise,8269.84,30,8,7,8,0,153,4480.53,476.27,0,1
2023-10-30,West,Product A,Retail Partner,SMB,5351.29,19,7,6,7,0,95,2966.41,281.71,0,1
2023-10-30,West,Product B,Online,Enterprise,6072.14,32,9,7,9,0,159,3753.52,603.71,1,1
2023-10-30,West,Product B,Online,SMB,4217.24,22,8,7,8,0,101,2591.23,402.68,0,1
2023-10-30,West,Product B,Retail Partner,Enterprise,4424.96,23,7,5,7,0,130,2714.2,251.5,0,1
2023-10-30,West,Product B,Retail Partner,SMB,2286.54,12,5,4,5,0,83,1425.77,100.21,0,1
2023-10-30,West,Product C,Online,Enterprise,8898.41,22,6,5,6,0,123,5660.68,945.02,0,1
2023-10-30,West,Product C,Online,SMB,6637.73,16,6,5,6,0,79,4187.39,649.62,0,1
2023-10-30,West,Product C,Retail Partner,Enterprise,7313.56,17,5,4,5,0,87,4553.83,361.45,0,1
2023-10-30,West,Product C,Retail Partner,SMB,4496.37,11,4,3,4,0,57,2756.15,249.11,0,1
2023-11-06,North,Product A,Online,Enterprise,12382.72,45,13,10,13,1,221,6772.09,914.24,1,2
2023-11-06,North,Product A,Online,SMB,8045.17,30,11,9,11,1,158,4466.29,826.38,1,2
2023-11-06,North,Product A,Retail Partner,Enterprise,7835.53,29,8,7,8,1,159,4440.25,435.13,0,2
2023-11-06,North,Product A,Retail Partner,SMB,5483.22,20,8,6,8,0,107,3041.74,259.41,0,1
2023-11-06,North,Product B,Online,Enterprise,6220.65,32,9,7,9,0,177,3819.86,590.27,0,1
2023-11-06,North,Product B,Online,SMB,4409.85,23,9,7,9,0,101,2697.45,471.13,1,2
2023-11-06,North,Product B,Retail Partner,Enterprise,4455.82,23,7,5,7,0,123,2734.29,214.02,0,1
2023-11-06,North,Product B,Retail Partner,SMB,3385.6,17,7,5,7,0,73,2097.85,190.87,0,1
2023-11-06,North,Product C,Online,Enterprise,9338.25,22,6,5,6,0,115,5775.67,892.23,1,1
2023-11-06,North,Product C,Online,SMB,6689.61,16,6,5,6,0,81,4105.99,648.15,0,1
2023-11-06,North,Product C,Retail Partner,Enterprise,6956.34,17,5,4,5,0,82,4468.72,326.81,0,1
2023-11-06,North,Product C,Retail Partner,SMB,4746.78,11,4,3,4,0,57,2956.41,218.42,0,1
2023-11-06,South,Product A,Online,Enterprise,9577.46,36,10,8,10,0,191,5379.8,920.06,1,2
2023-11-06,South,Product A,Online,SMB,6752.5,25,9,7,9,0,120,3681.56,631.15,1,1
2023-11-06,South,Product A,Retail Partner,Enterprise,6613.95,24,7,5,7,0,134,3639.51,392.98,0,1
2023-11-06,South,Product A,Retail Partner,SMB,4555.28,17,7,5,7,0,88,2578.72,221.88,0,1
2023-11-06,South,Product B,Online,Enterprise,5279.14,28,8,6,8,0,125,3263.94,478.03,0,1
2023-11-06,South,Product B,Online,SMB,3375.53,18,7,5,7,0,85,2032.09,338.02,0,1
2023-11-06,South,Product B,Retail Partner,Enterprise,4022.33,20,6,5,6,0,96,2394.35,202.92,0,1
2023-11-06,South,Product B,Retail Partner,SMB,2427.78,13,5,4,5,0,63,1506.92,134.23,0,1
2023-11-06,South,Product C,Online,Enterprise,8408.83,20,6,4,6,0,97,5206.44,774.59,0,1
2023-11-06,South,Product C,Online,SMB,4971.41,12,5,4,5,0,70,3096.29,438.83,0,1
2023-11-06,South,Product C,Retail Partner,Enterprise,5698.06,14,4,3,4,0,71,3566.52,328.0,0,1
2023-11-06,South,Product C,Retail Partner,SMB,3867.95,9,4,3,4,0,46,2383.66,227.71,0,0
2023-11-06,East,Product A,Online,Enterprise,8513.19,31,9,7,9,0,156,4787.19,823.41,1,2
2023-11-06,East,Product A,Online,SMB,5740.68,21,8,6,8,0,110,3229.27,526.88,0,1
2023-11-06,East,Product A,Retail Partner,Enterprise,5586.47,20,6,4,6,0,117,3017.43,243.1,0,1
2023-11-06,East,Product A,Retail Partner,SMB,3840.51,14,5,4,5,0,77,2173.09,232.43,0,1
2023-11-06,East,Product B,Online,Enterprise,4628.98,24,7,6,7,0,116,2743.77,447.51,0,1
2023-11-06,East,Product B,Online,SMB,2979.88,16,6,5,6,0,73,1821.02,259.24,0,1
2023-11-06,East,Product B,Retail Partner,Enterprise,3127.94,16,5,4,5,0,87,1920.82,160.85,0,1
2023-11-06,East,Product B,Retail Partner,SMB,2063.26,11,4,3,4,0,54,1288.42,114.21,0,0
2023-11-06,East,Product C,Online,Enterprise,8087.28,19,5,4,5,0,88,4904.17,802.16,0,1
2023-11-06,East,Product C,Online,SMB,4751.43,11,4,3,4,0,57,2935.61,425.05,0,1
2023-11-06,East,Product C,Retail Partner,Enterprise,5219.18,12,4,3,4,0,63,3210.69,236.32,0,0
2023-11-06,East,Product C,Retail Partner,SMB,3244.66,8,3,2,3,0,41,2038.75,169.45,0,0
2023-11-06,West,Product A,Online,Enterprise,11181.21,41,12,9,12,1,202,6090.36,947.42,1,1
2023-11-06,West,Product A,Online,SMB,7324.33,26,10,8,10,0,141,3921.89,819.74,1,1
2023-11-06,West,Product A,Retail Partner,Enterprise,8990.52,32,9,7,9,0,142,4838.03,503.87,1,2
2023-11-06,West,Product A,Retail Partner,SMB,5328.8,19,7,6,7,0,99,2963.84,272.49,1,1
2023-11-06,West,Product B,Online,Enterprise,5311.53,28,8,6,8,0,141,3285.09,490.63,0,1
2023-11-06,West,Product B,Online,SMB,4155.51,22,8,7,8,0,106,2554.23,436.02,1,1
2023-11-06,West,Product B,Retail Partner,Enterprise,4513.42,24,7,5,7,0,106,2795.38,231.15,0,1
2023-11-06,West,Product B,Retail Partner,SMB,2852.3,15,6,4,6,0,74,1750.82,149.55,0,1
2023-11-06,West,Product C,Online,Enterprise,9860.69,23,7,5,7,0,119,6079.78,843.72,0,1
2023-11-06,West,Product C,Online,SMB,6492.87,16,6,5,6,0,68,4071.25,615.48,0,1
2023-11-06,West,Product C,Retail Partner,Enterprise,6245.41,15,4,3,4,0,83,3952.55,332.09,0,1
2023-11-06,West,Product C,Retail Partner,SMB,4500.11,11,4,3,4,0,55,2850.88,264.54,0,1
2023-11-13,North,Product A,Online,Enterprise,10960.84,40,11,9,11,1,214,5939.94,936.49,1,2
2023-11-13,North,Product A,Online,SMB,7982.27,29,11,8,11,0,142,4367.93,727.62,1,2
2023-11-13,North,Product A,Retail Partner,Enterprise,8503.26,31,9,7,9,0,167,4610.12,479.2,0,2
2023-11-13,North,Product A,Retail Partner,SMB,5556.36,20,8,6,8,0,110,3042.9,291.07,0,1
2023-11-13,North,Product B,Online,Enterprise,6219.21,32,9,7,9,0,181,3773.3,484.9,0,1
2023-11-13,North,Product B,Online,SMB,4222.64,22,8,7,8,0,104,2565.2,412.19,1,1
2023-11-13,North,Product B,Retail Partner,Enterprise,4303.61,22,6,5,6,0,125,2569.88,212.23,1,1
2023-11-13,North,Product B,Retail Partner,SMB,3208.82,17,6,5,6,0,80,1966.68,168.56,0,1
2023-11-13,North,Product C,Online,Enterprise,9920.23,24,7,5,7,0,130,6132.69,953.69,0,1
2023-11-13,North,Product C,Online,SMB,6740.17,16,6,4,6,0,74,4241.04,555.18,0,1
2023-11-13,North,Product C,Retail Partner,Enterprise,7064.16,17,5,4,5,0,85,4487.41,376.48,0,1
2023-11-13,North,Product C,Retail Partner,SMB,4088.58,10,4,3,4,0,59,2484.81,208.46,0,0
2023-11-13,South,Product A,Online,Enterprise,9612.49,36,10,8,10,0,183,5446.4,819.74,1,1
2023-11-13,South,Product A,Online,SMB,6823.67,25,10,7,10,1,126,3723.84,629.96,0,1
2023-11-13,South,Product A,Retail Partner,Enterprise,7082.01,26,7,6,7,0,144,3888.72,358.53,0,1
2023-11-13,South,Product A,Retail Partner,SMB,4845.6,18,7,5,7,0,95,2703.4,267.89,0,1
2023-11-13,South,Product B,Online,Enterprise,5613.48,29,8,6,8,0,126,3500.47,643.25,1,1
2023-11-13,South,Product B,Online,SMB,3153.89,16,6,5,6,0,83,1926.9,322.92,0,1
2023-11-13,South,Product B,Retail Partner,Enterprise,3612.31,19,5,4,5,0,94,2216.9,226.83,0,1
2023-11-13,South,Product B,Retail Partner,SMB,2796.84,14,5,4,5,0,61,1673.15,157.31,0,1
2023-11-13,South,Product C,Online,Enterprise,8146.4,20,6,4,6,0,99,5111.63,741.1,0,1
2023-11-13,South,Product C,Online,SMB,5544.33,13,5,4,5,0,72,3506.81,504.73,0,1
2023-11-13,South,Product C,Retail Partner,Enterprise,5816.92,14,4,3,4,0,72,3662.23,285.9,0,1
2023-11-13,South,Product C,Retail Partner,SMB,3620.51,9,3,3,3,0,46,2291.66,180.15,0,0
2023-11-13,East,Product A,Online,Enterprise,9434.98,34,10,8,10,0,155,5125.65,983.16,0,1
2023-11-13,East,Product A,Online,SMB,5592.67,20,8,6,8,0,105,3075.66,577.53,1,1
2023-11-13,East,Product A,Retail Partner,Enterprise,6263.79,23,7,5,7,0,107,3552.55,307.81,0,1
2023-11-13,East,Product A,Retail Partner,SMB,3647.73,13,5,4,5,0,78,2027.22,184.15,0,1
2023-11-13,East,Product B,Online,Enterprise,4349.28,22,6,5,6,0,120,2605.21,348.67,0,1
2023-11-13,East,Product B,Online,SMB,2908.82,15,6,5,6,0,76,1785.85,246.32,0,1
2023-11-13,East,Product B,Retail Partner,Enterprise,3370.68,18,5,4,5,0,84,2103.67,177.8,0,1
2023-11-13,East,Product B,Retail Partner,SMB,2073.43,11,4,3,4,0,59,1305.97,111.71,0,1
2023-11-13,East,Product C,Online,Enterprise,6929.75,17,5,4,5,0,88,4351.02,740.86,0,1
2023-11-13,East,Product C,Online,SMB,4754.23,11,4,3,4,0,57,2862.95,426.14,0,1
2023-11-13,East,Product C,Retail Partner,Enterprise,5116.08,12,3,3,3,0,60,3167.41,251.25,0,1
2023-11-13,East,Product C,Retail Partner,SMB,3284.82,8,3,2,3,0,41,2013.76,158.14,0,1
2023-11-13,West,Product A,Online,Enterprise,11118.0,41,12,9,12,0,182,6249.8,1146.93,1,1
2023-11-13,West,Product A,Online,SMB,7023.2,26,10,8,10,1,146,3939.91,613.79,1,1
2023-11-13,West,Product A,Retail Partner,Enterprise,8130.19,30,8,7,8,0,149,4481.3,452.05,1,1
2023-11-13,West,Product A,Retail Partner,SMB,5397.12,20,8,6,8,0,103,3020.05,279.8,0,1
2023-11-13,West,Product B,Online,Enterprise,5630.71,29,8,7,8,0,154,3500.44,476.44,0,1
2023-11-13,West,Product B,Online,SMB,4184.51,22,8,7,8,0,103,2570.72,388.9,0,1
2023-11-13,West,Product B,Retail Partner,Enterprise,4035.71,21,6,4,6,0,103,2441.85,218.75,0,1
2023-11-13,West,Product B,Retail Partner,SMB,2902.79,15,6,5,6,0,80,1793.99,147.72,0,1
2023-11-13,West,Product C,Online,Enterprise,9703.01,23,7,5,7,0,112,6056.37,832.01,0,1
2023-11-13,West,Product C,Online,SMB,6410.71,15,6,5,6,0,78,3996.36,512.13,0,1
2023-11-13,West,Product C,Retail Partner,Enterprise,7077.32,17,5,4,5,0,84,4482.42,393.22,0,1
2023-11-13,West,Product C,Retail Partner,SMB,4794.48,11,4,3,4,0,54,2913.29,237.72,0,1
2023-11-20,North,Product A,Online,Enterprise,11885.0,43,12,10,12,0,214,6552.15,1194.46,1,2
2023-11-20,North,Product A,Online,SMB,8931.5,32,12,10,12,1,140,4885.29,906.0,1,2
2023-11-20,North,Product A,Retail Partner,Enterprise,9888.87,35,10,8,10,0,159,5275.77,542.27,1,1
2023-11-20,North,Product A,Retail Partner,SMB,5773.42,21,8,6,8,0,96,3293.48,268.64,0,1
2023-11-20,North,Product B,Online,Enterprise,6734.77,35,10,8,10,0,176,4088.0,629.47,1,1
2023-11-20,North,Product B,Online,SMB,4248.35,22,9,7,9,0,118,2644.97,397.92,0,1
2023-11-20,North,Product B,Retail Partner,Enterprise,4804.11,25,7,5,7,0,124,2896.49,289.24,1,1
2023-11-20,North,Product B,Retail Partner,SMB,3135.23,16,6,5,6,0,84,1887.92,169.17,0,1
2023-11-20,North,Product C,Online,Enterprise,10831.89,26,7,5,7,0,110,6686.09,1055.26,0,1
2023-11-20,North,Product C,Online,SMB,6806.9,16,6,5,6,0,84,4236.94,572.98,0,1
2023-11-20,North,Product C,Retail Partner,Enterprise,7387.87,17,5,4,5,0,86,4530.94,344.02,0,1
2023-11-20,North,Product C,Retail Partner,SMB,5014.44,12,5,4,5,0,58,3050.51,248.66,0,1
2023-11-20,South,Product A,Online,Enterprise,10504.81,39,11,9,11,1,172,5805.13,924.08,1,2
2023-11-20,South,Product A,Online,SMB,6089.72,23,9,7,9,0,123,3425.67,548.83,0,1
2023-11-20,South,Product A,Retail Partner,Enterprise,6889.68,25,7,5,7,0,132,3811.49,374.62,0,1
2023-11-20,South,Product A,Retail Partner,SMB,4240.44,16,6,5,6,0,88,2351.66,263.19,0,1
2023-11-20,South,Product B,Online,Enterprise,5246.39,26,8,6,8,0,127,3119.59,527.36,1,1
2023-11-20,South,Product B,Online,SMB,3702.32,19,7,6,7,1,94,2239.85,309.57,1,1
2023-11-20,South,Product B,Retail Partner,Enterprise,3720.33,20,6,4,6,0,102,2339.81,195.07,0,1
2023-11-20,South,Product B,Retail Partner,SMB,2277.39,12,5,4,5,0,67,1403.09,122.91,0,1
2023-11-20,South,Product C,Online,Enterprise,8288.02,20,6,5,6,0,105,5065.23,733.51,0,1
2023-11-20,South,Product C,Online,SMB,5790.62,14,5,4,5,0,76,3649.75,515.04,0,1
2023-11-20,South,Product C,Retail Partner,Enterprise,6505.21,15,4,3,4,0,70,4012.96,352.76,0,1
2023-11-20,South,Product C,Retail Partner,SMB,3875.82,9,4,3,4,0,47,2402.16,190.91,0,0
2023-11-20,East,Product A,Online,Enterprise,8468.71,31,9,7,9,0,160,4640.64,890.12,1,1
2023-11-20,East,Product A,Online,SMB,5527.01,20,8,6,8,0,97,3094.27,469.64,1,1
2023-11-20,East,Product A,Retail Partner,Enterprise,5863.53,21,6,5,6,0,131,3237.95,267.48,0,1
2023-11-20,East,Product A,Retail Partner,SMB,4051.77,15,6,5,6,0,74,2242.18,219.43,0,1
2023-11-20,East,Product B,Online,Enterprise,4580.51,23,7,5,7,0,110,2790.99,444.25,0,1
2023-11-20,East,Product B,Online,SMB,2828.4,15,6,4,6,0,82,1727.15,311.06,0,1
2023-11-20,East,Product B,Retail Partner,Enterprise,3180.61,17,5,4,5,0,86,1937.16,172.36,0,1
2023-11-20,East,Product B,Retail Partner,SMB,2270.16,12,5,4,5,0,57,1420.92,107.05,0,0
2023-11-20,East,Product C,Online,Enterprise,7528.58,18,5,4,5,0,95,4704.67,717.24,0,1
2023-11-20,East,Product C,Online,SMB,4469.02,11,4,3,4,0,60,2731.77,427.37,0,1
2023-11-20,East,Product C,Retail Partner,Enterprise,5257.26,12,4,3,4,0,65,3210.08,241.16,0,0
2023-11-20,East,Product C,Retail Partner,SMB,3686.8,9,3,3,3,0,42,2217.85,180.63,0,0
2023-11-20,West,Product A,Online,Enterprise,10544.47,38,11,9,11,1,207,5876.29,1139.25,1,2
2023-11-20,West,Product A,Online,SMB,8090.07,29,11,9,11,0,144,4447.4,712.48,1,1
2023-11-20,West,Product A,Retail Partner,Enterprise,8069.87,30,8,6,8,0,138,4568.41,496.98,1,1
2023-11-20,West,Product A,Retail Partner,SMB,5146.63,19,7,6,7,0,102,2865.53,254.79,0,1
2023-11-20,West,Product B,Online,Enterprise,5475.54,29,8,6,8,1,154,3402.07,542.44,0,1
2023-11-20,West,Product B,Online,SMB,3525.83,18,7,5,7,0,99,2161.66,336.37,1,1
2023-11-20,West,Product B,Retail Partner,Enterprise,4081.85,21,6,5,6,0,123,2536.86,192.38,0,1
2023-11-20,West,Product B,Retail Partner,SMB,2814.97,14,6,4,6,0,75,1682.77,161.0,1,1
2023-11-20,West,Product C,Online,Enterprise,9553.74,22,6,5,6,0,111,5824.35,934.42,0,1
2023-11-20,West,Product C,Online,SMB,6682.97,16,6,5,6,0,77,4146.86,652.82,0,1
2023-11-20,West,Product C,Retail Partner,Enterprise,6736.46,16,5,4,5,0,84,4179.25,353.35,0,1
2023-11-20,West,Product C,Retail Partner,SMB,4413.75,10,4,3,4,0,64,2758.11,234.31,0,1
2023-11-27,North,Product A,Online,Enterprise,12410.91,45,13,10,13,1,231,6872.55,982.8,1,2
2023-11-27,North,Product A,Online,SMB,7765.36,28,11,8,11,0,153,4183.81,668.45,0,2
2023-11-27,North,Product A,Retail Partner,Enterprise,8209.78,30,9,7,9,0,159,4542.1,409.93,0,1
2023-11-27,North,Product A,Retail Partner,SMB,5717.23,21,8,6,8,0,105,3144.52,325.25,1,1
2023-11-27,North,Product B,Online,Enterprise,5696.71,30,8,6,8,0,160,3491.44,500.61,1,1
2023-11-27,North,Product B,Online,SMB,4226.85,22,8,7,8,0,110,2554.62,380.3,0,1
2023-11-27,North,Product B,Retail Partner,Enterprise,4964.19,26,7,6,7,0,115,3076.76,254.59,1,1
2023-11-27,North,Product B,Retail Partner,SMB,3155.39,17,6,5,6,0,78,1941.99,167.15,0,1
2023-11-27,North,Product C,Online,Enterprise,9565.3,23,7,5,7,0,127,5913.38,810.82,0,1
2023-11-27,North,Product C,Online,SMB,6735.17,16,6,5,6,0,75,4165.52,621.06,0,1
2023-11-27,North,Product C,Retail Partner,Enterprise,7165.68,17,5,4,5,0,88,4269.03,358.81,0,1
2023-11-27,North,Product C,Retail Partner,SMB,5307.02,13,5,4,5,0,53,3296.02,280.22,0,1
2023-11-27,South,Product A,Online,Enterprise,9901.3,37,10,8,10,0,196,5464.0,879.85,1,1
2023-11-27,South,Product A,Online,SMB,6686.64,25,9,7,9,0,124,3739.4,630.78,1,1
2023-11-27,South,Product A,Retail Partner,Enterprise,7043.47,26,7,6,7,0,134,3924.92,335.33,0,1
2023-11-27,South,Product A,Retail Partner,SMB,4525.31,17,6,5,6,0,96,2527.03,244.3,0,1
2023-11-27,South,Product B,Online,Enterprise,5378.64,28,8,6,8,1,128,3263.19,482.01,0,1
2023-11-27,South,Product B,Online,SMB,3123.97,16,6,5,6,0,87,1933.14,313.12,0,1
2023-11-27,South,Product B,Retail Partner,Enterprise,3874.05,20,6,5,6,0,103,2303.39,189.81,0,1
2023-11-27,South,Product B,Retail Partner,SMB,2668.69,14,5,4,5,0,67,1610.05,128.12,0,1
2023-11-27,South,Product C,Online,Enterprise,8345.56,20,6,4,6,0,108,5145.25,912.27,0,1
2023-11-27,South,Product C,Online,SMB,4970.43,12,5,4,5,0,64,3083.2,448.82,0,1
2023-11-27,South,Product C,Retail Partner,Enterprise,6121.85,15,4,3,4,0,74,3868.42,354.75,0,1
2023-11-27,South,Product C,Retail Partner,SMB,3803.53,9,3,3,3,0,48,2429.75,209.88,0,0
2023-11-27,East,Product A,Online,Enterprise,9196.36,33,9,7,9,0,157,5106.45,948.18,1,1
2023-11-27,East,Product A,Online,SMB,6221.69,23,9,7,9,0,106,3438.84,596.43,0,1
2023-11-27,East,Product A,Retail Partner,Enterprise,6172.77,23,6,5,6,0,106,3444.01,308.98,0,1
2023-11-27,East,Product A,Retail Partner,SMB,4281.51,16,6,5,6,0,76,2321.84,226.28,0,1
2023-11-27,East,Product B,Online,Enterprise,4297.89,22,6,5,6,1,110,2673.05,358.88,0,1
2023-11-27,East,Product B,Online,SMB,2905.21,15,6,5,6,0,79,1808.03,241.33,0,1
2023-11-27,East,Product B,Retail Partner,Enterprise,3059.46,16,5,3,5,0,87,1915.61,170.45,0,1
2023-11-27,East,Product B,Retail Partner,SMB,2182.61,11,4,3,4,0,55,1322.6,115.51,0,1
2023-11-27,East,Product C,Online,Enterprise,7252.14,17,5,4,5,0,92,4497.74,691.41,0,1
2023-11-27,East,Product C,Online,SMB,4867.09,12,4,3,4,0,59,3011.82,445.85,0,1
2023-11-27,East,Product C,Retail Partner,Enterprise,5133.78,12,3,3,3,0,68,3164.24,254.57,0,1
2023-11-27,East,Product C,Retail Partner,SMB,3392.51,8,3,2,3,0,38,2083.81,189.02,0,0
2023-11-27,West,Product A,Online,Enterprise,11407.87,42,12,9,12,1,231,6297.26,1044.68,1,1
2023-11-27,West,Product A,Online,SMB,7974.0,29,11,8,11,1,132,4476.86,741.2,1,2
2023-11-27,West,Product A,Retail Partner,Enterprise,7823.97,29,8,6,8,0,155,4380.1,380.2,0,1
2023-11-27,West,Product A,Retail Partner,SMB,5572.0,20,8,6,8,0,104,3051.55,266.46,1,1
2023-11-27,West,Product B,Online,Enterprise,5897.98,30,9,6,9,0,162,3593.99,580.23,0,1
2023-11-27,West,Product B,Online,SMB,3789.19,20,8,6,8,0,103,2351.87,317.02,1,1
2023-11-27,West,Product B,Retail Partner,Enterprise,4034.92,21,6,5,6,0,128,2501.35,251.3,0,1
2023-11-27,West,Product B,Retail Partner,SMB,2776.05,15,6,5,6,0,69,1698.64,138.23,0,1
2023-11-27,West,Product C,Online,Enterprise,10384.84,25,7,5,7,0,110,6389.67,856.28,0,1
2023-11-27,West,Product C,Online,SMB,5357.89,13,5,4,5,0,68,3319.22,483.4,0,1
2023-11-27,West,Product C,Retail Partner,Enterprise,7450.54,18,5,4,5,0,88,4673.79,338.03,0,1
2023-11-27,West,Product C,Retail Partner,SMB,4357.9,10,4,3,4,0,51,2697.56,260.79,0,1
2023-12-04,North,Product A,Online,Enterprise,11798.43,43,12,9,12,0,222,6397.21,1257.09,1,2
2023-12-04,North,Product A,Online,SMB,7938.04,29,11,9,11,0,132,4332.88,684.89,1,2
2023-12-04,North,Product A,Retail Partner,Enterprise,8408.44,30,9,7,9,0,155,4561.84,514.87,0,2
2023-12-04,North,Product A,Retail Partner,SMB,6370.99,23,9,7,9,1,109,3528.84,347.99,1,1
2023-12-04,North,Product B,Online,Enterprise,6111.34,32,9,7,9,0,174,3811.02,563.33,1,2
2023-12-04,North,Product B,Online,SMB,3935.97,20,8,6,8,0,113,2392.36,348.41,1,1
2023-12-04,North,Product B,Retail Partner,Enterprise,4298.92,22,6,5,6,0,129,2584.62,234.47,0,1
2023-12-04,North,Product B,Retail Partner,SMB,2981.38,16,6,5,6,0,81,1879.12,165.73,0,1
2023-12-04,North,Product C,Online,Enterprise,10470.21,25,7,6,7,0,119,6511.07,1122.17,0,1
2023-12-04,North,Product C,Online,SMB,6823.99,16,6,5,6,0,81,4237.9,660.13,0,1
2023-12-04,North,Product C,Retail Partner,Enterprise,7709.92,18,5,4,5,0,91,4757.62,376.36,0,1
2023-12-04,North,Product C,Retail Partner,SMB,4675.07,11,4,3,4,0,59,2834.31,280.69,0,1
2023-12-04,South,Product A,Online,Enterprise,10222.02,37,11,8,11,0,191,5614.11,871.78,1,2
2023-12-04,South,Product A,Online,SMB,6913.76,25,10,7,10,0,127,3741.58,676.3,1,1
2023-12-04,South,Product A,Retail Partner,Enterprise,6757.81,25,7,6,7,0,123,3754.5,322.28,1,1
2023-12-04,South,Product A,Retail Partner,SMB,4885.08,18,7,5,7,0,81,2683.7,252.53,0,1
2023-12-04,South,Product B,Online,Enterprise,5058.03,27,8,6,8,0,136,3127.7,467.79,0,1
2023-12-04,South,Product B,Online,SMB,3312.4,17,7,5,7,0,94,2008.2,298.75,0,1
2023-12-04,South,Product B,Retail Partner,Enterprise,3756.13,19,6,4,6,0,92,2271.69,187.82,0,1
2023-12-04,South,Product B,Retail Partner,SMB,2369.28,12,5,4,5,0,60,1447.62,99.4,0,1
2023-12-04,South,Product C,Online,Enterprise,8295.81,20,6,4,6,0,99,5319.82,798.47,0,1
2023-12-04,South,Product C,Online,SMB,5985.33,14,6,5,6,0,66,3705.74,562.28,0,1
2023-12-04,South,Product C,Retail Partner,Enterprise,6572.51,16,4,3,4,0,70,3994.21,400.92,0,1
2023-12-04,South,Product C,Retail Partner,SMB,3865.97,9,4,3,4,0,47,2374.69,197.78,0,0
2023-12-04,East,Product A,Online,Enterprise,8486.5,31,9,7,9,0,168,4745.42,861.41,1,1
2023-12-04,East,Product A,Online,SMB,5761.66,21,8,7,8,0,105,3209.09,525.62,1,1
2023-12-04,East,Product A,Retail Partner,Enterprise,6910.27,25,7,6,7,0,113,3797.0,459.77,0,1
2023-12-04,East,Product A,Retail Partner,SMB,3578.59,13,5,4,5,0,78,2033.32,224.23,0,1
2023-12-04,East,Product B,Online,Enterprise,4617.27,24,7,5,7,0,107,2829.52,474.71,0,1
2023-12-04,East,Product B,Online,SMB,3141.58,16,6,5,6,0,84,1896.52,305.67,0,1
2023-12-04,East,Product B,Retail Partner,Enterprise,3539.69,18,5,4,5,0,85,2169.38,175.62,0,1
2023-12-04,East,Product B,Retail Partner,SMB,2219.58,11,4,4,4,0,58,1363.99,106.21,0,1
2023-12-04,East,Product C,Online,Enterprise,7061.31,17,5,4,5,0,82,4437.14,636.88,0,1
2023-12-04,East,Product C,Online,SMB,4924.08,12,4,4,4,0,54,3015.65,429.56,0,1
2023-12-04,East,Product C,Retail Partner,Enterprise,5352.82,13,4,3,4,0,60,3351.15,296.85,0,1
2023-12-04,East,Product C,Retail Partner,SMB,3484.23,8,3,2,3,0,38,2129.66,198.09,0,1
2023-12-04,West,Product A,Online,Enterprise,10270.82,38,11,8,11,0,219,5742.02,983.29,1,1
2023-12-04,West,Product A,Online,SMB,7464.81,27,11,8,11,0,135,4083.12,722.14,1,2
2023-12-04,West,Product A,Retail Partner,Enterprise,8141.91,30,9,7,9,0,142,4597.83,423.49,1,2
2023-12-04,West,Product A,Retail Partner,SMB,5259.01,19,7,6,7,0,97,2870.5,317.86,0,1
2023-12-04,West,Product B,Online,Enterprise,6406.45,33,9,7,9,0,149,3970.99,587.86,1,1
2023-12-04,West,Product B,Online,SMB,3755.29,20,8,6,8,0,96,2305.65,358.14,0,1
2023-12-04,West,Product B,Retail Partner,Enterprise,3800.06,20,6,4,6,0,115,2383.66,190.59,0,1
2023-12-04,West,Product B,Retail Partner,SMB,2767.31,14,5,4,5,0,70,1641.92,130.48,1,1
2023-12-04,West,Product C,Online,Enterprise,9073.05,22,6,5,6,0,117,5677.47,742.17,0,1
2023-12-04,West,Product C,Online,SMB,6421.91,15,6,5,6,0,76,3995.58,626.97,0,1
2023-12-04,West,Product C,Retail Partner,Enterprise,6880.63,16,5,4,5,0,84,4175.48,340.61,0,1
2023-12-04,West,Product C,Retail Partner,SMB,4318.03,10,4,3,4,0,58,2676.27,211.75,0,1
2023-12-11,North,Product A,Online,Enterprise,13147.73,48,14,10,14,0,218,7221.23,1192.37,1,2
2023-12-11,North,Product A,Online,SMB,7927.52,30,11,9,11,1,146,4521.18,743.99,1,1
2023-12-11,North,Product A,Retail Partner,Enterprise,8848.05,33,9,8,9,0,147,5000.54,464.05,0,1
2023-12-11,North,Product A,Retail Partner,SMB,5530.42,21,8,6,8,0,101,3081.04,287.73,1,1
2023-12-11,North,Product B,Online,Enterprise,6258.11,33,9,7,9,0,170,3842.85,589.73,1,2
2023-12-11,North,Product B,Online,SMB,4476.47,23,9,7,9,0,120,2727.26,459.17,1,1
2023-12-11,North,Product B,Retail Partner,Enterprise,4721.48,24,7,5,7,0,123,2854.41,243.35,0,1
2023-12-11,North,Product B,Retail Partner,SMB,3271.87,17,7,5,7,0,81,2067.73,149.05,1,1
2023-12-11,North,Product C,Online,Enterprise,10279.21,24,7,5,7,0,124,6417.56,913.77,0,1
2023-12-11,North,Product C,Online,SMB,6620.44,16,6,5,6,0,80,4030.2,595.39,0,1
2023-12-11,North,Product C,Retail Partner,Enterprise,7281.42,17,5,4,5,0,88,4436.92,375.65,0,1
2023-12-11,North,Product C,Retail Partner,SMB,4474.55,11,4,3,4,0,56,2834.04,228.78,0,1
2023-12-11,South,Product A,Online,Enterprise,10573.81,38,11,8,11,1,200,5714.61,1008.15,1,2
2023-12-11,South,Product A,Online,SMB,7117.2,26,10,8,10,0,131,3998.75,685.65,1,2
2023-12-11,South,Product A,Retail Partner,Enterprise,6575.4,24,7,5,7,0,129,3725.28,362.69,0,1
2023-12-11,South,Product A,Retail Partner,SMB,4363.4,16,6,5,6,0,91,2388.34,237.47,0,1
2023-12-11,South,Product B,Online,Enterprise,5027.36,26,7,6,7,0,138,3091.83,466.97,0,1
2023-12-11,South,Product B,Online,SMB,3308.17,17,7,5,7,0,95,2038.88,314.98,0,1
2023-12-11,South,Product B,Retail Partner,Enterprise,3749.25,20,6,4,6,0,96,2337.3,234.44,0,1
2023-12-11,South,Product B,Retail Partner,SMB,2169.52,11,4,3,4,0,61,1350.57,103.97,0,1
2023-12-11,South,Product C,Online,Enterprise,8627.95,20,6,4,6,0,105,5354.85,687.23,0,1
2023-12-11,South,Product C,Online,SMB,6119.55,15,6,5,6,0,70,3765.27,584.71,0,1
2023-12-11,South,Product C,Retail Partner,Enterprise,6603.46,15,4,3,4,0,72,3966.46,345.95,0,1
2023-12-11,South,Product C,Retail Partner,SMB,3989.27,9,4,3,4,0,51,2441.8,229.68,0,0
2023-12-11,East,Product A,Online,Enterprise,8384.16,30,9,7,9,0,170,4661.67,724.05,0,1
2023-12-11,East,Product A,Online,SMB,5420.34,20,8,6,8,0,95,2974.99,467.37,0,1
2023-12-11,East,Product A,Retail Partner,Enterprise,6169.81,23,6,5,6,0,117,3392.56,325.76,0,1
2023-12-11,East,Product A,Retail Partner,SMB,4258.86,15,6,5,6,0,80,2353.81,211.59,0,1
2023-12-11,East,Product B,Online,Enterprise,3902.36,21,6,5,6,0,112,2437.48,356.76,1,1
2023-12-11,East,Product B,Online,SMB,2925.6,15,6,4,6,0,72,1767.5,243.01,0,1
2023-12-11,East,Product B,Retail Partner,Enterprise,3403.61,18,5,4,5,0,83,2106.56,175.99,0,1
2023-12-11,East,Product B,Retail Partner,SMB,2078.95,11,4,3,4,0,60,1281.65,88.76,0,1
2023-12-11,East,Product C,Online,Enterprise,6936.99,17,5,4,5,0,87,4397.36,674.99,0,1
2023-12-11,East,Product C,Online,SMB,4395.7,10,4,3,4,0,57,2715.04,429.32,0,0
2023-12-11,East,Product C,Retail Partner,Enterprise,5015.92,12,3,3,3,0,61,3109.94,233.4,0,1
2023-12-11,East,Product C,Retail Partner,SMB,3688.94,9,3,3,3,0,41,2279.05,191.18,0,1
2023-12-11,West,Product A,Online,Enterprise,10496.73,38,11,8,11,0,192,5759.52,953.64,1,1
2023-12-11,West,Product A,Online,SMB,7324.5,26,10,8,10,0,140,4028.1,675.86,1,1
2023-12-11,West,Product A,Retail Partner,Enterprise,7885.76,29,8,6,8,0,150,4387.79,399.97,0,1
2023-12-11,West,Product A,Retail Partner,SMB,5211.64,19,7,6,7,0,94,2847.39,270.97,0,1
2023-12-11,West,Product B,Online,Enterprise,5526.65,29,8,6,8,0,177,3418.07,470.04,1,1
2023-12-11,West,Product B,Online,SMB,3825.79,20,8,6,8,0,100,2290.71,387.24,1,1
2023-12-11,West,Product B,Retail Partner,Enterprise,4571.08,24,7,5,7,0,109,2821.1,233.11,0,1
2023-12-11,West,Product B,Retail Partner,SMB,2683.35,14,6,4,6,0,74,1721.81,133.97,0,1
2023-12-11,West,Product C,Online,Enterprise,8544.19,20,6,5,6,0,118,5259.53,753.46,0,1
2023-12-11,West,Product C,Online,SMB,6328.16,15,6,5,6,0,73,4109.84,592.87,0,1
2023-12-11,West,Product C,Retail Partner,Enterprise,6535.41,15,4,3,4,0,87,4016.32,320.34,0,1
2023-12-11,West,Product C,Retail Partner,SMB,4592.24,11,4,3,4,0,57,2799.67,231.77,0,0
2023-12-18,North,Product A,Online,Enterprise,12047.49,44,13,10,13,0,225,6673.97,1158.87,1,2
2023-12-18,North,Product A,Online,SMB,7961.0,29,11,9,11,0,138,4389.32,805.61,1,2
2023-12-18,North,Product A,Retail Partner,Enterprise,8751.52,32,9,7,9,0,158,4809.49,463.34,1,1
2023-12-18,North,Product A,Retail Partner,SMB,5549.82,20,8,6,8,0,99,3044.62,345.42,1,1
2023-12-18,North,Product B,Online,Enterprise,5445.73,28,8,6,8,0,171,3306.23,536.98,1,1
2023-12-18,North,Product B,Online,SMB,3979.52,21,8,6,8,0,112,2459.47,416.97,1,1
2023-12-18,North,Product B,Retail Partner,Enterprise,4874.28,25,7,6,7,0,116,2916.96,231.23,1,1
2023-12-18,North,Product B,Retail Partner,SMB,3128.95,16,6,5,6,0,77,1936.09,149.53,1,1
2023-12-18,North,Product C,Online,Enterprise,9544.71,23,6,5,6,0,114,5952.63,973.99,0,1
2023-12-18,North,Product C,Online,SMB,6910.21,16,6,5,6,0,79,4245.69,640.81,0,1
2023-12-18,North,Product C,Retail Partner,Enterprise,6713.67,16,5,4,5,0,88,4220.03,328.8,0,1
2023-12-18,North,Product C,Retail Partner,SMB,4730.54,11,4,3,4,0,58,2902.67,259.09,0,1
2023-12-18,South,Product A,Online,Enterprise,10700.72,39,11,9,11,0,178,5892.06,1049.66,1,1
2023-12-18,South,Product A,Online,SMB,6332.98,23,9,7,9,0,118,3459.75,524.34,1,2
2023-12-18,South,Product A,Retail Partner,Enterprise,7179.35,26,7,6,7,0,136,3981.5,326.01,1,1
2023-12-18,South,Product A,Retail Partner,SMB,5052.9,18,7,5,7,0,91,2791.37,269.21,1,1
2023-12-18,South,Product B,Online,Enterprise,5084.18,27,8,6,8,0,124,3169.42,432.58,0,1
2023-12-18,South,Product B,Online,SMB,3489.19,18,7,5,7,0,91,2102.19,312.16,0,1
2023-12-18,South,Product B,Retail Partner,Enterprise,3830.72,20,6,4,6,0,92,2342.88,215.18,0,1
2023-12-18,South,Product B,Retail Partner,SMB,2315.18,12,5,3,5,0,59,1429.03,119.24,0,1
2023-12-18,South,Product C,Online,Enterprise,9228.19,21,6,5,6,0,94,5508.22,854.39,0,1
2023-12-18,South,Product C,Online,SMB,5524.02,13,5,4,5,0,66,3426.92,568.41,0,1
2023-12-18,South,Product C,Retail Partner,Enterprise,6618.11,16,4,3,4,0,73,4084.57,339.9,0,1
2023-12-18,South,Product C,Retail Partner,SMB,3863.64,9,4,3,4,0,47,2439.73,200.83,0,1
2023-12-18,East,Product A,Online,Enterprise,8354.77,31,9,7,9,1,145,4794.3,787.71,1,1
2023-12-18,East,Product A,Online,SMB,5677.31,21,8,6,8,0,108,3202.13,590.23,1,1
2023-12-18,East,Product A,Retail Partner,Enterprise,6105.39,23,7,5,7,0,123,3398.04,294.91,0,1
2023-12-18,East,Product A,Retail Partner,SMB,3466.12,13,5,4,5,0,74,1949.12,185.12,0,1
2023-12-18,East,Product B,Online,Enterprise,4376.63,22,6,5,6,0,110,2684.38,381.34,1,1
2023-12-18,East,Product B,Online,SMB,2651.84,14,5,4,5,0,77,1623.66,229.85,0,1
2023-12-18,East,Product B,Retail Partner,Enterprise,2897.69,15,4,3,4,0,89,1781.3,162.38,0,1
2023-12-18,East,Product B,Retail Partner,SMB,2089.33,11,4,3,4,0,59,1285.63,106.58,0,1
2023-12-18,East,Product C,Online,Enterprise,7204.56,17,5,4,5,0,88,4515.26,698.1,0,1
2023-12-18,East,Product C,Online,SMB,4540.91,11,4,3,4,0,57,2762.72,437.99,0,0
2023-12-18,East,Product C,Retail Partner,Enterprise,5968.83,14,4,3,4,0,61,3619.01,357.37,0,1
2023-12-18,East,Product C,Retail Partner,SMB,3273.4,8,3,2,3,0,43,2047.75,177.87,0,0
2023-12-18,West,Product A,Online,Enterprise,10600.9,39,11,10,11,1,206,5904.71,1004.34,1,1
2023-12-18,West,Product A,Online,SMB,6632.03,24,9,7,9,1,141,3680.81,641.54,1,1
2023-12-18,West,Product A,Retail Partner,Enterprise,7717.38,28,8,6,8,0,145,4275.93,431.92,0,1
2023-12-18,West,Product A,Retail Partner,SMB,5080.52,19,7,6,7,0,101,2862.18,264.25,0,1
2023-12-18,West,Product B,Online,Enterprise,6558.25,34,10,8,10,0,174,4007.75,583.43,1,1
2023-12-18,West,Product B,Online,SMB,3891.69,20,8,6,8,0,100,2377.89,367.4,0,1
2023-12-18,West,Product B,Retail Partner,Enterprise,4393.2,23,7,5,7,0,106,2741.22,209.22,0,1
2023-12-18,West,Product B,Retail Partner,SMB,2681.83,14,5,4,5,0,73,1645.37,118.91,0,1
2023-12-18,West,Product C,Online,Enterprise,9942.97,23,7,5,7,0,116,6006.59,881.46,0,1
2023-12-18,West,Product C,Online,SMB,6215.74,15,6,4,6,0,76,3843.65,584.13,0,1
2023-12-18,West,Product C,Retail Partner,Enterprise,6326.36,15,4,3,4,0,80,3987.97,278.6,0,1
2023-12-18,West,Product C,Retail Partner,SMB,4758.26,11,4,3,4,0,58,2895.77,250.99,0,1
2023-12-25,North,Product A,Online,Enterprise,12389.33,45,13,10,13,1,222,6686.33,1207.33,1,2
2023-12-25,North,Product A,Online,SMB,7102.37,26,10,8,10,0,150,3853.03,696.03,1,1
2023-12-25,North,Product A,Retail Partner,Enterprise,8939.21,33,9,8,9,0,164,4897.65,459.45,0,1
2023-12-25,North,Product A,Retail Partner,SMB,5607.11,20,8,6,8,0,104,3112.33,277.41,1,1
2023-12-25,North,Product B,Online,Enterprise,5711.96,30,8,7,8,0,154,3482.3,484.17,1,1
2023-12-25,North,Product B,Online,SMB,4141.74,22,8,6,8,0,101,2553.0,346.12,0,1
2023-12-25,North,Product B,Retail Partner,Enterprise,4519.06,24,7,5,7,0,109,2774.86,269.13,0,1
2023-12-25,North,Product B,Retail Partner,SMB,2545.23,13,5,4,5,0,83,1562.79,141.06,0,1
2023-12-25,North,Product C,Online,Enterprise,9994.82,24,7,5,7,0,122,6347.51,854.95,0,1
2023-12-25,North,Product C,Online,SMB,6014.67,14,6,4,6,0,80,3775.89,623.61,0,1
2023-12-25,North,Product C,Retail Partner,Enterprise,7530.95,18,5,4,5,0,84,4610.18,412.33,0,1
2023-12-25,North,Product C,Retail Partner,SMB,4967.11,12,4,3,4,0,56,3099.84,253.14,0,1
2023-12-25,South,Product A,Online,Enterprise,10205.54,37,11,8,11,1,195,5583.03,835.72,1,1
2023-12-25,South,Product A,Online,SMB,6435.43,24,9,7,9,1,115,3533.05,691.12,1,1
2023-12-25,South,Product A,Retail Partner,Enterprise,7154.55,26,7,6,7,0,122,3890.85,369.74,1,1
2023-12-25,South,Product A,Retail Partner,SMB,4372.11,16,6,5,6,0,80,2412.13,243.03,0,1
2023-12-25,South,Product B,Online,Enterprise,5489.49,28,8,6,8,0,132,3385.43,495.55,0,1
2023-12-25,South,Product B,Online,SMB,3161.86,16,6,5,6,0,78,1966.42,302.15,1,1
2023-12-25,South,Product B,Retail Partner,Enterprise,3546.1,18,5,4,5,0,87,2155.21,203.76,0,1
2023-12-25,South,Product B,Retail Partner,SMB,2569.43,13,5,4,5,0,62,1589.1,135.39,0,1
2023-12-25,South,Product C,Online,Enterprise,8329.49,20,6,4,6,0,103,5191.76,795.23,0,1
2023-12-25,South,Product C,Online,SMB,5195.36,13,5,4,5,0,65,3264.08,483.75,0,1
2023-12-25,South,Product C,Retail Partner,Enterprise,6484.19,15,4,3,4,0,72,4046.05,340.92,0,1
2023-12-25,South,Product C,Retail Partner,SMB,4072.18,10,4,3,4,0,45,2480.58,206.41,0,1
2023-12-25,East,Product A,Online,Enterprise,8711.35,32,9,7,9,1,171,4777.93,784.2,1,1
2023-12-25,East,Product A,Online,SMB,5207.23,20,8,6,8,0,95,2910.89,468.47,0,1
2023-12-25,East,Product A,Retail Partner,Enterprise,6201.32,23,6,5,6,0,115,3484.75,351.06,0,1
2023-12-25,East,Product A,Retail Partner,SMB,3615.01,13,5,4,5,0,79,2022.24,202.71,0,1
2023-12-25,East,Product B,Online,Enterprise,3999.07,21,6,5,6,0,112,2499.21,355.21,0,1
2023-12-25,East,Product B,Online,SMB,2737.14,15,6,4,6,0,75,1709.54,292.37,0,1
2023-12-25,East,Product B,Retail Partner,Enterprise,3195.52,16,5,3,5,0,81,1930.03,198.06,0,1
2023-12-25,East,Product B,Retail Partner,SMB,2168.82,11,4,3,4,0,61,1329.81,105.19,0,1
2023-12-25,East,Product C,Online,Enterprise,6910.82,16,5,4,5,0,90,4259.69,501.12,0,1
2023-12-25,East,Product C,Online,SMB,4959.41,12,4,4,4,0,57,3029.74,513.71,0,1
2023-12-25,East,Product C,Retail Partner,Enterprise,5419.81,13,4,3,4,0,60,3362.95,259.64,0,0
2023-12-25,East,Product C,Retail Partner,SMB,3549.67,8,3,3,3,0,47,2164.02,209.72,0,0
2023-12-25,West,Product A,Online,Enterprise,11759.23,43,12,10,12,1,205,6536.21,1078.07,1,2
2023-12-25,West,Product A,Online,SMB,7356.63,27,10,8,10,0,133,4081.81,699.4,1,2
2023-12-25,West,Product A,Retail Partner,Enterprise,8930.08,33,9,7,9,0,154,4984.25,401.62,0,2
2023-12-25,West,Product A,Retail Partner,SMB,5379.0,20,8,6,8,0,99,3030.15,258.93,0,1
2023-12-25,West,Product B,Online,Enterprise,6253.71,32,9,7,9,0,164,3795.9,567.63,1,1
2023-12-25,West,Product B,Online,SMB,3787.39,20,8,6,8,0,103,2369.82,330.9,1,1
2023-12-25,West,Product B,Retail Partner,Enterprise,4030.76,21,6,4,6,0,116,2414.18,242.07,0,1
2023-12-25,West,Product B,Retail Partner,SMB,2955.58,15,6,5,6,0,72,1818.18,134.28,0,1
2023-12-25,West,Product C,Online,Enterprise,9940.65,23,7,5,7,0,113,6012.55,957.67,0,1
2023-12-25,West,Product C,Online,SMB,6437.74,15,6,4,6,0,88,3956.94,650.27,0,1
2023-12-25,West,Product C,Retail Partner,Enterprise,6771.58,16,4,4,4,0,81,4105.33,403.15,0,1
2023-12-25,West,Product C,Retail Partner,SMB,4519.63,11,4,3,4,0,49,2785.77,250.71,0,1
2024-01-01,North,Product A,Online,Enterprise,12758.14,46,13,10,13,1,203,6861.94,1213.81,1,2
2024-01-01,North,Product A,Online,SMB,8057.28,29,11,9,11,0,145,4456.41,688.45,1,2
2024-01-01,North,Product A,Retail Partner,Enterprise,8468.67,31,9,7,9,0,170,4729.67,409.33,1,1
2024-01-01,North,Product A,Retail Partner,SMB,5886.55,22,8,7,8,0,96,3303.11,294.23,1,1
2024-01-01,North,Product B,Online,Enterprise,6196.62,32,9,7,9,1,163,3748.58,605.25,0,1
2024-01-01,North,Product B,Online,SMB,3902.85,20,8,6,8,0,100,2365.98,359.58,0,1
2024-01-01,North,Product B,Retail Partner,Enterprise,4125.5,21,6,5,6,0,120,2512.84,217.2,0,1
2024-01-01,North,Product B,Retail Partner,SMB,2881.9,15,6,4,6,0,79,1725.08,124.44,0,1
2024-01-01,North,Product C,Online,Enterprise,9210.81,22,6,5,6,0,127,5683.93,895.47,0,1
2024-01-01,North,Product C,Online,SMB,6458.16,15,6,5,6,0,88,3832.65,557.09,0,1
2024-01-01,North,Product C,Retail Partner,Enterprise,8596.92,21,6,5,6,0,84,5323.78,435.32,1,1
2024-01-01,North,Product C,Retail Partner,SMB,4987.82,12,5,4,5,0,58,3067.91,274.55,0,1
2024-01-01,South,Product A,Online,Enterprise,9490.66,35,10,7,10,0,186,5270.37,947.35,1,1
2024-01-01,South,Product A,Online,SMB,7079.57,26,10,7,10,1,118,3832.06,666.19,1,2
2024-01-01,South,Product A,Retail Partner,Enterprise,6484.53,24,7,5,7,0,120,3525.82,314.31,0,1
2024-01-01,South,Product A,Retail Partner,SMB,5077.53,19,7,6,7,0,84,2841.65,256.21,1,1
2024-01-01,South,Product B,Online,Enterprise,4855.24,25,7,5,7,0,140,2987.53,444.55,0,1
2024-01-01,South,Product B,Online,SMB,3414.52,18,7,5,7,0,87,2117.19,328.94,0,1
2024-01-01,South,Product B,Retail Partner,Enterprise,3434.02,18,5,4,5,0,94,2079.55,196.1,0,1
2024-01-01,South,Product B,Retail Partner,SMB,2541.52,13,5,4,5,0,61,1533.11,118.7,0,1
2024-01-01,South,Product C,Online,Enterprise,8036.77,19,5,4,5,0,99,5056.52,794.97,0,1
2024-01-01,South,Product C,Online,SMB,5243.34,12,5,4,5,0,68,3250.94,469.64,0,1
2024-01-01,South,Product C,Retail Partner,Enterprise,5577.41,13,4,3,4,0,71,3465.1,297.47,0,0
2024-01-01,South,Product C,Retail Partner,SMB,3921.46,9,4,3,4,0,48,2464.89,218.67,0,0
2024-01-01,East,Product A,Online,Enterprise,8322.6,30,9,7,9,1,154,4521.52,813.77,0,1
2024-01-01,East,Product A,Online,SMB,5496.87,20,8,6,8,0,99,2981.4,528.02,1,1
2024-01-01,East,Product A,Retail Partner,Enterprise,6042.18,22,6,5,6,0,108,3377.99,306.38,0,1
2024-01-01,East,Product A,Retail Partner,SMB,4080.21,15,6,4,6,0,74,2224.05,207.88,0,1
2024-01-01,East,Product B,Online,Enterprise,4267.99,22,6,5,6,0,122,2669.65,394.47,0,1
2024-01-01,East,Product B,Online,SMB,2948.52,15,6,4,6,0,70,1743.55,249.11,0,1
2024-01-01,East,Product B,Retail Partner,Enterprise,3422.07,18,5,4,5,0,81,2042.46,163.84,0,1
2024-01-01,East,Product B,Retail Partner,SMB,2425.27,13,5,4,5,0,56,1498.94,103.37,0,1
2024-01-01,East,Product C,Online,Enterprise,6520.27,16,4,4,4,0,92,4043.19,723.23,0,1
2024-01-01,East,Product C,Online,SMB,5142.22,12,5,4,5,0,56,3132.11,478.94,0,1
2024-01-01,East,Product C,Retail Partner,Enterprise,4769.63,11,3,2,3,0,62,2926.08,268.38,0,0
2024-01-01,East,Product C,Retail Partner,SMB,3484.7,8,3,2,3,0,44,2137.58,188.01,0,1
2024-01-01,West,Product A,Online,Enterprise,11086.07,40,11,9,11,1,206,6004.04,922.4,1,2
2024-01-01,West,Product A,Online,SMB,7310.81,27,10,8,10,1,140,4101.46,644.89,1,1
2024-01-01,West,Product A,Retail Partner,Enterprise,7314.06,27,8,6,8,0,156,3985.24,403.3,0,1
2024-01-01,West,Product A,Retail Partner,SMB,5771.49,21,8,7,8,0,108,3184.77,289.14,0,1
2024-01-01,West,Product B,Online,Enterprise,6152.15,32,9,7,9,1,141,3809.69,611.4,1,1
2024-01-01,West,Product B,Online,SMB,3583.49,19,7,6,7,0,108,2259.89,288.87,0,1
2024-01-01,West,Product B,Retail Partner,Enterprise,4029.23,21,6,5,6,0,109,2483.69,198.48,1,1
2024-01-01,West,Product B,Retail Partner,SMB,2860.09,15,6,4,6,0,82,1778.3,148.59,0,1
2024-01-01,West,Product C,Online,Enterprise,9492.52,22,6,5,6,0,116,5904.31,942.72,1,1
2024-01-01,West,Product C,Online,SMB,6755.82,16,6,5,6,0,76,4129.96,668.02,0,1
2024-01-01,West,Product C,Retail Partner,Enterprise,5940.99,14,4,3,4,0,78,3674.65,363.46,0,1
2024-01-01,West,Product C,Retail Partner,SMB,4916.61,12,5,3,5,0,55,3012.86,259.26,0,1
2024-01-08,North,Product A,Online,Enterprise,12312.2,45,13,9,13,1,218,6807.44,1052.72,1,2
2024-01-08,North,Product A,Online,SMB,8094.14,29,11,9,11,0,143,4457.25,825.13,1,2
2024-01-08,North,Product A,Retail Partner,Enterprise,8392.0,31,9,7,9,0,156,4717.82,364.65,0,1
2024-01-08,North,Product A,Retail Partner,SMB,5587.04,20,8,6,8,0,106,3122.94,330.44,0,1
2024-01-08,North,Product B,Online,Enterprise,6691.29,35,10,8,10,1,162,4151.84,696.23,1,2
2024-01-08,North,Product B,Online,SMB,4071.3,21,8,7,8,1,100,2504.81,348.64,1,1
2024-01-08,North,Product B,Retail Partner,Enterprise,4340.77,22,6,5,6,0,115,2622.07,209.06,0,1
2024-01-08,North,Product B,Retail Partner,SMB,2778.45,14,5,4,5,0,78,1658.64,144.97,0,1
2024-01-08,North,Product C,Online,Enterprise,11501.79,27,8,6,8,0,115,7165.24,1024.51,0,1
2024-01-08,North,Product C,Online,SMB,6756.32,16,6,5,6,0,76,4238.54,630.99,1,1
2024-01-08,North,Product C,Retail Partner,Enterprise,7366.42,18,5,4,5,0,92,4573.27,371.06,0,1
2024-01-08,North,Product C,Retail Partner,SMB,4973.71,12,5,3,5,0,60,3090.04,270.08,0,1
2024-01-08,South,Product A,Online,Enterprise,9733.69,35,10,8,10,1,171,5381.13,837.73,1,1
2024-01-08,South,Product A,Online,SMB,6547.65,24,9,7,9,1,124,3582.66,565.26,0,1
2024-01-08,South,Product A,Retail Partner,Enterprise,7457.94,27,8,6,8,0,135,4100.72,349.28,0,1
2024-01-08,South,Product A,Retail Partner,SMB,4703.58,17,7,5,7,0,86,2596.87,245.13,0,1
2024-01-08,South,Product B,Online,Enterprise,5027.17,26,7,6,7,0,138,3084.25,412.01,0,1
2024-01-08,South,Product B,Online,SMB,3311.63,17,7,5,7,0,89,2019.96,316.29,0,1
2024-01-08,South,Product B,Retail Partner,Enterprise,3862.79,20,6,4,6,0,102,2331.39,217.05,0,1
2024-01-08,South,Product B,Retail Partner,SMB,2603.44,14,5,4,5,0,65,1594.42,153.47,0,1
2024-01-08,South,Product C,Online,Enterprise,7974.67,19,5,4,5,0,101,4960.48,818.76,0,1
2024-01-08,South,Product C,Online,SMB,4947.97,12,4,4,4,0,60,3013.28,521.32,0,1
2024-01-08,South,Product C,Retail Partner,Enterprise,6386.06,15,4,3,4,0,69,3960.05,316.51,0,1
2024-01-08,South,Product C,Retail Partner,SMB,3827.15,9,4,3,4,0,48,2393.29,210.06,0,1
2024-01-08,East,Product A,Online,Enterprise,8671.12,32,9,7,9,0,151,4780.62,878.56,1,1
2024-01-08,East,Product A,Online,SMB,5529.06,20,8,6,8,0,104,3030.58,467.51,0,1
2024-01-08,East,Product A,Retail Partner,Enterprise,6062.04,22,6,5,6,0,119,3357.44,337.06,0,1
2024-01-08,East,Product A,Retail Partner,SMB,3869.08,14,5,4,5,0,73,2163.26,193.72,0,1
2024-01-08,East,Product B,Online,Enterprise,4394.54,23,7,5,7,0,108,2701.28,371.3,0,1
2024-01-08,East,Product B,Online,SMB,3042.82,16,6,5,6,0,78,1891.83,278.49,1,1
2024-01-08,East,Product B,Retail Partner,Enterprise,3222.98,17,5,4,5,0,89,1968.94,159.13,0,1
2024-01-08,East,Product B,Retail Partner,SMB,2094.92,11,4,3,4,0,53,1277.52,109.83,0,1
2024-01-08,East,Product C,Online,Enterprise,7181.77,17,5,4,5,0,84,4493.73,620.03,0,1
2024-01-08,East,Product C,Online,SMB,4975.8,12,5,4,5,0,58,3032.51,518.98,0,1
2024-01-08,East,Product C,Retail Partner,Enterprise,5040.17,12,3,3,3,0,62,3172.96,300.64,0,0
2024-01-08,East,Product C,Retail Partner,SMB,3646.61,9,3,3,3,0,40,2308.67,203.06,0,0
2024-01-08,West,Product A,Online,Enterprise,10960.69,40,12,9,12,1,200,6141.95,1073.2,1,1
2024-01-08,West,Product A,Online,SMB,7343.29,27,10,8,10,0,135,4032.52,768.59,1,2
2024-01-08,West,Product A,Retail Partner,Enterprise,7969.91,29,8,7,8,0,162,4404.95,416.22,1,1
2024-01-08,West,Product A,Retail Partner,SMB,5039.45,19,7,6,7,0,100,2830.29,283.66,0,1
2024-01-08,West,Product B,Online,Enterprise,5567.39,28,8,7,8,0,151,3314.32,465.05,1,1
2024-01-08,West,Product B,Online,SMB,3758.89,19,7,6,7,0,101,2242.0,313.65,0,1
2024-01-08,West,Product B,Retail Partner,Enterprise,4315.65,23,6,5,6,0,104,2702.08,219.11,0,1
2024-01-08,West,Product B,Retail Partner,SMB,2750.54,14,5,4,5,0,72,1689.09,137.55,0,1
2024-01-08,West,Product C,Online,Enterprise,10310.76,25,7,5,7,0,122,6503.58,962.66,0,1
2024-01-08,West,Product C,Online,SMB,6533.18,15,6,4,6,0,72,3996.89,621.19,0,1
2024-01-08,West,Product C,Retail Partner,Enterprise,6097.75,15,4,3,4,0,83,3793.67,296.0,0,1
2024-01-08,West,Product C,Retail Partner,SMB,4346.4,10,4,3,4,0,55,2654.55,198.6,0,0
2024-01-15,North,Product A,Online,Enterprise,11908.71,44,12,10,12,0,223,6557.08,1134.3,1,2
2024-01-15,North,Product A,Online,SMB,7829.48,29,11,8,11,0,149,4398.57,668.74,1,2
2024-01-15,North,Product A,Retail Partner,Enterprise,8829.3,32,9,7,9,0,168,4903.41,439.46,1,1
2024-01-15,North,Product A,Retail Partner,SMB,5458.83,20,8,6,8,0,109,2988.51,267.02,1,1
2024-01-15,North,Product B,Online,Enterprise,7116.38,37,11,8,11,1,169,4397.33,669.27,1,1
2024-01-15,North,Product B,Online,SMB,4049.81,21,8,7,8,0,114,2499.93,377.22,0,1
2024-01-15,North,Product B,Retail Partner,Enterprise,4440.02,23,7,5,7,0,110,2726.31,212.35,0,1
2024-01-15,North,Product B,Retail Partner,SMB,3188.82,16,6,5,6,0,75,1945.26,156.36,0,1
2024-01-15,North,Product C,Online,Enterprise,9870.74,23,7,5,7,0,113,6050.84,1009.25,0,1
2024-01-15,North,Product C,Online,SMB,6865.93,16,6,5,6,0,86,4203.32,670.49,0,1
2024-01-15,North,Product C,Retail Partner,Enterprise,7054.61,17,5,3,5,0,83,4385.5,323.06,0,1
2024-01-15,North,Product C,Retail Partner,SMB,4748.29,11,4,3,4,0,53,2945.49,274.73,0,1
2024-01-15,South,Product A,Online,Enterprise,10095.91,37,10,8,10,0,170,5411.38,920.81,1,1
2024-01-15,South,Product A,Online,SMB,6565.98,24,9,7,9,0,116,3599.92,591.2,1,1
2024-01-15,South,Product A,Retail Partner,Enterprise,6551.9,24,7,5,7,0,138,3648.3,384.51,0,1
2024-01-15,South,Product A,Retail Partner,SMB,5005.22,18,7,6,7,0,90,2734.91,305.54,0,1
2024-01-15,South,Product B,Online,Enterprise,5369.61,27,8,6,8,0,136,3240.38,489.66,0,1
2024-01-15,South,Product B,Online,SMB,3242.2,16,6,5,6,0,87,1924.06,337.27,0,1
2024-01-15,South,Product B,Retail Partner,Enterprise,3686.65,19,5,4,5,0,103,2194.55,204.8,0,1
2024-01-15,South,Product B,Retail Partner,SMB,2532.36,13,5,4,5,0,62,1505.03,134.68,0,1
2024-01-15,South,Product C,Online,Enterprise,8425.62,20,6,4,6,0,91,5213.52,783.08,0,1
2024-01-15,South,Product C,Online,SMB,5847.83,14,5,4,5,0,66,3603.46,461.83,0,1
2024-01-15,South,Product C,Retail Partner,Enterprise,6311.68,15,4,3,4,0,74,3970.76,330.99,0,1
2024-01-15,South,Product C,Retail Partner,SMB,4256.61,10,4,3,4,0,52,2536.99,191.08,0,1
2024-01-15,East,Product A,Online,Enterprise,8415.27,31,9,7,9,0,163,4608.91,798.64,0,1
2024-01-15,East,Product A,Online,SMB,5690.97,21,8,6,8,0,103,3143.12,487.39,1,1
2024-01-15,East,Product A,Retail Partner,Enterprise,6711.82,24,7,5,7,0,109,3622.12,392.37,0,1
2024-01-15,East,Product A,Retail Partner,SMB,3846.95,14,5,4,5,0,73,2097.38,202.96,0,1
2024-01-15,East,Product B,Online,Enterprise,4385.95,23,6,5,6,0,121,2709.01,412.83,0,1
2024-01-15,East,Product B,Online,SMB,3134.87,16,6,5,6,0,77,1895.34,278.24,0,1
2024-01-15,East,Product B,Retail Partner,Enterprise,3557.38,18,5,4,5,0,86,2151.82,189.1,0,1
2024-01-15,East,Product B,Retail Partner,SMB,2154.5,11,4,3,4,0,59,1280.43,97.42,0,1
2024-01-15,East,Product C,Online,Enterprise,7249.74,17,5,4,5,0,89,4508.62,615.74,0,1
2024-01-15,East,Product C,Online,SMB,4477.29,11,4,3,4,0,54,2800.96,424.53,0,1
2024-01-15,East,Product C,Retail Partner,Enterprise,5454.03,13,4,3,4,0,60,3274.28,283.68,0,0
2024-01-15,East,Product C,Retail Partner,SMB,3631.74,9,3,3,3,0,42,2260.16,193.69,0,1
2024-01-15,West,Product A,Online,Enterprise,12274.03,45,13,10,13,1,213,6782.57,1178.82,1,2
2024-01-15,West,Product A,Online,SMB,7238.13,27,10,8,10,0,132,4040.61,798.69,1,2
2024-01-15,West,Product A,Retail Partner,Enterprise,8119.52,30,9,7,9,1,153,4514.48,423.52,1,1
2024-01-15,West,Product A,Retail Partner,SMB,5591.86,21,8,6,8,0,107,3132.05,258.48,0,1
2024-01-15,West,Product B,Online,Enterprise,5547.48,28,8,6,8,0,158,3308.33,596.25,1,1
2024-01-15,West,Product B,Online,SMB,3754.54,19,7,6,7,0,97,2253.58,398.74,1,1
2024-01-15,West,Product B,Retail Partner,Enterprise,4217.67,22,6,5,6,0,123,2577.9,219.25,0,1
2024-01-15,West,Product B,Retail Partner,SMB,2931.69,15,6,5,6,0,73,1800.68,157.23,0,1
2024-01-15,West,Product C,Online,Enterprise,9467.35,22,6,5,6,0,109,5769.24,850.99,0,1
2024-01-15,West,Product C,Online,SMB,6479.63,16,6,5,6,0,85,4067.34,625.19,0,1
2024-01-15,West,Product C,Retail Partner,Enterprise,7021.97,17,5,4,5,0,85,4232.42,385.75,0,1
2024-01-15,West,Product C,Retail Partner,SMB,4433.65,11,4,3,4,0,54,2752.25,249.78,0,1
2024-01-22,North,Product A,Online,Enterprise,11491.24,41,12,9,12,1,225,6224.29,1216.95,1,2
2024-01-22,North,Product A,Online,SMB,8441.08,31,12,9,12,0,153,4668.01,717.07,1,1
2024-01-22,North,Product A,Retail Partner,Enterprise,8001.27,30,8,7,8,0,159,4551.66,491.9,1,1
2024-01-22,North,Product A,Retail Partner,SMB,5285.41,20,8,6,8,0,103,2994.37,269.48,0,1
2024-01-22,North,Product B,Online,Enterprise,6434.56,34,10,7,10,0,165,4011.3,540.38,1,1
2024-01-22,North,Product B,Online,SMB,3658.12,19,7,6,7,0,115,2237.84,358.36,0,1
2024-01-22,North,Product B,Retail Partner,Enterprise,4207.22,22,6,5,6,0,122,2574.7,203.96,0,1
2024-01-22,North,Product B,Retail Partner,SMB,3172.33,16,6,5,6,0,77,1932.37,152.37,0,1
2024-01-22,North,Product C,Online,Enterprise,9786.02,24,7,5,7,0,129,6107.34,1013.03,0,1
2024-01-22,North,Product C,Online,SMB,6832.55,16,6,5,6,0,86,4225.36,552.41,0,1
2024-01-22,North,Product C,Retail Partner,Enterprise,7296.95,17,5,4,5,0,83,4614.37,363.73,0,1
2024-01-22,North,Product C,Retail Partner,SMB,4865.6,12,4,3,4,0,57,3028.82,256.14,0,1
2024-01-22,South,Product A,Online,Enterprise,9799.94,37,10,8,10,0,179,5556.21,915.47,1,1
2024-01-22,South,Product A,Online,SMB,6534.25,23,9,7,9,0,106,3538.5,681.45,1,1
2024-01-22,South,Product A,Retail Partner,Enterprise,7952.64,29,8,6,8,0,128,4384.66,433.5,1,1
2024-01-22,South,Product A,Retail Partner,SMB,4843.32,18,7,5,7,0,88,2672.13,270.02,0,1
2024-01-22,South,Product B,Online,Enterprise,4894.02,26,7,6,7,0,137,3076.04,444.76,0,1
2024-01-22,South,Product B,Online,SMB,3403.45,18,7,5,7,0,86,2047.79,287.82,0,1
2024-01-22,South,Product B,Retail Partner,Enterprise,3671.68,19,5,4,5,0,96,2269.0,207.08,0,1
2024-01-22,South,Product B,Retail Partner,SMB,2220.63,12,5,4,5,0,65,1411.58,105.52,0,1
2024-01-22,South,Product C,Online,Enterprise,8389.32,20,6,4,6,0,106,5046.32,760.88,0,1
2024-01-22,South,Product C,Online,SMB,5179.35,13,5,4,5,0,62,3311.43,536.77,0,1
2024-01-22,South,Product C,Retail Partner,Enterprise,5894.49,14,4,3,4,0,82,3582.33,274.41,0,0
2024-01-22,South,Product C,Retail Partner,SMB,4064.56,10,4,3,4,0,52,2511.66,228.73,0,1
2024-01-22,East,Product A,Online,Enterprise,8400.79,30,9,7,9,0,171,4576.06,714.66,0,1
2024-01-22,East,Product A,Online,SMB,5954.08,22,8,6,8,1,99,3291.08,592.69,1,2
2024-01-22,East,Product A,Retail Partner,Enterprise,5929.66,22,6,5,6,0,118,3241.88,291.01,1,1
2024-01-22,East,Product A,Retail Partner,SMB,3976.72,15,6,4,6,0,71,2234.36,180.3,0,1
2024-01-22,East,Product B,Online,Enterprise,4760.5,25,7,6,7,0,110,2890.51,513.71,1,1
2024-01-22,East,Product B,Online,SMB,2952.5,16,6,5,6,0,76,1834.95,243.21,0,1
2024-01-22,East,Product B,Retail Partner,Enterprise,3250.94,16,5,4,5,0,88,1934.39,191.15,0,1
2024-01-22,East,Product B,Retail Partner,SMB,2117.55,11,4,4,4,0,54,1308.46,119.52,0,1
2024-01-22,East,Product C,Online,Enterprise,7507.87,18,5,4,5,0,90,4710.25,686.43,0,1
2024-01-22,East,Product C,Online,SMB,5049.98,12,5,4,5,0,55,3069.56,519.13,0,1
2024-01-22,East,Product C,Retail Partner,Enterprise,5221.83,12,4,3,4,0,62,3224.9,274.26,0,0
2024-01-22,East,Product C,Retail Partner,SMB,3259.06,8,3,2,3,0,42,2034.88,175.19,0,1
2024-01-22,West,Product A,Online,Enterprise,11895.08,42,12,9,12,0,199,6417.09,922.62,1,1
2024-01-22,West,Product A,Online,SMB,7785.39,28,11,9,11,0,126,4296.22,835.48,1,2
2024-01-22,West,Product A,Retail Partner,Enterprise,7873.85,29,8,7,8,0,147,4374.74,423.39,0,1
2024-01-22,West,Product A,Retail Partner,SMB,5815.47,21,8,6,8,0,112,3213.15,280.27,1,1
2024-01-22,West,Product B,Online,Enterprise,5539.15,28,8,6,8,0,157,3337.69,531.41,0,1
2024-01-22,West,Product B,Online,SMB,3796.21,20,8,6,8,0,100,2330.97,318.48,0,1
2024-01-22,West,Product B,Retail Partner,Enterprise,4410.24,23,7,5,7,0,109,2711.22,266.44,0,1
2024-01-22,West,Product B,Retail Partner,SMB,2749.91,14,6,5,6,0,68,1692.62,154.54,0,1
2024-01-22,West,Product C,Online,Enterprise,9579.54,23,7,5,7,0,111,5915.2,830.39,0,1
2024-01-22,West,Product C,Online,SMB,6390.43,15,6,5,6,0,75,4046.77,548.04,0,1
2024-01-22,West,Product C,Retail Partner,Enterprise,6922.87,17,5,4,5,0,80,4367.34,366.97,0,1
2024-01-22,West,Product C,Retail Partner,SMB,4472.61,11,4,3,4,0,53,2863.21,234.1,0,1
2024-01-29,North,Product A,Online,Enterprise,11644.44,43,12,10,12,0,221,6561.04,1130.37,1,2
2024-01-29,North,Product A,Online,SMB,8036.37,29,11,9,11,1,159,4331.91,688.71,1,1
2024-01-29,North,Product A,Retail Partner,Enterprise,8196.79,30,9,7,9,0,150,4481.11,395.61,0,2
2024-01-29,North,Product A,Retail Partner,SMB,5488.96,20,8,6,8,0,109,3027.29,327.72,1,1
2024-01-29,North,Product B,Online,Enterprise,6188.78,33,9,7,9,0,161,3853.59,546.62,1,1
2024-01-29,North,Product B,Online,SMB,4297.11,22,9,6,9,0,109,2625.61,421.32,1,1
2024-01-29,North,Product B,Retail Partner,Enterprise,4469.91,23,7,5,7,0,116,2708.06,206.76,0,1
2024-01-29,North,Product B,Retail Partner,SMB,3118.25,16,6,5,6,0,79,1896.23,184.95,0,1
2024-01-29,North,Product C,Online,Enterprise,10181.75,24,7,5,7,1,131,6205.89,988.08,0,1
2024-01-29,North,Product C,Online,SMB,7578.27,18,7,5,7,0,79,4627.72,724.81,0,1
2024-01-29,North,Product C,Retail Partner,Enterprise,8152.55,19,6,4,6,0,90,5152.53,385.67,0,1
2024-01-29,North,Product C,Retail Partner,SMB,4990.03,12,5,4,5,0,56,3116.14,274.02,0,1
2024-01-29,South,Product A,Online,Enterprise,8835.84,32,9,7,9,0,167,4961.22,873.72,1,1
2024-01-29,South,Product A,Online,SMB,6643.66,24,9,7,9,0,126,3738.67,713.39,1,1
2024-01-29,South,Product A,Retail Partner,Enterprise,7369.94,26,8,6,8,0,130,3968.41,417.52,0,1
2024-01-29,South,Product A,Retail Partner,SMB,4438.02,16,6,5,6,0,80,2410.23,230.62,1,1
2024-01-29,South,Product B,Online,Enterprise,5246.34,27,8,6,8,0,141,3173.77,515.05,1,1
2024-01-29,South,Product B,Online,SMB,3479.66,18,7,5,7,0,89,2130.88,364.91,0,1
2024-01-29,South,Product B,Retail Partner,Enterprise,3884.24,20,6,4,6,0,94,2372.14,180.35,1,1
2024-01-29,South,Product B,Retail Partner,SMB,2429.76,12,5,4,5,0,57,1489.85,117.41,0,1
2024-01-29,South,Product C,Online,Enterprise,8477.85,20,6,5,6,0,99,5306.31,877.54,0,1
2024-01-29,South,Product C,Online,SMB,5536.3,13,5,4,5,0,73,3455.01,507.2,0,1
2024-01-29,South,Product C,Retail Partner,Enterprise,6063.5,15,4,3,4,0,71,3779.63,296.32,0,1
2024-01-29,South,Product C,Retail Partner,SMB,4272.66,10,4,3,4,0,44,2572.28,199.41,0,1
2024-01-29,East,Product A,Online,Enterprise,8465.54,31,9,7,9,0,165,4662.21,856.01,1,1
2024-01-29,East,Product A,Online,SMB,5228.0,20,8,6,8,0,98,2923.54,474.45,0,1
2024-01-29,East,Product A,Retail Partner,Enterprise,5655.54,21,6,5,6,0,111,3109.23,266.68,0,1
2024-01-29,East,Product A,Retail Partner,SMB,4340.84,16,6,5,6,0,71,2418.31,228.38,0,1
2024-01-29,East,Product B,Online,Enterprise,4198.99,22,6,5,6,0,113,2589.79,392.12,0,1
2024-01-29,East,Product B,Online,SMB,3112.25,16,6,5,6,0,77,1887.5,286.77,0,1
2024-01-29,East,Product B,Retail Partner,Enterprise,3205.47,16,5,4,5,0,78,1965.04,158.0,0,1
2024-01-29,East,Product B,Retail Partner,SMB,1956.94,10,4,3,4,0,53,1187.76,98.07,0,1
2024-01-29,East,Product C,Online,Enterprise,7526.68,18,5,4,5,0,79,4758.54,760.79,0,1
2024-01-29,East,Product C,Online,SMB,4456.38,11,4,3,4,0,54,2783.42,364.21,0,1
2024-01-29,East,Product C,Retail Partner,Enterprise,4971.73,12,3,3,3,0,61,3101.48,242.4,0,1
2024-01-29,East,Product C,Retail Partner,SMB,3384.14,8,3,2,3,0,42,2096.07,168.12,0,0
2024-01-29,West,Product A,Online,Enterprise,12000.23,44,12,10,12,0,206,6483.85,1072.39,1,2
2024-01-29,West,Product A,Online,SMB,7794.7,28,11,9,11,1,137,4240.95,649.41,1,1
2024-01-29,West,Product A,Retail Partner,Enterprise,7912.62,29,8,6,8,0,147,4314.22,413.94,0,1
2024-01-29,West,Product A,Retail Partner,SMB,5595.77,20,8,6,8,0,100,3100.19,276.21,1,1
2024-01-29,West,Product B,Online,Enterprise,6227.56,32,9,7,9,0,151,3806.76,506.3,1,1
2024-01-29,West,Product B,Online,SMB,3691.48,19,7,6,7,0,99,2274.52,374.78,0,1
2024-01-29,West,Product B,Retail Partner,Enterprise,4460.68,23,7,5,7,0,111,2694.59,233.02,0,1
2024-01-29,West,Product B,Retail Partner,SMB,2957.47,15,6,4,6,0,72,1832.73,174.75,0,1
2024-01-29,West,Product C,Online,Enterprise,9546.3,22,6,5,6,1,120,5949.68,814.32,0,1
2024-01-29,West,Product C,Online,SMB,6957.67,16,6,5,6,0,74,4261.71,703.05,0,1
2024-01-29,West,Product C,Retail Partner,Enterprise,6666.66,16,5,4,5,0,93,4228.34,360.26,0,1
2024-01-29,West,Product C,Retail Partner,SMB,4466.66,11,4,3,4,0,56,2703.41,210.16,0,1
2024-02-05,North,Product A,Online,Enterprise,13159.65,49,14,11,14,0,213,7336.26,1068.08,1,2
2024-02-05,North,Product A,Online,SMB,8044.21,30,11,9,11,0,136,4496.15,809.74,1,2
2024-02-05,North,Product A,Retail Partner,Enterprise,8724.69,32,9,7,9,0,159,4846.35,419.83,1,2
2024-02-05,North,Product A,Retail Partner,SMB,6318.68,24,9,7,9,1,103,3602.15,368.82,1,1
2024-02-05,North,Product B,Online,Enterprise,6134.62,32,9,7,9,0,176,3772.7,558.81,1,1
2024-02-05,North,Product B,Online,SMB,4143.61,21,8,6,8,0,114,2538.96,312.45,0,1
2024-02-05,North,Product B,Retail Partner,Enterprise,4360.87,23,6,5,6,0,124,2646.44,232.09,0,1
2024-02-05,North,Product B,Retail Partner,SMB,2771.81,14,5,4,5,0,81,1709.71,148.51,0,1
2024-02-05,North,Product C,Online,Enterprise,10547.96,25,7,5,7,0,116,6508.8,1056.61,1,1
2024-02-05,North,Product C,Online,SMB,6772.51,16,6,5,6,0,81,4161.71,639.93,0,1
2024-02-05,North,Product C,Retail Partner,Enterprise,6538.95,16,4,3,4,0,90,4046.34,326.51,0,1
2024-02-05,North,Product C,Retail Partner,SMB,4910.34,12,4,4,4,0,56,2987.51,212.68,0,1
2024-02-05,South,Product A,Online,Enterprise,10083.05,37,10,8,10,0,181,5432.04,839.2,1,1
2024-02-05,South,Product A,Online,SMB,6360.22,23,9,7,9,0,131,3456.72,616.57,0,1
2024-02-05,South,Product A,Retail Partner,Enterprise,7433.48,27,8,6,8,0,134,4085.63,364.53,0,1
2024-02-05,South,Product A,Retail Partner,SMB,4600.19,16,6,5,6,0,89,2464.79,223.09,0,1
2024-02-05,South,Product B,Online,Enterprise,5744.47,30,8,7,8,0,124,3495.91,545.13,0,2
2024-02-05,South,Product B,Online,SMB,3437.04,18,7,5,7,0,90,2113.22,281.11,0,1
2024-02-05,South,Product B,Retail Partner,Enterprise,3548.2,18,5,4,5,0,98,2198.27,194.47,0,1
2024-02-05,South,Product B,Retail Partner,SMB,2383.6,12,5,4,5,0,67,1475.13,133.21,0,1
2024-02-05,South,Product C,Online,Enterprise,8461.93,20,6,4,6,0,89,5145.08,721.92,0,1
2024-02-05,South,Product C,Online,SMB,5632.88,13,5,4,5,0,72,3389.05,517.25,0,1
2024-02-05,South,Product C,Retail Partner,Enterprise,5764.22,14,4,3,4,0,69,3598.74,302.48,0,0
2024-02-05,South,Product C,Retail Partner,SMB,3695.03,9,3,3,3,0,47,2326.73,181.29,0,1
2024-02-05,East,Product A,Online,Enterprise,8868.29,33,9,7,9,1,144,4881.98,862.96,1,1
2024-02-05,East,Product A,Online,SMB,5465.49,20,8,6,8,0,105,2995.47,498.06,1,1
2024-02-05,East,Product A,Retail Partner,Enterprise,6424.1,23,7,5,7,0,112,3459.32,387.57,0,1
2024-02-05,East,Product A,Retail Partner,SMB,3666.24,13,5,4,5,0,76,1986.3,172.81,0,1
2024-02-05,East,Product B,Online,Enterprise,4241.92,23,6,5,6,0,114,2684.37,378.41,0,1
2024-02-05,East,Product B,Online,SMB,2942.0,15,6,5,6,0,77,1777.92,292.93,0,1
2024-02-05,East,Product B,Retail Partner,Enterprise,3110.39,16,5,4,5,0,80,1882.55,157.95,0,1
2024-02-05,East,Product B,Retail Partner,SMB,2072.16,11,4,3,4,0,54,1268.19,101.66,0,1
2024-02-05,East,Product C,Online,Enterprise,6952.85,17,5,4,5,0,82,4325.72,692.51,0,1
2024-02-05,East,Product C,Online,SMB,4567.54,11,4,3,4,0,59,2786.53,383.32,0,0
2024-02-05,East,Product C,Retail Partner,Enterprise,5817.55,14,4,3,4,0,59,3624.1,274.6,0,1
2024-02-05,East,Product C,Retail Partner,SMB,3332.85,8,3,2,3,0,39,2079.17,178.75,0,0
2024-02-05,West,Product A,Online,Enterprise,11380.62,41,12,9,12,0,222,6189.98,988.31,1,2
2024-02-05,West,Product A,Online,SMB,7274.28,27,10,8,10,0,137,4046.44,709.18,1,1
2024-02-05,West,Product A,Retail Partner,Enterprise,8576.1,31,9,7,9,1,149,4721.8,431.22,1,2
2024-02-05,West,Product A,Retail Partner,SMB,5884.72,21,8,6,8,1,91,3136.45,291.26,1,1
2024-02-05,West,Product B,Online,Enterprise,6013.56,31,9,7,9,0,146,3771.01,521.1,1,1
2024-02-05,West,Product B,Online,SMB,4065.8,21,8,6,8,0,104,2471.7,386.5,1,1
2024-02-05,West,Product B,Retail Partner,Enterprise,4265.16,22,6,5,6,0,111,2570.58,216.21,0,1
2024-02-05,West,Product B,Retail Partner,SMB,2821.77,15,6,4,6,0,70,1714.3,120.1,0,1
2024-02-05,West,Product C,Online,Enterprise,9710.01,23,7,5,7,0,108,5971.5,876.92,0,1
2024-02-05,West,Product C,Online,SMB,5996.38,14,5,4,5,0,73,3652.25,487.02,0,1
2024-02-05,West,Product C,Retail Partner,Enterprise,6260.0,15,4,3,4,0,78,3888.91,311.73,0,1
2024-02-05,West,Product C,Retail Partner,SMB,5084.39,12,5,4,5,0,51,3093.34,287.26,0,1
2024-02-12,North,Product A,Online,Enterprise,12130.89,45,13,10,13,0,201,6778.97,1181.59,1,2
2024-02-12,North,Product A,Online,SMB,8606.38,31,12,10,12,0,139,4675.15,812.95,1,2
2024-02-12,North,Product A,Retail Partner,Enterprise,9502.16,34,10,8,10,0,164,5026.13,473.49,0,1
2024-02-12,North,Product A,Retail Partner,SMB,5979.65,22,8,7,8,1,105,3320.47,309.0,0,1
2024-02-12,North,Product B,Online,Enterprise,6678.78,34,10,8,10,1,170,3963.13,708.6,1,1
2024-02-12,North,Product B,Online,SMB,3979.24,21,8,6,8,1,106,2408.5,362.28,0,1
2024-02-12,North,Product B,Retail Partner,Enterprise,4391.2,23,7,5,7,0,136,2721.99,225.76,0,1
2024-02-12,North,Product B,Retail Partner,SMB,3039.79,16,6,5,6,0,74,1843.39,169.93,0,1
2024-02-12,North,Product C,Online,Enterprise,8852.25,21,6,5,6,0,117,5489.2,844.88,0,1
2024-02-12,North,Product C,Online,SMB,6376.47,15,6,5,6,0,89,3835.79,624.79,0,1
2024-02-12,North,Product C,Retail Partner,Enterprise,7093.52,17,5,4,5,0,88,4383.04,394.45,0,1
2024-02-12,North,Product C,Retail Partner,SMB,5014.44,12,5,4,5,0,55,3187.87,243.45,0,1
2024-02-12,South,Product A,Online,Enterprise,8557.67,32,9,7,9,0,182,4749.17,858.47,1,1
2024-02-12,South,Product A,Online,SMB,6793.77,25,9,7,9,0,127,3632.17,628.81,1,2
2024-02-12,South,Product A,Retail Partner,Enterprise,7869.35,28,8,6,8,0,121,4141.25,376.95,1,1
2024-02-12,South,Product A,Retail Partner,SMB,5133.07,19,7,6,7,0,82,2874.44,249.36,0,1
2024-02-12,South,Product B,Online,Enterprise,5643.09,29,8,7,8,0,127,3479.86,597.23,1,1
2024-02-12,South,Product B,Online,SMB,3576.31,18,7,5,7,0,90,2154.49,278.52,0,1
2024-02-12,South,Product B,Retail Partner,Enterprise,3782.5,19,6,5,6,0,98,2305.42,203.9,0,1
2024-02-12,South,Product B,Retail Partner,SMB,2744.22,14,5,4,5,0,59,1639.77,140.52,0,1
2024-02-12,South,Product C,Online,Enterprise,8565.2,20,6,5,6,0,102,5176.95,698.91,0,1
2024-02-12,South,Product C,Online,SMB,5867.25,14,5,4,5,0,60,3462.93,632.52,0,1
2024-02-12,South,Product C,Retail Partner,Enterprise,5662.17,14,4,3,4,0,65,3609.75,287.61,0,0
2024-02-12,South,Product C,Retail Partner,SMB,3955.16,9,4,3,4,0,47,2406.74,222.4,0,1
2024-02-12,East,Product A,Online,Enterprise,7425.46,28,8,6,8,0,151,4212.1,724.14,1,1
2024-02-12,East,Product A,Online,SMB,5304.26,19,7,6,7,0,101,2935.81,550.3,0,1
2024-02-12,East,Product A,Retail Partner,Enterprise,6293.74,24,7,5,7,0,106,3544.54,303.54,0,1
2024-02-12,East,Product A,Retail Partner,SMB,4364.68,16,6,5,6,0,83,2412.77,241.27,0,1
2024-02-12,East,Product B,Online,Enterprise,4330.14,22,6,5,6,0,115,2652.23,428.45,0,1
2024-02-12,East,Product B,Online,SMB,2622.14,14,5,4,5,0,80,1605.61,235.12,0,1
2024-02-12,East,Product B,Retail Partner,Enterprise,3028.83,16,4,3,4,0,80,1861.42,166.86,0,1
2024-02-12,East,Product B,Retail Partner,SMB,2020.39,10,4,3,4,0,55,1196.12,111.94,0,1
2024-02-12,East,Product C,Online,Enterprise,7349.36,18,5,4,5,0,79,4567.91,731.21,0,1
2024-02-12,East,Product C,Online,SMB,4998.69,12,5,4,5,0,57,3018.01,428.64,0,1
2024-02-12,East,Product C,Retail Partner,Enterprise,5225.75,12,4,3,4,0,61,3204.29,272.32,0,0
2024-02-12,East,Product C,Retail Partner,SMB,3247.24,8,3,2,3,0,41,2008.56,160.91,0,0
2024-02-12,West,Product A,Online,Enterprise,10680.79,39,11,8,11,0,196,5854.05,973.67,1,1
2024-02-12,West,Product A,Online,SMB,7164.86,26,10,8,10,0,141,3959.07,753.78,1,1
2024-02-12,West,Product A,Retail Partner,Enterprise,8064.86,29,8,7,8,1,147,4360.65,358.78,1,1
2024-02-12,West,Product A,Retail Partner,SMB,5334.55,19,7,6,7,0,98,3011.75,298.39,1,1
2024-02-12,West,Product B,Online,Enterprise,5921.49,30,9,7,9,0,147,3575.88,530.48,0,1
2024-02-12,West,Product B,Online,SMB,3883.55,20,8,6,8,0,100,2388.68,375.82,1,1
2024-02-12,West,Product B,Retail Partner,Enterprise,4465.56,23,7,5,7,0,106,2762.45,231.46,1,1
2024-02-12,West,Product B,Retail Partner,SMB,2406.88,12,5,4,5,0,70,1453.68,114.64,0,1
2024-02-12,West,Product C,Online,Enterprise,9534.35,23,6,5,6,0,115,5968.79,901.17,0,1
2024-02-12,West,Product C,Online,SMB,6596.26,15,6,4,6,0,78,4008.04,587.17,0,1
2024-02-12,West,Product C,Retail Partner,Enterprise,6190.8,15,4,3,4,0,81,3749.59,330.29,0,1
2024-02-12,West,Product C,Retail Partner,SMB,4248.89,10,4,3,4,0,53,2630.38,195.76,0,1
2024-02-19,North,Product A,Online,Enterprise,12401.84,45,13,10,13,1,237,6791.39,1061.12,1,2
2024-02-19,North,Product A,Online,SMB,7994.47,29,11,9,11,1,145,4435.69,654.88,1,2
2024-02-19,North,Product A,Retail Partner,Enterprise,9027.68,32,9,7,9,1,155,4895.32,436.57,0,1
2024-02-19,North,Product A,Retail Partner,SMB,5557.77,21,8,6,8,0,104,3107.43,288.04,0,1
2024-02-19,North,Product B,Online,Enterprise,6305.72,33,9,7,9,1,185,3761.49,628.0,0,1
2024-02-19,North,Product B,Online,SMB,4383.17,22,9,7,9,0,110,2648.96,375.87,1,1
2024-02-19,North,Product B,Retail Partner,Enterprise,4468.98,23,7,5,7,0,114,2786.41,216.77,0,1
2024-02-19,North,Product B,Retail Partner,SMB,3166.45,16,6,5,6,0,81,1912.47,177.23,0,1
2024-02-19,North,Product C,Online,Enterprise,10127.22,24,7,5,7,0,127,6150.91,942.92,0,1
2024-02-19,North,Product C,Online,SMB,7163.49,17,6,5,6,0,74,4439.46,695.38,0,1
2024-02-19,North,Product C,Retail Partner,Enterprise,7888.46,19,5,4,5,0,86,4853.09,406.63,0,1
2024-02-19,North,Product C,Retail Partner,SMB,5350.57,12,5,4,5,0,57,3197.04,279.68,0,1
2024-02-19,South,Product A,Online,Enterprise,9886.31,36,10,8,10,1,179,5415.39,802.15,1,2
2024-02-19,South,Product A,Online,SMB,7301.51,26,10,8,10,0,113,4006.7,637.7,1,2
2024-02-19,South,Product A,Retail Partner,Enterprise,7240.37,26,7,6,7,0,116,4009.14,384.32,1,1
2024-02-19,South,Product A,Retail Partner,SMB,4611.15,17,6,5,6,0,87,2475.99,236.35,0,1
2024-02-19,South,Product B,Online,Enterprise,5122.08,27,8,7,8,0,135,3184.27,474.42,0,2
2024-02-19,South,Product B,Online,SMB,3368.82,17,7,5,7,0,91,2049.16,304.84,0,1
2024-02-19,South,Product B,Retail Partner,Enterprise,4107.52,21,6,5,6,0,98,2458.66,186.09,0,1
2024-02-19,South,Product B,Retail Partner,SMB,2650.91,14,5,4,5,0,62,1616.84,154.77,0,1
2024-02-19,South,Product C,Online,Enterprise,8312.65,20,6,4,6,0,102,5160.48,790.49,0,1
2024-02-19,South,Product C,Online,SMB,5997.48,14,6,4,6,0,64,3705.77,569.57,0,1
2024-02-19,South,Product C,Retail Partner,Enterprise,6016.1,14,4,3,4,0,69,3759.05,297.54,0,1
2024-02-19,South,Product C,Retail Partner,SMB,4037.5,9,4,3,4,0,46,2496.95,207.5,0,1
2024-02-19,East,Product A,Online,Enterprise,7992.66,29,8,7,8,1,150,4329.33,800.72,0,1
2024-02-19,East,Product A,Online,SMB,5546.73,21,8,6,8,0,100,3145.45,560.0,1,1
2024-02-19,East,Product A,Retail Partner,Enterprise,6709.84,24,7,5,7,0,112,3706.02,374.37,1,1
2024-02-19,East,Product A,Retail Partner,SMB,4074.96,15,6,5,6,0,73,2234.8,209.17,0,1
2024-02-19,East,Product B,Online,Enterprise,5026.68,26,7,6,7,0,119,3003.03,475.66,0,1
2024-02-19,East,Product B,Online,SMB,2722.01,14,5,4,5,0,75,1666.69,244.12,0,1
2024-02-19,East,Product B,Retail Partner,Enterprise,3313.85,17,5,4,5,0,85,2000.62,162.7,0,1
2024-02-19,East,Product B,Retail Partner,SMB,2080.99,11,4,3,4,0,57,1243.57,113.71,0,1
2024-02-19,East,Product C,Online,Enterprise,7520.06,18,5,4,5,0,87,4569.52,870.21,0,1
2024-02-19,East,Product C,Online,SMB,5269.75,12,5,4,5,0,57,3181.97,461.91,0,1
2024-02-19,East,Product C,Retail Partner,Enterprise,5100.02,12,3,3,3,0,61,3118.45,294.81,0,1
2024-02-19,East,Product C,Retail Partner,SMB,3249.55,8,3,2,3,0,40,2022.85,180.25,0,0
2024-02-19,West,Product A,Online,Enterprise,11007.51,40,11,9,11,1,197,5992.8,972.9,1,1
2024-02-19,West,Product A,Online,SMB,7084.44,26,10,8,10,0,146,3896.6,612.38,1,1
2024-02-19,West,Product A,Retail Partner,Enterprise,8336.0,31,9,7,9,0,144,4591.24,423.12,1,1
2024-02-19,West,Product A,Retail Partner,SMB,5344.0,20,8,6,8,0,99,2957.36,252.77,0,1
2024-02-19,West,Product B,Online,Enterprise,5692.68,30,8,6,8,0,158,3440.92,546.96,1,1
2024-02-19,West,Product B,Online,SMB,3618.22,19,7,6,7,0,106,2208.79,312.5,1,1
2024-02-19,West,Product B,Retail Partner,Enterprise,4114.45,22,6,5,6,0,110,2536.69,220.95,0,1
2024-02-19,West,Product B,Retail Partner,SMB,3126.9,16,6,5,6,0,70,1929.67,152.64,0,1
2024-02-19,West,Product C,Online,Enterprise,9565.37,23,7,5,7,0,115,5883.39,867.18,1,1
2024-02-19,West,Product C,Online,SMB,5975.23,14,5,4,5,0,75,3635.61,572.86,0,1
2024-02-19,West,Product C,Retail Partner,Enterprise,6112.74,15,4,3,4,0,80,3863.5,281.82,0,1
2024-02-19,West,Product C,Retail Partner,SMB,4306.86,10,4,3,4,0,54,2693.08,239.03,0,0
2024-02-26,North,Product A,Online,Enterprise,12386.14,45,13,10,13,1,206,6748.72,984.99,1,2
2024-02-26,North,Product A,Online,SMB,8175.48,30,11,9,11,0,138,4531.91,922.24,1,2
2024-02-26,North,Product A,Retail Partner,Enterprise,8268.11,30,9,7,9,1,154,4509.27,380.94,1,1
2024-02-26,North,Product A,Retail Partner,SMB,5433.63,20,8,6,8,1,102,2918.66,257.81,0,1
2024-02-26,North,Product B,Online,Enterprise,6298.17,33,9,7,9,0,160,3854.48,546.2,1,1
2024-02-26,North,Product B,Online,SMB,4132.07,21,8,6,8,0,105,2466.51,362.65,1,1
2024-02-26,North,Product B,Retail Partner,Enterprise,4533.57,24,7,5,7,0,114,2729.38,225.87,1,1
2024-02-26,North,Product B,Retail Partner,SMB,2955.91,15,6,4,6,0,79,1809.12,141.95,0,1
2024-02-26,North,Product C,Online,Enterprise,11384.12,27,8,6,8,0,127,6880.22,1138.82,1,1
2024-02-26,North,Product C,Online,SMB,6680.31,16,6,5,6,0,71,4124.97,664.58,0,1
2024-02-26,North,Product C,Retail Partner,Enterprise,7479.8,18,5,4,5,0,94,4552.37,377.86,0,1
2024-02-26,North,Product C,Retail Partner,SMB,4548.38,11,4,3,4,0,55,2807.93,251.36,0,1
2024-02-26,South,Product A,Online,Enterprise,9523.92,35,10,8,10,0,192,5277.03,860.95,1,2
2024-02-26,South,Product A,Online,SMB,6111.22,22,9,6,9,1,109,3359.46,524.04,0,1
2024-02-26,South,Product A,Retail Partner,Enterprise,7515.34,28,8,6,8,0,128,4272.06,396.48,0,1
2024-02-26,South,Product A,Retail Partner,SMB,4694.07,17,7,5,7,1,86,2573.09,226.01,0,1
2024-02-26,South,Product B,Online,Enterprise,5667.69,29,8,6,8,0,135,3423.7,566.47,1,1
2024-02-26,South,Product B,Online,SMB,3474.81,18,7,5,7,0,86,2103.71,272.97,0,1
2024-02-26,South,Product B,Retail Partner,Enterprise,3493.18,18,5,4,5,0,94,2135.43,196.33,0,1
2024-02-26,South,Product B,Retail Partner,SMB,2451.18,13,5,4,5,0,68,1522.61,122.28,0,1
2024-02-26,South,Product C,Online,Enterprise,9452.42,22,6,5,6,0,106,5859.03,850.86,0,1
2024-02-26,South,Product C,Online,SMB,6705.45,16,6,5,6,0,65,4230.06,643.35,0,1
2024-02-26,South,Product C,Retail Partner,Enterprise,6624.9,16,5,3,5,0,72,4179.48,360.16,0,1
2024-02-26,South,Product C,Retail Partner,SMB,3631.29,9,3,2,3,0,45,2245.09,186.81,0,1
2024-02-26,East,Product A,Online,Enterprise,8392.83,31,9,7,9,0,156,4665.04,742.5,0,1
2024-02-26,East,Product A,Online,SMB,5431.94,20,8,6,8,0,113,3044.37,500.51,1,1
2024-02-26,East,Product A,Retail Partner,Enterprise,6452.78,23,7,5,7,0,116,3531.25,299.1,0,1
2024-02-26,East,Product A,Retail Partner,SMB,4261.7,15,6,5,6,0,76,2334.45,223.47,0,1
2024-02-26,East,Product B,Online,Enterprise,4110.58,22,6,5,6,0,123,2542.31,433.15,0,1
2024-02-26,East,Product B,Online,SMB,3134.22,16,6,5,6,0,74,1912.25,278.12,0,1
2024-02-26,East,Product B,Retail Partner,Enterprise,3297.03,17,5,4,5,0,80,2067.16,149.06,0,1
2024-02-26,East,Product B,Retail Partner,SMB,2404.83,13,5,4,5,0,58,1487.45,140.25,0,1
2024-02-26,East,Product C,Online,Enterprise,8041.18,19,5,4,5,0,81,4909.48,791.87,0,1
2024-02-26,East,Product C,Online,SMB,4583.23,11,4,3,4,0,58,2861.2,420.69,0,1
2024-02-26,East,Product C,Retail Partner,Enterprise,5180.16,12,3,3,3,0,65,3128.13,272.19,0,1
2024-02-26,East,Product C,Retail Partner,SMB,3475.29,8,3,2,3,0,40,2075.75,188.75,0,1
2024-02-26,West,Product A,Online,Enterprise,12498.85,45,13,10,13,1,203,6934.18,1118.98,1,1
2024-02-26,West,Product A,Online,SMB,7100.58,26,10,8,10,0,130,3952.01,709.27,1,2
2024-02-26,West,Product A,Retail Partner,Enterprise,8194.39,31,9,7,9,0,152,4650.1,417.82,0,1
2024-02-26,West,Product A,Retail Partner,SMB,6155.7,23,9,7,9,1,101,3440.57,274.49,0,2
2024-02-26,West,Product B,Online,Enterprise,6166.57,32,9,7,9,0,147,3815.58,558.97,1,1
2024-02-26,West,Product B,Online,SMB,3717.91,19,7,6,7,0,105,2318.53,359.18,1,1
2024-02-26,West,Product B,Retail Partner,Enterprise,4345.14,22,6,5,6,0,108,2605.4,255.13,0,1
2024-02-26,West,Product B,Retail Partner,SMB,2921.46,15,6,4,6,0,71,1785.71,145.01,0,1
2024-02-26,West,Product C,Online,Enterprise,8809.08,21,6,5,6,0,119,5426.31,778.84,0,1
2024-02-26,West,Product C,Online,SMB,6407.88,15,6,4,6,0,75,3887.5,579.5,0,1
2024-02-26,West,Product C,Retail Partner,Enterprise,6677.83,16,5,3,5,0,77,4180.53,352.03,0,1
2024-02-26,West,Product C,Retail Partner,SMB,4844.52,11,4,3,4,0,49,2923.9,222.97,0,1
2024-03-04,North,Product A,Online,Enterprise,13475.97,49,14,11,14,1,232,7348.24,1223.08,1,2
2024-03-04,North,Product A,Online,SMB,8420.26,30,12,9,12,0,146,4662.22,683.88,1,1
2024-03-04,North,Product A,Retail Partner,Enterprise,9086.39,33,9,7,9,0,162,4925.57,475.09,1,2
2024-03-04,North,Product A,Retail Partner,SMB,6117.14,22,8,7,8,0,103,3311.73,302.36,1,1
2024-03-04,North,Product B,Online,Enterprise,6378.22,34,10,8,10,0,164,3968.84,591.93,1,2
2024-03-04,North,Product B,Online,SMB,4134.31,21,8,6,8,0,108,2487.09,458.02,1,1
2024-03-04,North,Product B,Retail Partner,Enterprise,4518.81,23,7,5,7,0,118,2729.18,256.65,0,1
2024-03-04,North,Product B,Retail Partner,SMB,3269.31,16,6,5,6,0,74,1938.59,151.43,0,1
2024-03-04,North,Product C,Online,Enterprise,10195.08,24,7,5,7,0,127,6157.51,995.89,0,1
2024-03-04,North,Product C,Online,SMB,6460.86,15,6,4,6,0,83,3964.93,568.91,0,1
2024-03-04,North,Product C,Retail Partner,Enterprise,7661.48,18,5,4,5,0,86,4638.66,439.48,0,1
2024-03-04,North,Product C,Retail Partner,SMB,4857.08,11,4,3,4,0,63,2924.89,251.67,0,1
2024-03-04,South,Product A,Online,Enterprise,10391.03,38,11,8,11,1,184,5831.81,953.54,1,1
2024-03-04,South,Product A,Online,SMB,6358.52,23,9,7,9,0,120,3563.37,515.21,0,1
2024-03-04,South,Product A,Retail Partner,Enterprise,7201.02,26,7,6,7,0,121,3910.36,399.96,0,1
2024-03-04,South,Product A,Retail Partner,SMB,5069.51,18,7,6,7,0,82,2716.34,245.99,0,1
2024-03-04,South,Product B,Online,Enterprise,5199.41,27,8,6,8,0,133,3102.57,413.17,1,1
2024-03-04,South,Product B,Online,SMB,3276.8,17,7,5,7,0,90,2036.28,307.81,0,1
2024-03-04,South,Product B,Retail Partner,Enterprise,3880.97,20,6,4,6,0,94,2366.21,208.37,0,1
2024-03-04,South,Product B,Retail Partner,SMB,2332.63,12,5,4,5,0,66,1432.21,114.2,0,1
2024-03-04,South,Product C,Online,Enterprise,9004.93,22,6,5,6,0,102,5614.81,932.96,0,1
2024-03-04,South,Product C,Online,SMB,5385.47,13,5,4,5,0,69,3375.04,511.36,0,1
2024-03-04,South,Product C,Retail Partner,Enterprise,6295.93,15,4,3,4,0,78,3854.17,344.88,0,0
2024-03-04,South,Product C,Retail Partner,SMB,3992.82,9,4,3,4,0,45,2431.17,231.27,0,1
2024-03-04,East,Product A,Online,Enterprise,9031.91,33,9,8,9,0,153,4917.63,797.65,1,2
2024-03-04,East,Product A,Online,SMB,5531.82,20,8,6,8,0,97,3060.62,472.93,0,1
2024-03-04,East,Product A,Retail Partner,Enterprise,6558.95,24,7,5,7,0,114,3632.38,307.1,0,1
2024-03-04,East,Product A,Retail Partner,SMB,3820.33,14,5,4,5,0,81,2169.77,197.52,0,1
2024-03-04,East,Product B,Online,Enterprise,4872.57,25,7,6,7,0,120,3011.97,397.3,0,1
2024-03-04,East,Product B,Online,SMB,3055.45,16,6,5,6,0,76,1855.86,260.03,0,1
2024-03-04,East,Product B,Retail Partner,Enterprise,3354.96,17,5,4,5,0,88,2026.31,181.82,0,1
2024-03-04,East,Product B,Retail Partner,SMB,2194.44,11,4,3,4,0,54,1337.26,122.59,0,1
2024-03-04,East,Product C,Online,Enterprise,7524.7,18,5,4,5,0,88,4639.24,580.27,1,1
2024-03-04,East,Product C,Online,SMB,4902.65,12,4,3,4,0,56,3070.21,457.12,0,1
2024-03-04,East,Product C,Retail Partner,Enterprise,5646.45,13,4,3,4,0,65,3370.69,285.18,0,1
2024-03-04,East,Product C,Retail Partner,SMB,3292.67,8,3,2,3,0,41,2052.19,158.7,0,0
2024-03-04,West,Product A,Online,Enterprise,11868.1,43,12,10,12,0,227,6493.37,1047.78,1,2
2024-03-04,West,Product A,Online,SMB,6364.51,23,9,7,9,0,142,3583.88,564.31,1,1
2024-03-04,West,Product A,Retail Partner,Enterprise,7875.3,28,8,6,8,0,143,4263.04,445.48,0,1
2024-03-04,West,Product A,Retail Partner,SMB,5084.07,19,7,6,7,0,102,2837.72,268.31,0,1
2024-03-04,West,Product B,Online,Enterprise,5999.38,32,9,7,9,0,163,3737.58,494.58,1,1
2024-03-04,West,Product B,Online,SMB,3960.81,20,8,6,8,0,93,2363.22,385.23,1,1
2024-03-04,West,Product B,Retail Partner,Enterprise,4099.58,21,6,5,6,0,106,2525.2,212.03,0,1
2024-03-04,West,Product B,Retail Partner,SMB,2687.65,14,5,4,5,0,65,1640.83,154.24,0,1
2024-03-04,West,Product C,Online,Enterprise,8754.29,21,6,4,6,0,108,5510.78,831.26,0,1
2024-03-04,West,Product C,Online,SMB,6709.84,16,6,5,6,0,75,4114.89,625.85,0,1
2024-03-04,West,Product C,Retail Partner,Enterprise,7261.5,17,5,4,5,0,85,4463.12,343.26,0,1
2024-03-04,West,Product C,Retail Partner,SMB,4906.83,12,5,4,5,0,57,3046.81,256.02,0,1
2024-03-11,North,Product A,Online,Enterprise,11143.75,40,11,9,11,1,223,6067.76,971.46,1,1
2024-03-11,North,Product A,Online,SMB,8922.4,33,13,10,13,1,153,4985.95,858.91,1,2
2024-03-11,North,Product A,Retail Partner,Enterprise,9185.31,33,10,7,10,0,147,5100.83,447.88,1,2
2024-03-11,North,Product A,Retail Partner,SMB,6099.09,22,8,7,8,0,104,3305.94,308.16,1,1
2024-03-11,North,Product B,Online,Enterprise,6110.08,32,9,7,9,0,162,3684.87,592.0,1,1
2024-03-11,North,Product B,Online,SMB,4967.65,26,10,8,10,0,111,3045.16,477.73,1,2
2024-03-11,North,Product B,Retail Partner,Enterprise,4250.45,22,6,5,6,0,132,2567.97,236.21,0,1
2024-03-11,North,Product B,Retail Partner,SMB,3207.5,17,6,5,6,0,84,1966.04,147.43,1,1
2024-03-11,North,Product C,Online,Enterprise,10429.61,25,7,5,7,0,124,6349.12,1031.81,1,1
2024-03-11,North,Product C,Online,SMB,7081.35,17,7,5,7,0,79,4439.79,779.07,0,1
2024-03-11,North,Product C,Retail Partner,Enterprise,7872.72,19,5,4,5,0,101,4735.86,390.81,0,1
2024-03-11,North,Product C,Retail Partner,SMB,5046.36,12,5,4,5,0,60,3068.46,223.96,0,1
2024-03-11,South,Product A,Online,Enterprise,9596.73,35,10,8,10,1,174,5206.35,1010.92,0,1
2024-03-11,South,Product A,Online,SMB,5888.89,21,8,6,8,1,116,3168.91,560.06,1,1
2024-03-11,South,Product A,Retail Partner,Enterprise,7014.75,26,7,6,7,0,140,3942.95,391.57,0,1
2024-03-11,South,Product A,Retail Partner,SMB,5404.92,20,8,6,8,0,90,2942.52,280.31,0,1
2024-03-11,South,Product B,Online,Enterprise,5246.39,27,8,6,8,0,136,3186.25,483.45,1,1
2024-03-11,South,Product B,Online,SMB,3431.63,18,7,6,7,0,91,2106.62,348.22,1,1
2024-03-11,South,Product B,Retail Partner,Enterprise,4456.03,23,7,5,7,0,97,2686.35,238.05,0,1
2024-03-11,South,Product B,Retail Partner,SMB,2695.25,14,5,4,5,0,66,1660.13,129.79,0,1
2024-03-11,South,Product C,Online,Enterprise,8610.57,20,6,5,6,0,107,5261.4,834.73,0,1
2024-03-11,South,Product C,Online,SMB,6008.63,14,5,4,5,0,67,3615.46,545.35,0,1
2024-03-11,South,Product C,Retail Partner,Enterprise,5884.71,14,4,3,4,0,71,3663.94,301.71,0,1
2024-03-11,South,Product C,Retail Partner,SMB,4208.96,10,4,3,4,0,49,2676.09,204.45,0,0
2024-03-11,East,Product A,Online,Enterprise,8209.1,30,8,6,8,0,156,4508.75,725.45,0,1
2024-03-11,East,Product A,Online,SMB,5786.88,21,8,6,8,0,111,3186.93,532.85,1,1
2024-03-11,East,Product A,Retail Partner,Enterprise,6635.68,24,7,5,7,0,118,3597.97,335.21,0,1
2024-03-11,East,Product A,Retail Partner,SMB,4039.23,15,6,4,6,0,74,2182.11,222.24,0,1
2024-03-11,East,Product B,Online,Enterprise,4522.47,24,7,6,7,0,124,2821.64,428.74,0,1
2024-03-11,East,Product B,Online,SMB,2903.23,15,6,5,6,0,76,1822.36,256.64,0,1
2024-03-11,East,Product B,Retail Partner,Enterprise,3330.44,17,5,4,5,0,83,2037.12,185.58,0,1
2024-03-11,East,Product B,Retail Partner,SMB,2214.89,12,4,3,4,0,55,1369.37,121.72,0,1
2024-03-11,East,Product C,Online,Enterprise,6686.55,16,4,3,4,0,84,4135.33,583.73,0,1
2024-03-11,East,Product C,Online,SMB,4641.76,11,4,3,4,0,54,2787.48,424.2,0,1
2024-03-11,East,Product C,Retail Partner,Enterprise,5355.91,13,4,3,4,0,62,3292.59,296.3,0,1
2024-03-11,East,Product C,Retail Partner,SMB,3830.89,9,3,3,3,0,44,2324.64,206.66,0,0
2024-03-11,West,Product A,Online,Enterprise,10127.13,36,10,8,10,0,198,5358.5,833.17,1,2
2024-03-11,West,Product A,Online,SMB,8220.0,30,11,9,11,0,136,4475.34,720.35,1,2
2024-03-11,West,Product A,Retail Partner,Enterprise,8494.74,31,9,7,9,0,150,4757.97,501.39,1,1
2024-03-11,West,Product A,Retail Partner,SMB,6118.2,22,8,6,8,0,96,3325.6,345.79,0,1
2024-03-11,West,Product B,Online,Enterprise,5656.82,29,8,6,8,0,150,3468.21,550.1,0,1
2024-03-11,West,Product B,Online,SMB,4123.4,21,8,6,8,0,95,2526.79,430.1,1,1
2024-03-11,West,Product B,Retail Partner,Enterprise,3938.53,21,6,4,6,0,108,2357.53,197.73,0,1
2024-03-11,West,Product B,Retail Partner,SMB,2889.11,15,6,4,6,0,66,1740.68,137.32,0,1
2024-03-11,West,Product C,Online,Enterprise,10247.73,24,7,5,7,0,110,6345.56,851.36,1,1
2024-03-11,West,Product C,Online,SMB,6562.78,16,6,5,6,0,79,4056.58,596.45,0,1
2024-03-11,West,Product C,Retail Partner,Enterprise,6431.84,15,4,3,4,0,86,3983.54,362.94,0,1
2024-03-11,West,Product C,Retail Partner,SMB,4749.42,11,4,4,4,0,52,2923.68,249.37,0,0
2024-03-18,North,Product A,Online,Enterprise,11764.35,43,12,9,12,1,225,6536.81,1034.48,1,1
2024-03-18,North,Product A,Online,SMB,7695.55,28,11,8,11,1,147,4174.71,809.8,1,2
2024-03-18,North,Product A,Retail Partner,Enterprise,10006.56,36,10,8,10,0,160,5464.56,501.04,1,2
2024-03-18,North,Product A,Retail Partner,SMB,5931.01,21,8,6,8,0,111,3229.36,294.34,0,1
2024-03-18,North,Product B,Online,Enterprise,6189.86,32,9,7,9,0,165,3760.88,545.33,1,1
2024-03-18,North,Product B,Online,SMB,3880.34,20,8,6,8,0,108,2367.23,348.83,0,1
2024-03-18,North,Product B,Retail Partner,Enterprise,4895.21,25,7,5,7,0,130,2969.7,241.22,0,1
2024-03-18,North,Product B,Retail Partner,SMB,3047.92,16,6,5,6,0,81,1857.38,133.19,0,1
2024-03-18,North,Product C,Online,Enterprise,10933.89,26,7,6,7,0,134,6750.35,907.25,0,1
2024-03-18,North,Product C,Online,SMB,7095.17,17,6,5,6,0,80,4408.87,583.55,0,1
2024-03-18,North,Product C,Retail Partner,Enterprise,7426.15,18,5,4,5,0,93,4503.93,360.57,0,1
2024-03-18,North,Product C,Retail Partner,SMB,4817.81,11,4,3,4,0,59,2936.49,229.29,0,1
2024-03-18,South,Product A,Online,Enterprise,9659.57,36,10,8,10,0,175,5520.57,890.38,1,1
2024-03-18,South,Product A,Online,SMB,6846.65,25,10,7,10,1,125,3804.72,569.97,1,1
2024-03-18,South,Product A,Retail Partner,Enterprise,7657.04,27,8,6,8,0,130,4038.06,465.47,0,1
2024-03-18,South,Product A,Retail Partner,SMB,4418.8,16,6,5,6,0,89,2426.07,222.55,0,1
2024-03-18,South,Product B,Online,Enterprise,5598.72,28,8,6,8,0,137,3352.41,485.9,0,1
2024-03-18,South,Product B,Online,SMB,3705.12,19,7,6,7,0,89,2279.52,331.07,1,1
2024-03-18,South,Product B,Retail Partner,Enterprise,3977.69,21,6,5,6,0,102,2493.3,218.22,0,1
2024-03-18,South,Product B,Retail Partner,SMB,2433.32,13,5,4,5,0,69,1493.37,122.21,0,1
2024-03-18,South,Product C,Online,Enterprise,8657.92,20,6,5,6,0,100,5227.1,849.09,0,1
2024-03-18,South,Product C,Online,SMB,5252.96,12,5,4,5,0,65,3281.36,459.1,0,1
2024-03-18,South,Product C,Retail Partner,Enterprise,6544.14,15,4,3,4,0,72,3879.45,320.19,0,1
2024-03-18,South,Product C,Retail Partner,SMB,4328.01,10,4,3,4,0,51,2570.47,239.35,0,1
2024-03-18,East,Product A,Online,Enterprise,9216.76,34,10,7,10,0,164,5132.53,625.94,1,2
2024-03-18,East,Product A,Online,SMB,5662.17,20,8,6,8,1,113,3047.81,448.76,0,1
2024-03-18,East,Product A,Retail Partner,Enterprise,6147.92,22,6,5,6,0,116,3453.46,327.31,0,1
2024-03-18,East,Product A,Retail Partner,SMB,4024.4,15,6,4,6,0,72,2226.01,225.52,0,1
2024-03-18,East,Product B,Online,Enterprise,4877.14,25,7,5,7,0,113,2934.05,458.03,1,1
2024-03-18,East,Product B,Online,SMB,2912.58,15,6,5,6,0,83,1801.41,287.01,0,1
2024-03-18,East,Product B,Retail Partner,Enterprise,3324.99,17,5,4,5,0,82,2056.92,174.95,0,1
2024-03-18,East,Product B,Retail Partner,SMB,2274.7,12,5,4,5,0,54,1389.69,119.26,0,1
2024-03-18,East,Product C,Online,Enterprise,7698.91,18,5,4,5,0,90,4705.13,709.57,0,1
2024-03-18,East,Product C,Online,SMB,4958.92,12,5,4,5,0,61,3095.7,429.92,0,1
2024-03-18,East,Product C,Retail Partner,Enterprise,5413.62,13,4,3,4,0,56,3280.7,292.15,0,1
2024-03-18,East,Product C,Retail Partner,SMB,3718.55,9,3,3,3,0,43,2281.2,174.23,0,0
2024-03-18,West,Product A,Online,Enterprise,12035.04,44,12,10,12,0,217,6534.43,994.93,1,1
2024-03-18,West,Product A,Online,SMB,7844.17,28,11,8,11,0,150,4238.83,762.6,0,2
2024-03-18,West,Product A,Retail Partner,Enterprise,8559.05,32,9,7,9,0,141,4758.13,463.23,1,2
2024-03-18,West,Product A,Retail Partner,SMB,5887.69,21,8,6,8,0,98,3209.8,313.81,1,2
2024-03-18,West,Product B,Online,Enterprise,5923.08,31,9,7,9,0,150,3603.71,529.08,1,1
2024-03-18,West,Product B,Online,SMB,3787.45,20,8,6,8,0,102,2341.28,343.92,0,1
2024-03-18,West,Product B,Retail Partner,Enterprise,4481.97,23,6,5,6,1,114,2624.6,232.8,0,1
2024-03-18,West,Product B,Retail Partner,SMB,2542.07,13,5,4,5,0,74,1552.51,144.42,0,1
2024-03-18,West,Product C,Online,Enterprise,9232.48,22,6,5,6,0,116,5809.88,990.84,0,1
2024-03-18,West,Product C,Online,SMB,6685.82,16,6,5,6,0,70,4131.74,646.63,0,1
2024-03-18,West,Product C,Retail Partner,Enterprise,6910.58,17,5,4,5,0,88,4386.62,382.13,0,1
2024-03-18,West,Product C,Retail Partner,SMB,4532.16,11,4,3,4,0,57,2774.52,272.69,0,1
2024-03-25,North,Product A,Online,Enterprise,11948.19,43,12,10,12,1,235,6495.0,1184.05,1,2
2024-03-25,North,Product A,Online,SMB,8434.78,30,12,9,12,0,151,4581.69,771.99,1,2
2024-03-25,North,Product A,Retail Partner,Enterprise,8780.66,32,9,7,9,0,158,4741.06,526.04,1,1
2024-03-25,North,Product A,Retail Partner,SMB,5983.48,22,9,7,9,0,107,3341.02,314.85,1,1
2024-03-25,North,Product B,Online,Enterprise,6584.28,34,10,8,10,0,165,4024.87,649.04,1,2
2024-03-25,North,Product B,Online,SMB,4086.19,21,8,6,8,0,110,2528.03,376.08,1,1
2024-03-25,North,Product B,Retail Partner,Enterprise,5087.75,26,7,6,7,0,119,3096.96,258.57,1,1
2024-03-25,North,Product B,Retail Partner,SMB,3120.81,16,6,5,6,0,75,1904.74,177.51,0,1
2024-03-25,North,Product C,Online,Enterprise,10002.25,24,7,5,7,0,131,6196.57,976.47,1,1
2024-03-25,North,Product C,Online,SMB,6835.4,16,6,5,6,0,86,4170.15,580.56,0,1
2024-03-25,North,Product C,Retail Partner,Enterprise,7334.82,17,5,4,5,0,82,4537.27,370.96,0,1
2024-03-25,North,Product C,Retail Partner,SMB,5037.91,12,5,3,5,0,70,3090.7,273.41,0,1
2024-03-25,South,Product A,Online,Enterprise,10729.91,39,11,9,11,1,178,5868.31,972.64,1,1
2024-03-25,South,Product A,Online,SMB,6203.92,23,9,7,9,0,117,3491.29,589.97,0,1
2024-03-25,South,Product A,Retail Partner,Enterprise,6901.25,25,7,6,7,0,132,3741.8,343.08,0,1
2024-03-25,South,Product A,Retail Partner,SMB,4823.82,17,7,5,7,0,80,2633.24,254.65,0,1
2024-03-25,South,Product B,Online,Enterprise,5326.39,27,8,6,8,0,129,3200.85,499.64,1,1
2024-03-25,South,Product B,Online,SMB,3580.45,19,7,6,7,0,89,2230.97,389.51,0,1
2024-03-25,South,Product B,Retail Partner,Enterprise,4146.97,22,6,5,6,0,103,2570.01,248.33,0,1
2024-03-25,South,Product B,Retail Partner,SMB,2663.41,14,5,4,5,0,67,1606.65,128.1,0,1
2024-03-25,South,Product C,Online,Enterprise,8051.97,19,5,4,5,0,102,4934.35,713.58,0,1
2024-03-25,South,Product C,Online,SMB,5410.18,13,5,4,5,0,69,3381.19,523.99,0,1
2024-03-25,South,Product C,Retail Partner,Enterprise,6033.79,15,4,3,4,0,74,3707.59,286.83,0,0
2024-03-25,South,Product C,Retail Partner,SMB,4773.69,11,4,3,4,0,47,2954.33,236.38,0,1
2024-03-25,East,Product A,Online,Enterprise,7971.09,29,8,6,8,0,159,4435.03,738.72,1,1
2024-03-25,East,Product A,Online,SMB,5755.66,21,8,6,8,0,113,3159.16,521.76,1,1
2024-03-25,East,Product A,Retail Partner,Enterprise,6394.6,23,7,5,7,0,117,3465.69,282.57,1,1
2024-03-25,East,Product A,Retail Partner,SMB,4236.77,15,6,5,6,0,72,2237.83,191.32,0,1
2024-03-25,East,Product B,Online,Enterprise,4097.47,22,6,5,6,0,121,2620.1,394.46,0,1
2024-03-25,East,Product B,Online,SMB,3147.42,16,6,5,6,0,74,1855.84,307.27,0,1
2024-03-25,East,Product B,Retail Partner,Enterprise,3175.22,16,5,4,5,0,85,1912.72,166.17,0,1
2024-03-25,East,Product B,Retail Partner,SMB,2170.89,11,4,3,4,0,58,1309.76,109.11,0,1
2024-03-25,East,Product C,Online,Enterprise,7173.26,17,5,4,5,0,87,4452.07,671.7,0,1
2024-03-25,East,Product C,Online,SMB,4925.62,12,5,4,5,0,56,3085.2,444.1,0,1
2024-03-25,East,Product C,Retail Partner,Enterprise,4929.3,12,3,3,3,0,62,3127.51,245.52,0,1
2024-03-25,East,Product C,Retail Partner,SMB,3281.72,8,3,2,3,0,40,2015.17,178.41,0,0
2024-03-25,West,Product A,Online,Enterprise,10708.54,39,11,9,11,1,226,5870.31,1003.3,1,2
2024-03-25,West,Product A,Online,SMB,7402.58,27,10,8,10,1,136,3965.37,653.08,1,2
2024-03-25,West,Product A,Retail Partner,Enterprise,8261.69,30,9,7,9,0,153,4528.64,413.57,0,1
2024-03-25,West,Product A,Retail Partner,SMB,5128.51,18,7,5,7,0,98,2824.19,246.2,0,1
2024-03-25,West,Product B,Online,Enterprise,6121.64,31,9,7,9,0,146,3694.32,547.68,0,2
2024-03-25,West,Product B,Online,SMB,3994.18,21,8,6,8,0,107,2473.93,391.07,0,1
2024-03-25,West,Product B,Retail Partner,Enterprise,4184.48,22,6,5,6,1,104,2603.8,215.59,1,1
2024-03-25,West,Product B,Retail Partner,SMB,3201.01,16,6,5,6,0,72,1890.93,169.53,0,1
2024-03-25,West,Product C,Online,Enterprise,9787.51,23,7,5,7,0,114,6108.71,925.61,0,1
2024-03-25,West,Product C,Online,SMB,7106.66,17,6,5,6,0,75,4305.94,697.97,0,1
2024-03-25,West,Product C,Retail Partner,Enterprise,6596.7,16,4,3,4,0,84,4110.81,373.26,0,1
2024-03-25,West,Product C,Retail Partner,SMB,4779.33,11,4,3,4,0,55,2986.81,226.23,0,1
2024-04-01,North,Product A,Online,Enterprise,12359.62,45,13,10,13,1,225,6838.41,1205.48,1,3
2024-04-01,North,Product A,Online,SMB,7973.62,29,11,8,11,0,161,4396.74,703.03,1,2
2024-04-01,North,Product A,Retail Partner,Enterprise,9758.82,35,10,8,10,0,164,5272.33,492.24,1,1
2024-04-01,North,Product A,Retail Partner,SMB,6212.95,22,9,7,9,1,97,3367.73,315.97,0,1
2024-04-01,North,Product B,Online,Enterprise,6503.4,33,10,7,10,0,167,3880.08,525.17,1,1
2024-04-01,North,Product B,Online,SMB,4356.78,22,9,7,9,1,97,2645.29,425.69,0,2
2024-04-01,North,Product B,Retail Partner,Enterprise,4450.52,23,7,5,7,0,125,2752.08,245.31,0,1
2024-04-01,North,Product B,Retail Partner,SMB,3081.58,16,6,5,6,0,77,1889.66,158.93,0,1
2024-04-01,North,Product C,Online,Enterprise,11690.98,28,8,6,8,1,128,7199.59,1104.45,1,1
2024-04-01,North,Product C,Online,SMB,5906.88,14,5,4,5,0,81,3583.67,507.84,0,1
2024-04-01,North,Product C,Retail Partner,Enterprise,8193.93,19,5,4,5,0,89,5023.62,467.24,0,1
2024-04-01,North,Product C,Retail Partner,SMB,5476.92,13,5,4,5,0,58,3314.01,284.27,0,1
2024-04-01,South,Product A,Online,Enterprise,11479.66,42,12,10,12,1,180,6151.97,1128.34,1,2
2024-04-01,South,Product A,Online,SMB,7395.56,27,10,9,10,0,119,4101.76,679.89,1,2
2024-04-01,South,Product A,Retail Partner,Enterprise,7763.49,28,8,6,8,0,127,4283.87,437.43,0,1
2024-04-01,South,Product A,Retail Partner,SMB,4900.25,18,7,5,7,0,95,2745.2,244.26,1,1
2024-04-01,South,Product B,Online,Enterprise,5138.69,26,7,6,7,0,135,3137.73,526.76,0,1
2024-04-01,South,Product B,Online,SMB,3149.9,16,6,5,6,0,88,1971.4,337.92,0,1
2024-04-01,South,Product B,Retail Partner,Enterprise,3932.59,20,6,4,6,0,98,2397.67,212.72,0,1
2024-04-01,South,Product B,Retail Partner,SMB,2892.55,15,6,5,6,0,65,1761.37,138.86,0,1
2024-04-01,South,Product C,Online,Enterprise,8949.4,21,6,5,6,0,102,5578.15,852.79,0,1
2024-04-01,South,Product C,Online,SMB,5883.58,14,5,4,5,0,67,3714.68,539.99,0,1
2024-04-01,South,Product C,Retail Partner,Enterprise,5825.62,14,4,3,4,0,68,3648.59,293.4,0,1
2024-04-01,South,Product C,Retail Partner,SMB,4339.92,10,4,3,4,0,47,2666.47,212.92,0,0
2024-04-01,East,Product A,Online,Enterprise,8367.12,31,9,7,9,0,157,4533.05,766.84,1,1
2024-04-01,East,Product A,Online,SMB,5963.73,22,8,7,8,0,108,3375.53,625.48,1,1
2024-04-01,East,Product A,Retail Partner,Enterprise,6126.97,22,6,5,6,0,122,3382.7,339.62,0,1
2024-04-01,East,Product A,Retail Partner,SMB,4270.85,16,6,5,6,0,82,2396.62,220.1,0,1
2024-04-01,East,Product B,Online,Enterprise,4782.5,25,7,6,7,0,123,2906.02,418.38,0,1
2024-04-01,East,Product B,Online,SMB,3126.11,16,6,5,6,0,75,1921.9,276.29,0,1
2024-04-01,East,Product B,Retail Partner,Enterprise,3448.19,18,5,4,5,0,88,2128.72,174.99,0,1
2024-04-01,East,Product B,Retail Partner,SMB,2279.34,12,5,3,5,0,56,1416.25,126.62,0,1
2024-04-01,East,Product C,Online,Enterprise,7257.69,17,5,4,5,0,88,4456.57,725.46,0,1
2024-04-01,East,Product C,Online,SMB,5170.76,12,5,4,5,0,60,3136.51,538.85,0,1
2024-04-01,East,Product C,Retail Partner,Enterprise,5796.61,14,4,3,4,0,63,3641.87,325.92,0,0
2024-04-01,East,Product C,Retail Partner,SMB,3422.6,8,3,2,3,0,41,2069.08,217.54,0,0
2024-04-01,West,Product A,Online,Enterprise,11394.75,42,12,9,12,1,205,6318.11,1136.38,1,2
2024-04-01,West,Product A,Online,SMB,7512.99,27,11,8,11,0,138,4181.59,700.05,1,2
2024-04-01,West,Product A,Retail Partner,Enterprise,8267.88,30,9,7,9,0,165,4598.31,393.52,1,1
2024-04-01,West,Product A,Retail Partner,SMB,5601.62,21,8,6,8,1,108,3072.53,332.73,0,1
2024-04-01,West,Product B,Online,Enterprise,5602.94,29,8,7,8,0,144,3423.03,508.98,0,1
2024-04-01,West,Product B,Online,SMB,3693.78,19,7,6,7,0,105,2261.57,350.94,0,1
2024-04-01,West,Product B,Retail Partner,Enterprise,4400.69,22,6,5,6,0,110,2639.86,210.88,0,1
2024-04-01,West,Product B,Retail Partner,SMB,2987.31,15,6,5,6,0,70,1760.55,155.34,0,1
2024-04-01,West,Product C,Online,Enterprise,10060.82,24,7,5,7,0,118,6187.49,955.77,1,1
2024-04-01,West,Product C,Online,SMB,6589.17,16,6,5,6,0,74,4042.67,589.47,0,1
2024-04-01,West,Product C,Retail Partner,Enterprise,7295.84,17,5,4,5,0,88,4530.05,376.64,0,1
2024-04-01,West,Product C,Retail Partner,SMB,4904.06,12,4,4,4,0,63,3036.15,250.17,0,1
2024-04-08,North,Product A,Online,Enterprise,12419.31,45,13,10,13,1,241,6929.64,1142.59,1,3
2024-04-08,North,Product A,Online,SMB,7923.78,28,11,9,11,1,146,4227.21,670.88,1,2
2024-04-08,North,Product A,Retail Partner,Enterprise,9361.87,34,10,8,10,0,148,5274.48,522.37,1,1
2024-04-08,North,Product A,Retail Partner,SMB,6189.44,22,9,6,9,1,103,3345.07,298.33,1,1
2024-04-08,North,Product B,Online,Enterprise,6748.88,35,10,8,10,0,169,4145.73,671.95,1,2
2024-04-08,North,Product B,Online,SMB,4750.31,24,9,7,9,0,108,2879.21,383.94,1,2
2024-04-08,North,Product B,Retail Partner,Enterprise,4585.27,24,7,5,7,0,121,2860.04,233.85,0,1
2024-04-08,North,Product B,Retail Partner,SMB,3110.96,16,6,5,6,0,82,1890.01,154.69,0,1
2024-04-08,North,Product C,Online,Enterprise,11353.86,27,8,6,8,0,135,7045.47,990.65,0,1
2024-04-08,North,Product C,Online,SMB,7328.19,17,7,5,7,0,75,4353.88,682.57,1,1
2024-04-08,North,Product C,Retail Partner,Enterprise,7712.69,18,5,4,5,0,96,4679.77,424.9,0,1
2024-04-08,North,Product C,Retail Partner,SMB,5324.15,13,5,4,5,0,62,3180.87,306.34,0,1
2024-04-08,South,Product A,Online,Enterprise,9847.95,35,10,8,10,0,183,5299.77,841.37,1,1
2024-04-08,South,Product A,Online,SMB,7682.89,28,11,8,11,1,118,4314.9,773.48,1,2
2024-04-08,South,Product A,Retail Partner,Enterprise,7124.94,26,7,6,7,0,131,3869.44,405.0,0,1
2024-04-08,South,Product A,Retail Partner,SMB,5474.95,20,8,6,8,0,92,2913.79,270.56,0,1
2024-04-08,South,Product B,Online,Enterprise,5428.96,28,8,6,8,1,142,3323.18,442.49,1,1
2024-04-08,South,Product B,Online,SMB,3658.81,19,7,6,7,0,92,2292.78,322.24,1,1
2024-04-08,South,Product B,Retail Partner,Enterprise,3642.25,19,5,4,5,0,99,2229.29,188.94,0,1
2024-04-08,South,Product B,Retail Partner,SMB,2449.77,13,5,4,5,0,64,1522.83,135.55,0,1
2024-04-08,South,Product C,Online,Enterprise,9257.51,22,6,5,6,0,93,5603.29,827.89,0,1
2024-04-08,South,Product C,Online,SMB,5211.65,12,5,4,5,0,69,3155.02,486.8,0,1
2024-04-08,South,Product C,Retail Partner,Enterprise,6109.87,15,4,3,4,0,75,3777.46,309.64,0,1
2024-04-08,South,Product C,Retail Partner,SMB,3962.99,9,4,3,4,0,50,2422.99,206.0,0,1
2024-04-08,East,Product A,Online,Enterprise,9143.42,33,9,7,9,0,167,4993.06,1012.09,1,1
2024-04-08,East,Product A,Online,SMB,5770.79,21,8,6,8,0,102,3163.34,554.44,1,1
2024-04-08,East,Product A,Retail Partner,Enterprise,6948.22,25,7,6,7,0,115,3814.9,387.43,0,1
2024-04-08,East,Product A,Retail Partner,SMB,4418.89,16,6,5,6,0,74,2451.73,246.26,0,1
2024-04-08,East,Product B,Online,Enterprise,4691.78,24,7,5,7,0,113,2805.36,364.71,0,1
2024-04-08,East,Product B,Online,SMB,3035.03,16,6,5,6,0,78,1855.85,294.61,0,1
2024-04-08,East,Product B,Retail Partner,Enterprise,3554.36,18,5,4,5,0,87,2147.48,194.6,0,1
2024-04-08,East,Product B,Retail Partner,SMB,2157.41,11,4,3,4,0,56,1311.42,114.18,0,1
2024-04-08,East,Product C,Online,Enterprise,7611.87,18,5,4,5,0,93,4657.11,786.57,0,1
2024-04-08,East,Product C,Online,SMB,5375.28,13,5,4,5,0,62,3290.28,497.68,0,1
2024-04-08,East,Product C,Retail Partner,Enterprise,5352.02,12,4,3,4,0,60,3217.96,248.87,0,1
2024-04-08,East,Product C,Retail Partner,SMB,3867.83,9,3,3,3,0,40,2330.43,204.36,0,0
2024-04-08,West,Product A,Online,Enterprise,11664.6,42,12,9,12,1,218,6307.91,1177.09,1,2
2024-04-08,West,Product A,Online,SMB,7890.64,28,11,8,11,0,133,4207.49,731.78,1,2
2024-04-08,West,Product A,Retail Partner,Enterprise,7897.35,29,8,7,8,0,146,4314.79,356.2,1,1
2024-04-08,West,Product A,Retail Partner,SMB,5698.4,21,8,6,8,0,98,3142.72,269.67,1,1
2024-04-08,West,Product B,Online,Enterprise,6364.94,33,9,7,9,0,153,3921.78,536.03,1,2
2024-04-08,West,Product B,Online,SMB,4175.62,22,8,6,8,0,106,2593.25,398.3,0,2
2024-04-08,West,Product B,Retail Partner,Enterprise,5145.23,26,7,6,7,0,113,3122.8,264.37,1,1
2024-04-08,West,Product B,Retail Partner,SMB,3009.95,15,6,5,6,0,76,1794.34,152.56,0,1
2024-04-08,West,Product C,Online,Enterprise,9218.62,23,6,5,6,0,109,5810.28,874.06,0,1
2024-04-08,West,Product C,Online,SMB,6677.32,16,6,5,6,0,75,4107.46,646.5,0,1
2024-04-08,West,Product C,Retail Partner,Enterprise,7090.03,17,5,4,5,0,84,4443.74,334.01,0,1
2024-04-08,West,Product C,Retail Partner,SMB,4989.6,12,5,4,5,0,56,3142.12,279.45,0,1
2024-04-15,North,Product A,Online,Enterprise,13067.75,48,14,11,14,1,235,7253.67,1143.59,1,2
2024-04-15,North,Product A,Online,SMB,8001.17,29,11,9,11,0,145,4489.53,770.42,1,2
2024-04-15,North,Product A,Retail Partner,Enterprise,9148.06,33,9,8,9,0,161,5080.62,458.51,1,1
2024-04-15,North,Product A,Retail Partner,SMB,6594.59,24,9,7,9,0,108,3624.95,400.78,1,2
2024-04-15,North,Product B,Online,Enterprise,7589.76,39,11,8,11,0,159,4588.54,786.58,1,1
2024-04-15,North,Product B,Online,SMB,4650.15,24,9,8,9,0,114,2841.35,416.13,1,1
2024-04-15,North,Product B,Retail Partner,Enterprise,4167.12,22,6,5,6,0,121,2511.41,196.53,0,1
2024-04-15,North,Product B,Retail Partner,SMB,3208.02,16,6,5,6,0,77,1897.2,179.71,0,1
2024-04-15,North,Product C,Online,Enterprise,9718.4,22,6,5,6,0,118,5863.71,935.63,0,1
2024-04-15,North,Product C,Online,SMB,6724.46,16,6,5,6,0,81,4157.12,598.84,0,1
2024-04-15,North,Product C,Retail Partner,Enterprise,8276.3,19,6,4,6,0,89,5075.75,414.62,0,1
2024-04-15,North,Product C,Retail Partner,SMB,5364.03,13,5,4,5,0,60,3398.82,313.44,0,1
2024-04-15,South,Product A,Online,Enterprise,11462.22,42,12,10,12,1,176,6396.8,998.81,1,2
2024-04-15,South,Product A,Online,SMB,6574.25,24,9,7,9,0,127,3640.16,541.65,0,1
2024-04-15,South,Product A,Retail Partner,Enterprise,8046.0,29,8,6,8,1,139,4346.9,416.93,0,1
2024-04-15,South,Product A,Retail Partner,SMB,5304.09,19,7,6,7,0,91,2873.19,272.85,0,1
2024-04-15,South,Product B,Online,Enterprise,5058.21,26,7,6,7,0,149,3077.37,463.02,1,1
2024-04-15,South,Product B,Online,SMB,3578.46,18,7,6,7,0,96,2185.32,338.4,0,1
2024-04-15,South,Product B,Retail Partner,Enterprise,3796.05,20,6,4,6,0,98,2380.6,191.95,0,1
2024-04-15,South,Product B,Retail Partner,SMB,2353.8,12,5,4,5,0,69,1447.36,125.2,0,1
2024-04-15,South,Product C,Online,Enterprise,9228.75,22,6,5,6,0,101,5745.55,858.79,0,1
2024-04-15,South,Product C,Online,SMB,5828.6,14,5,4,5,0,69,3588.86,532.49,0,1
2024-04-15,South,Product C,Retail Partner,Enterprise,5526.09,13,4,3,4,0,73,3479.46,285.96,0,1
2024-04-15,South,Product C,Retail Partner,SMB,4395.1,10,4,3,4,0,48,2705.39,235.59,0,1
2024-04-15,East,Product A,Online,Enterprise,8483.6,31,9,7,9,0,156,4639.05,728.33,1,1
2024-04-15,East,Product A,Online,SMB,6152.19,22,9,6,9,0,104,3407.32,592.64,0,1
2024-04-15,East,Product A,Retail Partner,Enterprise,6727.09,25,7,5,7,0,120,3779.67,370.31,0,1
2024-04-15,East,Product A,Retail Partner,SMB,4281.43,16,6,5,6,0,76,2378.01,208.39,0,1
2024-04-15,East,Product B,Online,Enterprise,4714.89,24,7,5,7,0,116,2899.57,458.78,0,1
2024-04-15,East,Product B,Online,SMB,3125.69,17,7,5,7,0,77,1996.37,304.54,0,1
2024-04-15,East,Product B,Retail Partner,Enterprise,3152.4,16,5,4,5,0,92,1904.69,147.49,0,1
2024-04-15,East,Product B,Retail Partner,SMB,2093.57,11,4,3,4,0,57,1278.81,106.44,0,1
2024-04-15,East,Product C,Online,Enterprise,6886.14,16,5,4,5,0,90,4194.03,626.56,0,1
2024-04-15,East,Product C,Online,SMB,4911.36,12,4,3,4,0,58,3026.13,451.66,0,1
2024-04-15,East,Product C,Retail Partner,Enterprise,4915.17,12,3,3,3,0,62,3019.46,282.37,0,1
2024-04-15,East,Product C,Retail Partner,SMB,3229.35,8,3,2,3,0,43,2007.51,149.89,0,0
2024-04-15,West,Product A,Online,Enterprise,11206.64,41,12,9,12,1,200,6331.47,1034.72,1,2
2024-04-15,West,Product A,Online,SMB,6949.13,26,10,8,10,0,143,3861.84,688.47,1,2
2024-04-15,West,Product A,Retail Partner,Enterprise,8541.18,31,9,7,9,1,160,4646.45,430.6,1,1
2024-04-15,West,Product A,Retail Partner,SMB,5554.1,20,8,6,8,0,100,3080.93,277.81,0,1
2024-04-15,West,Product B,Online,Enterprise,5720.67,30,8,6,8,0,161,3451.74,485.68,1,1
2024-04-15,West,Product B,Online,SMB,4389.95,23,9,7,9,0,107,2724.62,457.2,1,1
2024-04-15,West,Product B,Retail Partner,Enterprise,4745.86,24,7,6,7,0,113,2851.38,258.11,0,1
2024-04-15,West,Product B,Retail Partner,SMB,2526.59,13,5,4,5,0,75,1541.97,156.58,0,1
2024-04-15,West,Product C,Online,Enterprise,9038.36,21,6,5,6,0,113,5587.46,863.04,0,1
2024-04-15,West,Product C,Online,SMB,7323.27,17,7,5,7,0,82,4542.47,657.34,0,1
2024-04-15,West,Product C,Retail Partner,Enterprise,8204.18,19,5,4,5,0,82,4982.2,474.76,0,1
2024-04-15,West,Product C,Retail Partner,SMB,4907.79,12,4,3,4,0,54,2955.23,248.15,0,1
2024-04-22,North,Product A,Online,Enterprise,12738.87,47,13,10,13,1,228,7106.31,1263.82,1,2
2024-04-22,North,Product A,Online,SMB,8928.07,32,12,9,12,1,144,4834.73,742.44,1,2
2024-04-22,North,Product A,Retail Partner,Enterprise,8798.3,32,9,7,9,0,169,4772.23,496.6,1,1
2024-04-22,North,Product A,Retail Partner,SMB,5801.9,21,8,6,8,0,114,3186.37,347.13,1,1
2024-04-22,North,Product B,Online,Enterprise,6902.96,36,10,8,10,1,183,4277.06,747.96,1,1
2024-04-22,North,Product B,Online,SMB,4457.91,22,9,7,9,0,106,2610.26,443.58,1,1
2024-04-22,North,Product B,Retail Partner,Enterprise,4961.27,25,7,6,7,0,116,2977.44,242.26,0,1
2024-04-22,North,Product B,Retail Partner,SMB,3075.75,16,6,5,6,0,76,1894.5,137.51,0,1
2024-04-22,North,Product C,Online,Enterprise,10931.5,26,7,6,7,0,116,6830.23,1069.34,1,1
2024-04-22,North,Product C,Online,SMB,6705.57,16,6,5,6,0,86,4091.54,648.6,0,1
2024-04-22,North,Product C,Retail Partner,Enterprise,6988.94,17,5,4,5,0,88,4356.75,350.27,0,1
2024-04-22,North,Product C,Retail Partner,SMB,5325.08,12,5,4,5,0,59,3297.91,259.28,0,1
2024-04-22,South,Product A,Online,Enterprise,10244.38,38,11,8,11,1,180,5594.3,971.33,1,1
2024-04-22,South,Product A,Online,SMB,6115.92,23,9,7,9,0,123,3376.91,589.22,1,1
2024-04-22,South,Product A,Retail Partner,Enterprise,7989.45,30,8,7,8,0,133,4412.31,411.3,0,1
2024-04-22,South,Product A,Retail Partner,SMB,4741.49,17,7,5,7,0,84,2640.04,283.9,0,1
2024-04-22,South,Product B,Online,Enterprise,6064.46,31,9,7,9,0,137,3667.59,498.01,1,1
2024-04-22,South,Product B,Online,SMB,4000.08,21,8,6,8,0,89,2443.0,430.62,1,1
2024-04-22,South,Product B,Retail Partner,Enterprise,4076.1,21,6,5,6,0,99,2514.93,192.35,0,1
2024-04-22,South,Product B,Retail Partner,SMB,2603.89,13,5,4,5,0,68,1586.57,136.19,0,1
2024-04-22,South,Product C,Online,Enterprise,8493.19,20,6,5,6,0,106,5353.33,791.4,0,1
2024-04-22,South,Product C,Online,SMB,5581.98,13,5,4,5,0,68,3410.32,554.08,0,1
2024-04-22,South,Product C,Retail Partner,Enterprise,6892.55,16,5,4,5,0,74,4203.46,375.11,0,1
2024-04-22,South,Product C,Retail Partner,SMB,4602.0,11,4,3,4,0,49,2767.59,224.16,0,1
2024-04-22,East,Product A,Online,Enterprise,9313.99,33,10,7,10,0,173,5026.96,923.75,1,1
2024-04-22,East,Product A,Online,SMB,5802.41,21,8,6,8,0,115,3155.61,517.46,0,1
2024-04-22,East,Product A,Retail Partner,Enterprise,6460.93,23,7,5,7,0,119,3531.81,377.42,0,1
2024-04-22,East,Product A,Retail Partner,SMB,4881.15,18,7,5,7,0,80,2699.16,263.55,0,1
2024-04-22,East,Product B,Online,Enterprise,4904.66,25,7,6,7,0,123,2963.51,513.26,0,1
2024-04-22,East,Product B,Online,SMB,3168.15,16,6,5,6,0,81,1922.46,274.12,0,1
2024-04-22,East,Product B,Retail Partner,Enterprise,3494.33,18,5,4,5,0,87,2113.93,186.81,0,1
2024-04-22,East,Product B,Retail Partner,SMB,2333.42,12,5,4,5,0,61,1412.61,116.46,0,1
2024-04-22,East,Product C,Online,Enterprise,7071.99,17,5,4,5,0,91,4516.1,711.13,0,1
2024-04-22,East,Product C,Online,SMB,4769.79,11,4,3,4,0,62,2907.95,477.0,0,1
2024-04-22,East,Product C,Retail Partner,Enterprise,5137.07,12,3,3,3,0,63,3212.35,282.35,0,1
2024-04-22,East,Product C,Retail Partner,SMB,3718.52,9,3,3,3,0,42,2296.43,194.56,0,1
2024-04-22,West,Product A,Online,Enterprise,12311.28,45,13,10,13,0,206,6946.38,1087.89,1,2
2024-04-22,West,Product A,Online,SMB,8884.37,32,12,9,12,1,139,4838.63,829.85,1,2
2024-04-22,West,Product A,Retail Partner,Enterprise,8889.13,33,9,7,9,0,150,4919.94,471.67,1,1
2024-04-22,West,Product A,Retail Partner,SMB,5773.02,20,8,6,8,0,99,3020.54,294.17,1,1
2024-04-22,West,Product B,Online,Enterprise,6514.21,33,9,7,9,0,164,3957.44,639.8,1,1
2024-04-22,West,Product B,Online,SMB,3924.63,20,8,6,8,0,101,2375.4,395.62,1,1
2024-04-22,West,Product B,Retail Partner,Enterprise,4594.22,24,7,5,7,0,116,2828.42,259.74,0,1
2024-04-22,West,Product B,Retail Partner,SMB,2680.48,14,5,4,5,0,75,1623.38,131.3,0,1
2024-04-22,West,Product C,Online,Enterprise,9222.63,23,6,5,6,0,120,5850.11,834.1,0,1
2024-04-22,West,Product C,Online,SMB,6921.79,16,6,5,6,0,73,4256.1,726.61,0,1
2024-04-22,West,Product C,Retail Partner,Enterprise,7398.22,17,5,4,5,0,78,4396.11,392.46,0,1
2024-04-22,West,Product C,Retail Partner,SMB,5207.71,12,5,4,5,0,52,3246.38,270.31,0,1
2024-04-29,North,Product A,Online,Enterprise,12509.34,46,13,9,13,1,224,6802.78,1299.63,1,2
2024-04-29,North,Product A,Online,SMB,8115.71,31,12,9,12,1,147,4573.07,702.46,1,2
2024-04-29,North,Product A,Retail Partner,Enterprise,8482.71,31,9,7,9,0,154,4630.88,463.22,1,1
2024-04-29,North,Product A,Retail Partner,SMB,5666.54,21,8,6,8,0,114,3206.13,249.99,1,1
2024-04-29,North,Product B,Online,Enterprise,6534.22,34,10,7,10,0,182,3985.95,641.9,1,1
2024-04-29,North,Product B,Online,SMB,4323.61,22,8,7,8,1,118,2604.62,438.38,0,1
2024-04-29,North,Product B,Retail Partner,Enterprise,5109.18,25,7,6,7,0,109,2944.99,299.03,0,1
2024-04-29,North,Product B,Retail Partner,SMB,3463.36,18,7,5,7,0,73,2077.51,203.36,0,1
2024-04-29,North,Product C,Online,Enterprise,10562.72,25,7,5,7,0,126,6417.36,911.17,1,1
2024-04-29,North,Product C,Online,SMB,7156.94,17,6,5,6,0,82,4284.29,613.37,0,1
2024-04-29,North,Product C,Retail Partner,Enterprise,7661.67,18,5,4,5,0,85,4745.45,387.69,0,1
2024-04-29,North,Product C,Retail Partner,SMB,5095.52,12,5,4,5,0,65,3091.85,260.54,0,1
2024-04-29,South,Product A,Online,Enterprise,10109.34,37,10,8,10,0,185,5474.13,767.71,1,1
2024-04-29,South,Product A,Online,SMB,6534.62,24,9,7,9,0,122,3675.94,557.25,1,1
2024-04-29,South,Product A,Retail Partner,Enterprise,6530.59,24,7,5,7,0,126,3660.35,305.1,0,1
2024-04-29,South,Product A,Retail Partner,SMB,4632.24,17,6,5,6,0,83,2525.47,252.37,0,1
2024-04-29,South,Product B,Online,Enterprise,5850.34,30,9,7,9,0,128,3529.47,507.44,1,1
2024-04-29,South,Product B,Online,SMB,3596.75,18,7,5,7,0,88,2152.48,358.49,1,1
2024-04-29,South,Product B,Retail Partner,Enterprise,3703.6,19,5,4,5,0,101,2273.86,202.92,0,1
2024-04-29,South,Product B,Retail Partner,SMB,2469.2,12,5,4,5,0,64,1489.17,124.18,0,1
2024-04-29,South,Product C,Online,Enterprise,9145.13,22,6,5,6,0,102,5580.53,726.7,0,1
2024-04-29,South,Product C,Online,SMB,6058.54,14,5,4,5,0,69,3715.81,540.04,0,1
2024-04-29,South,Product C,Retail Partner,Enterprise,5783.22,14,4,3,4,0,71,3515.32,311.65,0,1
2024-04-29,South,Product C,Retail Partner,SMB,3928.38,9,4,3,4,0,50,2413.89,207.24,0,1
2024-04-29,East,Product A,Online,Enterprise,9282.49,35,10,8,10,0,162,5310.8,855.09,1,1
2024-04-29,East,Product A,Online,SMB,6544.44,24,9,7,9,0,102,3537.62,635.58,0,2
2024-04-29,East,Product A,Retail Partner,Enterprise,5943.36,22,6,5,6,0,105,3326.08,309.76,0,1
2024-04-29,East,Product A,Retail Partner,SMB,4685.58,17,7,5,7,0,79,2601.1,243.74,1,1
2024-04-29,East,Product B,Online,Enterprise,4700.2,24,7,5,7,1,119,2903.76,436.9,0,1
2024-04-29,East,Product B,Online,SMB,2982.51,15,6,5,6,0,76,1810.31,259.45,0,1
2024-04-29,East,Product B,Retail Partner,Enterprise,3421.6,18,5,4,5,0,84,2070.71,183.31,0,1
2024-04-29,East,Product B,Retail Partner,SMB,2318.03,12,5,4,5,0,58,1415.97,127.97,0,1
2024-04-29,East,Product C,Online,Enterprise,8021.88,19,5,4,5,0,96,4923.49,864.84,0,1
2024-04-29,East,Product C,Online,SMB,5459.92,13,5,4,5,0,60,3345.7,528.22,0,1
2024-04-29,East,Product C,Retail Partner,Enterprise,5441.7,13,4,3,4,0,63,3357.52,270.95,0,0
2024-04-29,East,Product C,Retail Partner,SMB,3556.87,8,3,3,3,0,45,2178.58,180.5,0,0
2024-04-29,West,Product A,Online,Enterprise,11435.52,41,12,9,12,0,221,6322.6,1029.04,1,2
2024-04-29,West,Product A,Online,SMB,7709.11,28,11,8,11,1,142,4235.31,627.16,1,2
2024-04-29,West,Product A,Retail Partner,Enterprise,8803.27,32,9,7,9,0,132,4849.14,424.97,0,1
2024-04-29,West,Product A,Retail Partner,SMB,5541.13,20,8,6,8,1,100,3015.81,280.91,0,1
2024-04-29,West,Product B,Online,Enterprise,6021.52,31,9,7,9,1,146,3695.0,593.69,0,2
2024-04-29,West,Product B,Online,SMB,3860.34,20,8,6,8,0,119,2385.91,366.89,0,1
2024-04-29,West,Product B,Retail Partner,Enterprise,4652.59,24,7,5,7,0,122,2794.94,225.3,1,1
2024-04-29,West,Product B,Retail Partner,SMB,2850.53,14,6,5,6,0,75,1697.51,144.4,0,1
2024-04-29,West,Product C,Online,Enterprise,10190.3,24,7,5,7,0,113,6342.35,994.65,0,1
2024-04-29,West,Product C,Online,SMB,6813.23,16,6,5,6,0,70,4139.17,611.85,0,1
2024-04-29,West,Product C,Retail Partner,Enterprise,7507.97,18,5,4,5,0,81,4753.78,382.56,0,1
2024-04-29,West,Product C,Retail Partner,SMB,4789.87,11,4,3,4,0,59,3038.17,280.08,0,1
2024-05-06,North,Product A,Online,Enterprise,13870.13,52,15,12,15,1,232,7874.11,1262.24,1,2
2024-05-06,North,Product A,Online,SMB,7875.25,29,11,9,11,1,147,4377.7,760.89,1,2
2024-05-06,North,Product A,Retail Partner,Enterprise,9749.98,36,10,8,10,1,155,5463.41,466.58,1,2
2024-05-06,North,Product A,Retail Partner,SMB,6421.31,23,9,7,9,0,120,3487.17,324.3,0,2
2024-05-06,North,Product B,Online,Enterprise,6825.74,35,10,7,10,0,169,4111.3,666.62,1,1
2024-05-06,North,Product B,Online,SMB,4405.46,23,9,7,9,1,124,2697.95,415.66,1,2
2024-05-06,North,Product B,Retail Partner,Enterprise,4948.11,26,7,5,7,0,125,3007.99,234.65,0,1
2024-05-06,North,Product B,Retail Partner,SMB,3200.02,17,6,5,6,0,88,1975.45,155.49,0,1
2024-05-06,North,Product C,Online,Enterprise,10273.89,24,7,5,7,0,123,6277.49,1078.42,0,1
2024-05-06,North,Product C,Online,SMB,7894.43,18,7,6,7,0,86,4756.75,776.13,0,1
2024-05-06,North,Product C,Retail Partner,Enterprise,8737.3,21,6,5,6,0,90,5436.62,512.99,0,1
2024-05-06,North,Product C,Retail Partner,SMB,5183.91,12,5,4,5,0,63,3071.88,286.0,0,1
2024-05-06,South,Product A,Online,Enterprise,10819.13,38,11,9,11,1,186,5936.66,997.47,1,2
2024-05-06,South,Product A,Online,SMB,6733.16,24,9,7,9,0,131,3717.49,630.22,1,1
2024-05-06,South,Product A,Retail Partner,Enterprise,7690.07,28,8,6,8,0,143,4253.88,441.48,0,1
2024-05-06,South,Product A,Retail Partner,SMB,4926.3,18,7,6,7,0,92,2686.39,267.95,1,1
2024-05-06,South,Product B,Online,Enterprise,5940.44,31,9,7,9,0,131,3646.73,511.93,1,1
2024-05-06,South,Product B,Online,SMB,3254.23,17,7,5,7,0,92,2027.78,323.04,0,1
2024-05-06,South,Product B,Retail Partner,Enterprise,3999.6,21,6,5,6,0,96,2461.47,193.61,1,1
2024-05-06,South,Product B,Retail Partner,SMB,2594.01,13,5,4,5,0,64,1574.93,119.49,0,1
2024-05-06,South,Product C,Online,Enterprise,9650.03,23,7,5,7,0,94,6037.39,867.36,0,1
2024-05-06,South,Product C,Online,SMB,6025.15,14,5,4,5,0,70,3707.98,590.93,0,1
2024-05-06,South,Product C,Retail Partner,Enterprise,6216.52,14,4,3,4,0,76,3798.51,338.82,0,1
2024-05-06,South,Product C,Retail Partner,SMB,4598.61,11,4,3,4,0,47,2764.87,227.98,0,1
2024-05-06,East,Product A,Online,Enterprise,9367.61,35,10,8,10,0,171,5305.5,882.02,1,2
2024-05-06,East,Product A,Online,SMB,6122.71,22,9,7,9,0,101,3361.98,607.98,1,1
2024-05-06,East,Product A,Retail Partner,Enterprise,6321.41,23,7,5,7,0,117,3509.67,307.94,1,1
2024-05-06,East,Product A,Retail Partner,SMB,4200.99,15,6,5,6,0,70,2296.92,236.09,0,1
2024-05-06,East,Product B,Online,Enterprise,4857.69,25,7,6,7,0,116,2921.04,429.13,0,1
2024-05-06,East,Product B,Online,SMB,3116.29,16,6,5,6,0,80,1894.18,241.47,0,1
2024-05-06,East,Product B,Retail Partner,Enterprise,3775.84,19,6,4,6,0,83,2286.43,221.45,0,1
2024-05-06,East,Product B,Retail Partner,SMB,2053.17,10,4,3,4,0,59,1226.4,104.02,0,1
2024-05-06,East,Product C,Online,Enterprise,8002.19,19,5,4,5,0,100,4947.82,645.15,0,1
2024-05-06,East,Product C,Online,SMB,5547.37,13,5,4,5,0,61,3335.59,551.97,0,1
2024-05-06,East,Product C,Retail Partner,Enterprise,5946.21,14,4,3,4,0,64,3641.18,275.16,0,0
2024-05-06,East,Product C,Retail Partner,SMB,3437.63,8,3,3,3,0,42,2048.39,169.27,0,0
2024-05-06,West,Product A,Online,Enterprise,12127.42,44,12,9,12,0,205,6690.85,1184.29,1,2
2024-05-06,West,Product A,Online,SMB,7021.89,25,10,8,10,0,146,3850.71,672.85,1,2
2024-05-06,West,Product A,Retail Partner,Enterprise,8418.42,30,9,6,9,1,160,4552.48,468.06,0,2
2024-05-06,West,Product A,Retail Partner,SMB,5334.36,20,8,6,8,0,114,2931.19,272.98,1,1
2024-05-06,West,Product B,Online,Enterprise,5999.48,31,9,7,9,0,164,3593.46,535.57,1,1
2024-05-06,West,Product B,Online,SMB,3900.22,20,8,6,8,1,102,2364.43,368.63,1,1
2024-05-06,West,Product B,Retail Partner,Enterprise,4634.03,24,7,5,7,0,116,2821.1,253.78,1,1
2024-05-06,West,Product B,Retail Partner,SMB,3222.62,17,6,5,6,0,69,1969.14,174.25,0,1
2024-05-06,West,Product C,Online,Enterprise,10659.66,26,7,6,7,0,129,6697.64,962.39,0,1
2024-05-06,West,Product C,Online,SMB,6460.68,16,6,5,6,0,77,3986.73,576.19,0,1
2024-05-06,West,Product C,Retail Partner,Enterprise,7414.36,17,5,4,5,0,86,4599.18,331.12,0,1
2024-05-06,West,Product C,Retail Partner,SMB,5052.18,12,5,4,5,0,57,3113.58,278.5,0,1
2024-05-13,North,Product A,Online,Enterprise,13373.9,49,14,11,14,1,231,7355.53,1247.47,1,2
2024-05-13,North,Product A,Online,SMB,7983.16,29,11,8,11,0,159,4400.61,758.42,1,2
2024-05-13,North,Product A,Retail Partner,Enterprise,8274.28,30,9,6,9,0,150,4518.84,463.35,1,1
2024-05-13,North,Product A,Retail Partner,SMB,6142.53,22,9,7,9,0,115,3391.77,261.06,1,1
2024-05-13,North,Product B,Online,Enterprise,6348.11,33,9,7,9,0,180,3828.76,560.24,1,1
2024-05-13,North,Product B,Online,SMB,4031.64,21,8,6,8,0,106,2500.98,353.42,1,1
2024-05-13,North,Product B,Retail Partner,Enterprise,4894.61,25,7,6,7,0,124,2979.8,239.85,0,1
2024-05-13,North,Product B,Retail Partner,SMB,3240.51,17,6,5,6,0,81,1935.16,169.96,0,1
2024-05-13,North,Product C,Online,Enterprise,11166.75,27,8,6,8,0,121,7007.11,906.66,0,1
2024-05-13,North,Product C,Online,SMB,7037.85,17,6,5,6,0,85,4297.44,652.52,0,1
2024-05-13,North,Product C,Retail Partner,Enterprise,7845.87,19,5,4,5,0,92,4894.56,450.87,0,1
2024-05-13,North,Product C,Retail Partner,SMB,5376.1,13,5,4,5,0,63,3227.96,287.01,0,1
2024-05-13,South,Product A,Online,Enterprise,11602.36,42,12,9,12,0,186,6352.32,1101.78,1,2
2024-05-13,South,Product A,Online,SMB,7574.61,28,11,9,11,1,121,4163.96,668.0,1,2
2024-05-13,South,Product A,Retail Partner,Enterprise,7406.15,27,8,6,8,0,142,3997.61,339.54,1,1
2024-05-13,South,Product A,Retail Partner,SMB,4904.08,18,7,6,7,0,89,2727.06,279.32,1,1
2024-05-13,South,Product B,Online,Enterprise,5694.09,29,8,6,8,0,140,3466.44,506.63,1,1
2024-05-13,South,Product B,Online,SMB,3347.38,17,7,5,7,0,87,2064.51,308.48,0,1
2024-05-13,South,Product B,Retail Partner,Enterprise,3632.23,19,5,4,5,0,101,2228.36,188.8,0,1
2024-05-13,South,Product B,Retail Partner,SMB,2791.99,14,5,4,5,0,68,1679.04,144.62,0,1
2024-05-13,South,Product C,Online,Enterprise,9491.15,22,6,5,6,0,109,5734.05,878.4,0,1
2024-05-13,South,Product C,Online,SMB,5874.44,14,5,4,5,0,64,3628.7,616.09,0,1
2024-05-13,South,Product C,Retail Partner,Enterprise,6149.02,15,4,3,4,0,74,3939.05,317.11,0,1
2024-05-13,South,Product C,Retail Partner,SMB,3984.8,9,4,3,4,0,50,2448.06,192.03,0,0
2024-05-13,East,Product A,Online,Enterprise,9690.42,36,10,8,10,0,156,5366.72,907.09,1,1
2024-05-13,East,Product A,Online,SMB,6377.65,23,9,7,9,0,101,3484.36,529.83,0,1
2024-05-13,East,Product A,Retail Partner,Enterprise,7395.69,26,8,6,8,0,113,3991.14,418.56,0,2
2024-05-13,East,Product A,Retail Partner,SMB,4250.51,16,6,5,6,0,79,2370.51,213.21,0,1
2024-05-13,East,Product B,Online,Enterprise,4795.81,25,7,6,7,0,132,2915.1,421.43,0,1
2024-05-13,East,Product B,Online,SMB,3563.09,19,7,5,7,0,79,2212.13,303.73,1,1
2024-05-13,East,Product B,Retail Partner,Enterprise,3237.33,17,5,4,5,0,82,1990.89,181.08,0,1
2024-05-13,East,Product B,Retail Partner,SMB,2390.73,12,5,4,5,0,60,1424.12,122.71,0,1
2024-05-13,East,Product C,Online,Enterprise,8156.26,19,5,4,5,0,84,5016.08,762.44,0,1
2024-05-13,East,Product C,Online,SMB,4785.55,11,4,3,4,0,58,2862.44,439.76,0,1
2024-05-13,East,Product C,Retail Partner,Enterprise,5610.02,13,4,3,4,0,64,3359.73,287.34,0,0
2024-05-13,East,Product C,Retail Partner,SMB,3584.76,8,3,3,3,0,45,2183.97,169.94,0,1
2024-05-13,West,Product A,Online,Enterprise,11760.83,43,12,10,12,1,227,6423.22,1015.95,1,2
2024-05-13,West,Product A,Online,SMB,8451.85,31,12,9,12,1,146,4635.66,769.29,1,1
2024-05-13,West,Product A,Retail Partner,Enterprise,8627.11,32,9,7,9,1,152,4764.37,453.75,0,1
2024-05-13,West,Product A,Retail Partner,SMB,6140.95,22,9,6,9,0,98,3427.59,342.98,0,1
2024-05-13,West,Product B,Online,Enterprise,6480.9,34,10,8,10,1,157,3995.3,552.96,1,1
2024-05-13,West,Product B,Online,SMB,3895.2,20,8,6,8,0,115,2384.27,322.26,0,1
2024-05-13,West,Product B,Retail Partner,Enterprise,4893.92,24,7,5,7,0,104,2880.58,237.55,0,1
2024-05-13,West,Product B,Retail Partner,SMB,2984.7,15,6,4,6,0,77,1821.29,141.25,0,1
2024-05-13,West,Product C,Online,Enterprise,9623.58,23,7,6,7,0,121,5978.2,1068.82,0,1
2024-05-13,West,Product C,Online,SMB,6864.4,16,6,5,6,0,75,4170.15,588.01,0,1
2024-05-13,West,Product C,Retail Partner,Enterprise,7448.45,18,5,4,5,0,86,4611.18,374.01,0,1
2024-05-13,West,Product C,Retail Partner,SMB,5202.99,12,5,4,5,0,56,3230.99,252.52,0,1
2024-05-20,North,Product A,Online,Enterprise,12516.67,46,13,10,13,1,221,6849.34,1205.59,1,2
2024-05-20,North,Product A,Online,SMB,8730.02,31,12,9,12,1,147,4643.85,808.83,1,2
2024-05-20,North,Product A,Retail Partner,Enterprise,10253.88,37,11,8,11,1,152,5598.06,556.63,1,1
2024-05-20,North,Product A,Retail Partner,SMB,5740.21,21,8,6,8,0,110,3082.89,301.29,1,1
2024-05-20,North,Product B,Online,Enterprise,6736.98,35,10,8,10,0,172,4144.53,640.34,1,1
2024-05-20,North,Product B,Online,SMB,4658.57,24,9,7,9,0,112,2846.49,466.71,1,2
2024-05-20,North,Product B,Retail Partner,Enterprise,4656.89,24,7,5,7,0,123,2803.9,250.81,0,1
2024-05-20,North,Product B,Retail Partner,SMB,3129.44,16,6,5,6,0,80,1910.23,164.18,0,1
2024-05-20,North,Product C,Online,Enterprise,11351.47,27,8,6,8,0,115,7043.82,1220.77,0,1
2024-05-20,North,Product C,Online,SMB,7937.77,19,7,6,7,0,87,4816.33,705.62,0,1
2024-05-20,North,Product C,Retail Partner,Enterprise,7784.11,18,5,4,5,0,85,4710.01,352.22,0,1
2024-05-20,North,Product C,Retail Partner,SMB,5091.89,12,5,4,5,0,63,3167.8,283.74,0,1
2024-05-20,South,Product A,Online,Enterprise,10097.91,36,10,8,10,0,199,5382.22,896.45,1,2
2024-05-20,South,Product A,Online,SMB,6602.74,24,9,7,9,1,126,3649.71,570.71,1,1
2024-05-20,South,Product A,Retail Partner,Enterprise,7830.62,28,8,6,8,1,134,4202.3,457.62,1,1
2024-05-20,South,Product A,Retail Partner,SMB,4606.48,17,6,5,6,0,95,2564.98,203.59,0,1
2024-05-20,South,Product B,Online,Enterprise,5765.63,29,8,7,8,0,138,3439.37,555.19,0,1
2024-05-20,South,Product B,Online,SMB,3339.43,17,7,5,7,0,96,2019.03,318.0,0,1
2024-05-20,South,Product B,Retail Partner,Enterprise,4011.0,21,6,5,6,0,104,2482.66,209.72,0,1
2024-05-20,South,Product B,Retail Partner,SMB,2716.76,14,5,4,5,0,70,1623.84,143.38,0,1
2024-05-20,South,Product C,Online,Enterprise,8568.39,20,6,4,6,0,105,5274.57,814.44,0,1
2024-05-20,South,Product C,Online,SMB,6316.64,15,6,4,6,0,66,3807.28,644.07,0,1
2024-05-20,South,Product C,Retail Partner,Enterprise,7254.31,17,5,4,5,0,70,4496.28,396.13,0,1
2024-05-20,South,Product C,Retail Partner,SMB,4144.18,10,4,3,4,0,49,2567.35,186.33,0,1
2024-05-20,East,Product A,Online,Enterprise,8819.19,32,9,7,9,1,150,4782.17,839.19,1,1
2024-05-20,East,Product A,Online,SMB,5741.85,21,8,6,8,0,114,3119.47,621.33,0,1
2024-05-20,East,Product A,Retail Partner,Enterprise,6383.98,23,7,5,7,0,122,3506.5,350.11,0,1
2024-05-20,East,Product A,Retail Partner,SMB,4140.59,15,6,5,6,0,86,2267.96,211.04,0,1
2024-05-20,East,Product B,Online,Enterprise,4291.91,22,6,5,6,0,118,2700.95,403.79,0,1
2024-05-20,East,Product B,Online,SMB,3246.27,16,6,5,6,0,83,1950.1,317.97,0,1
2024-05-20,East,Product B,Retail Partner,Enterprise,3464.43,18,5,4,5,0,92,2072.74,176.23,0,1
2024-05-20,East,Product B,Retail Partner,SMB,2492.37,13,5,3,5,0,54,1509.91,122.7,0,1
2024-05-20,East,Product C,Online,Enterprise,7956.98,19,5,4,5,0,80,4914.21,729.87,0,1
2024-05-20,East,Product C,Online,SMB,4909.88,12,4,4,4,0,57,3055.6,460.28,0,1
2024-05-20,East,Product C,Retail Partner,Enterprise,5505.12,13,4,3,4,0,64,3290.98,311.86,0,0
2024-05-20,East,Product C,Retail Partner,SMB,3592.82,8,3,2,3,0,41,2185.43,171.74,0,0
2024-05-20,West,Product A,Online,Enterprise,11376.1,42,12,9,12,1,207,6378.47,1056.54,1,2
2024-05-20,West,Product A,Online,SMB,7875.15,29,11,9,11,1,132,4411.78,653.86,1,2
2024-05-20,West,Product A,Retail Partner,Enterprise,8633.81,32,9,7,9,0,164,4816.05,468.59,1,1
2024-05-20,West,Product A,Retail Partner,SMB,5729.32,20,8,6,8,0,102,3085.41,313.61,1,1
2024-05-20,West,Product B,Online,Enterprise,6975.71,35,10,8,10,0,164,4094.05,715.75,0,2
2024-05-20,West,Product B,Online,SMB,3870.98,20,8,6,8,0,107,2343.97,396.08,0,1
2024-05-20,West,Product B,Retail Partner,Enterprise,4911.73,25,7,6,7,0,127,2952.02,250.21,0,1
2024-05-20,West,Product B,Retail Partner,SMB,2850.29,15,6,4,6,0,75,1731.31,142.85,0,1
2024-05-20,West,Product C,Online,Enterprise,9881.45,24,7,5,7,0,118,6094.52,949.79,0,1
2024-05-20,West,Product C,Online,SMB,7109.84,17,6,5,6,0,74,4316.34,732.08,0,1
2024-05-20,West,Product C,Retail Partner,Enterprise,6552.38,16,5,4,5,0,94,4129.28,348.87,0,1
2024-05-20,West,Product C,Retail Partner,SMB,4977.77,12,5,4,5,0,57,3096.51,221.78,0,1
2024-05-27,North,Product A,Online,Enterprise,13207.03,48,14,10,14,1,222,7166.17,1165.67,1,2
2024-05-27,North,Product A,Online,SMB,8695.8,31,12,10,12,1,143,4699.34,815.91,1,2
2024-05-27,North,Product A,Retail Partner,Enterprise,9039.07,33,9,7,9,1,158,4983.8,429.73,1,1
2024-05-27,North,Product A,Retail Partner,SMB,7009.41,25,10,8,10,0,109,3723.03,354.63,1,1
2024-05-27,North,Product B,Online,Enterprise,6775.76,35,10,8,10,1,174,4152.4,587.99,1,1
2024-05-27,North,Product B,Online,SMB,3933.25,21,8,6,8,0,110,2412.6,396.73,1,1
2024-05-27,North,Product B,Retail Partner,Enterprise,5148.15,26,8,6,8,0,107,3148.16,222.67,1,1
2024-05-27,North,Product B,Retail Partner,SMB,3220.55,16,6,5,6,0,79,1918.89,176.79,0,1
2024-05-27,North,Product C,Online,Enterprise,10353.12,25,7,5,7,0,141,6400.27,903.22,0,1
2024-05-27,North,Product C,Online,SMB,7406.35,17,7,5,7,0,81,4467.28,709.62,0,1
2024-05-27,North,Product C,Retail Partner,Enterprise,7914.46,19,5,4,5,0,97,4914.69,367.89,0,1
2024-05-27,North,Product C,Retail Partner,SMB,5211.32,12,5,4,5,0,62,3190.4,280.52,0,1
2024-05-27,South,Product A,Online,Enterprise,9991.69,36,10,8,10,1,186,5466.67,1024.0,1,2
2024-05-27,South,Product A,Online,SMB,7822.04,28,11,8,11,0,127,4223.24,800.12,1,2
2024-05-27,South,Product A,Retail Partner,Enterprise,7089.81,25,7,6,7,0,143,3806.38,364.8,0,1
2024-05-27,South,Product A,Retail Partner,SMB,5190.24,19,7,6,7,0,84,2879.3,262.0,0,1
2024-05-27,South,Product B,Online,Enterprise,5438.57,28,8,6,8,0,145,3340.77,533.81,1,1
2024-05-27,South,Product B,Online,SMB,3729.66,19,7,6,7,0,82,2231.93,339.4,0,1
2024-05-27,South,Product B,Retail Partner,Enterprise,3970.83,21,6,5,6,0,102,2431.74,205.0,0,1
2024-05-27,South,Product B,Retail Partner,SMB,2583.92,13,5,4,5,0,65,1538.84,132.09,0,1
2024-05-27,South,Product C,Online,Enterprise,9110.39,22,6,5,6,0,100,5751.7,857.31,0,1
2024-05-27,South,Product C,Online,SMB,5827.31,14,5,4,5,0,68,3522.37,535.53,0,1
2024-05-27,South,Product C,Retail Partner,Enterprise,6482.86,15,4,3,4,0,71,4040.2,375.27,0,1
2024-05-27,South,Product C,Retail Partner,SMB,4609.39,11,4,3,4,0,49,2867.73,224.45,0,0
2024-05-27,East,Product A,Online,Enterprise,9150.89,33,9,8,9,1,159,5006.25,875.12,1,1
2024-05-27,East,Product A,Online,SMB,5367.02,20,8,6,8,0,107,2951.7,490.53,1,1
2024-05-27,East,Product A,Retail Partner,Enterprise,6790.54,25,7,6,7,0,118,3721.57,347.64,0,1
2024-05-27,East,Product A,Retail Partner,SMB,4554.16,16,6,5,6,0,83,2480.66,246.73,0,1
2024-05-27,East,Product B,Online,Enterprise,4597.83,24,7,5,7,0,125,2795.13,461.07,0,1
2024-05-27,East,Product B,Online,SMB,2970.38,15,6,5,6,0,83,1814.6,276.15,0,1
2024-05-27,East,Product B,Retail Partner,Enterprise,3052.96,16,5,3,5,0,83,1868.07,153.34,0,1
2024-05-27,East,Product B,Retail Partner,SMB,2359.51,12,5,4,5,0,57,1438.5,123.94,0,1
2024-05-27,East,Product C,Online,Enterprise,7681.81,18,5,4,5,0,86,4695.67,708.45,0,1
2024-05-27,East,Product C,Online,SMB,4881.06,12,4,3,4,0,59,3047.26,450.33,0,1
2024-05-27,East,Product C,Retail Partner,Enterprise,5902.92,14,4,3,4,0,62,3572.3,335.2,0,1
2024-05-27,East,Product C,Retail Partner,SMB,3771.8,9,3,3,3,0,44,2302.44,167.6,0,0
2024-05-27,West,Product A,Online,Enterprise,11857.85,42,12,10,12,1,200,6325.12,1038.78,1,1
2024-05-27,West,Product A,Online,SMB,7928.17,28,11,8,11,1,140,4340.88,745.94,1,2
2024-05-27,West,Product A,Retail Partner,Enterprise,8580.21,31,9,7,9,0,158,4698.1,472.36,1,1
2024-05-27,West,Product A,Retail Partner,SMB,5898.4,22,8,6,8,0,97,3272.92,299.22,1,1
2024-05-27,West,Product B,Online,Enterprise,6904.74,35,10,8,10,0,160,4125.01,631.09,1,1
2024-05-27,West,Product B,Online,SMB,4226.51,21,8,7,8,1,110,2559.67,472.77,0,1
2024-05-27,West,Product B,Retail Partner,Enterprise,4846.21,25,7,6,7,0,105,2967.74,253.52,0,1
2024-05-27,West,Product B,Retail Partner,SMB,3125.81,16,6,5,6,0,70,1944.26,169.3,0,1
2024-05-27,West,Product C,Online,Enterprise,9634.52,23,6,5,6,0,119,5819.48,925.13,0,1
2024-05-27,West,Product C,Online,SMB,6429.69,15,6,5,6,0,81,3987.58,538.8,0,1
2024-05-27,West,Product C,Retail Partner,Enterprise,6684.27,16,5,4,5,0,88,4102.09,342.52,0,1
2024-05-27,West,Product C,Retail Partner,SMB,4450.47,11,4,3,4,0,54,2795.39,202.95,0,1
2024-06-03,North,Product A,Online,Enterprise,13275.36,48,14,11,14,1,264,7104.93,1078.19,1,2
2024-06-03,North,Product A,Online,SMB,7641.12,28,11,8,11,1,153,4279.22,793.88,1,1
2024-06-03,North,Product A,Retail Partner,Enterprise,8590.17,31,9,7,9,0,169,4718.33,515.53,0,1
2024-06-03,North,Product A,Retail Partner,SMB,5754.79,21,8,6,8,0,119,3115.53,327.36,0,1
2024-06-03,North,Product B,Online,Enterprise,7093.16,36,10,8,10,1,169,4366.53,684.5,1,1
2024-06-03,North,Product B,Online,SMB,4565.49,24,9,7,9,0,113,2825.6,408.31,1,1
2024-06-03,North,Product B,Retail Partner,Enterprise,4608.54,24,7,5,7,0,124,2812.75,245.03,1,1
2024-06-03,North,Product B,Retail Partner,SMB,3181.06,17,6,5,6,0,79,2000.07,162.89,0,1
2024-06-03,North,Product C,Online,Enterprise,11234.24,27,8,6,8,0,131,6980.44,1181.7,0,1
2024-06-03,North,Product C,Online,SMB,6601.24,16,6,5,6,0,82,4112.5,632.16,0,1
2024-06-03,North,Product C,Retail Partner,Enterprise,8084.71,19,5,4,5,0,99,4971.36,364.62,0,1
2024-06-03,North,Product C,Retail Partner,SMB,5929.79,14,5,4,5,0,58,3631.75,307.27,0,1
2024-06-03,South,Product A,Online,Enterprise,10919.72,40,11,9,11,0,189,6031.77,904.2,1,2
2024-06-03,South,Product A,Online,SMB,6705.82,24,9,8,9,0,131,3696.07,589.69,1,2
2024-06-03,South,Product A,Retail Partner,Enterprise,8056.79,29,8,6,8,0,150,4378.51,435.35,0,1
2024-06-03,South,Product A,Retail Partner,SMB,5179.47,19,7,6,7,0,91,2785.43,274.64,1,1
2024-06-03,South,Product B,Online,Enterprise,6207.39,32,9,7,9,0,140,3739.04,598.02,1,1
2024-06-03,South,Product B,Online,SMB,3587.4,19,7,6,7,0,89,2162.6,346.52,1,1
2024-06-03,South,Product B,Retail Partner,Enterprise,4354.49,22,6,5,6,0,105,2550.14,222.68,0,1
2024-06-03,South,Product B,Retail Partner,SMB,2518.11,13,5,4,5,0,72,1527.26,145.95,0,1
2024-06-03,South,Product C,Online,Enterprise,8165.28,20,6,4,6,0,107,5176.87,795.23,0,1
2024-06-03,South,Product C,Online,SMB,5991.97,14,5,4,5,0,68,3678.86,546.16,0,1
2024-06-03,South,Product C,Retail Partner,Enterprise,7051.54,16,5,4,5,0,77,4260.3,391.58,0,1
2024-06-03,South,Product C,Retail Partner,SMB,4328.09,10,4,3,4,0,48,2571.62,205.82,0,1
2024-06-03,East,Product A,Online,Enterprise,9430.25,34,10,8,10,1,166,5217.8,918.99,1,1
2024-06-03,East,Product A,Online,SMB,6470.17,23,9,7,9,0,115,3553.14,584.66,0,1
2024-06-03,East,Product A,Retail Partner,Enterprise,5808.42,21,6,5,6,0,111,3241.72,312.99,0,1
2024-06-03,East,Product A,Retail Partner,SMB,4306.21,16,6,5,6,0,74,2328.04,233.05,0,1
2024-06-03,East,Product B,Online,Enterprise,4623.67,24,7,5,7,0,116,2809.89,413.22,0,1
2024-06-03,East,Product B,Online,SMB,2932.88,15,6,5,6,0,77,1776.56,281.52,0,1
2024-06-03,East,Product B,Retail Partner,Enterprise,3204.66,17,5,4,5,0,88,1962.35,158.57,0,1
2024-06-03,East,Product B,Retail Partner,SMB,2312.46,12,5,4,5,0,58,1389.56,115.31,0,1
2024-06-03,East,Product C,Online,Enterprise,7677.9,18,5,4,5,0,93,4676.94,719.93,0,1
2024-06-03,East,Product C,Online,SMB,5570.83,13,5,4,5,0,62,3456.16,575.1,0,1
2024-06-03,East,Product C,Retail Partner,Enterprise,6235.48,15,4,3,4,0,65,3808.74,302.88,0,1
2024-06-03,East,Product C,Retail Partner,SMB,3754.73,9,3,3,3,0,46,2215.81,210.81,0,1
2024-06-03,West,Product A,Online,Enterprise,12921.84,47,13,10,13,1,213,7095.37,1178.47,1,2
2024-06-03,West,Product A,Online,SMB,7552.75,27,10,8,10,1,146,4022.4,609.36,1,2
2024-06-03,West,Product A,Retail Partner,Enterprise,8652.87,31,9,7,9,0,165,4775.47,490.07,0,1
2024-06-03,West,Product A,Retail Partner,SMB,6213.23,23,9,7,9,0,102,3376.08,349.86,1,1
2024-06-03,West,Product B,Online,Enterprise,5957.2,30,9,6,9,0,159,3588.22,486.39,1,1
2024-06-03,West,Product B,Online,SMB,4002.1,21,8,6,8,0,110,2424.85,341.85,1,1
2024-06-03,West,Product B,Retail Partner,Enterprise,4740.19,24,7,5,7,0,114,2915.65,249.33,0,1
2024-06-03,West,Product B,Retail Partner,SMB,3009.22,15,6,5,6,0,79,1821.04,146.8,0,1
2024-06-03,West,Product C,Online,Enterprise,10370.51,25,7,6,7,0,128,6432.69,924.41,1,1
2024-06-03,West,Product C,Online,SMB,6855.51,16,6,5,6,0,75,4187.94,563.37,0,1
2024-06-03,West,Product C,Retail Partner,Enterprise,7680.8,18,5,4,5,0,82,4715.69,362.29,0,1
2024-06-03,West,Product C,Retail Partner,SMB,5022.02,12,5,4,5,0,54,3084.11,258.16,0,1
2024-06-10,North,Product A,Online,Enterprise,12442.18,45,13,10,13,0,234,6768.9,1087.0,0,2
2024-06-10,North,Product A,Online,SMB,8497.02,31,12,9,12,0,157,4625.43,749.17,1,2
2024-06-10,North,Product A,Retail Partner,Enterprise,9475.96,34,10,7,10,0,156,5219.67,517.48,1,2
2024-06-10,North,Product A,Retail Partner,SMB,6150.03,22,8,7,8,0,115,3366.83,359.8,0,1
2024-06-10,North,Product B,Online,Enterprise,7235.93,37,11,8,11,0,179,4476.96,683.8,1,2
2024-06-10,North,Product B,Online,SMB,5037.0,26,10,7,10,1,118,3109.57,442.19,1,1
2024-06-10,North,Product B,Retail Partner,Enterprise,4595.54,24,7,5,7,0,126,2761.51,235.37,1,1
2024-06-10,North,Product B,Retail Partner,SMB,3303.81,17,7,5,7,0,87,1973.7,175.08,0,1
2024-06-10,North,Product C,Online,Enterprise,11906.87,29,8,6,8,0,130,7585.38,988.45,1,1
2024-06-10,North,Product C,Online,SMB,7911.64,19,7,5,7,0,84,4870.07,690.82,0,1
2024-06-10,North,Product C,Retail Partner,Enterprise,8066.34,19,6,4,6,0,93,5087.26,470.55,0,1
2024-06-10,North,Product C,Retail Partner,SMB,4745.96,11,4,3,4,0,62,2862.69,250.98,0,1
2024-06-10,South,Product A,Online,Enterprise,10128.26,37,11,9,11,0,202,5655.93,941.96,1,2
2024-06-10,South,Product A,Online,SMB,7367.25,27,10,7,10,0,134,4090.8,741.6,1,1
2024-06-10,South,Product A,Retail Partner,Enterprise,7582.57,27,8,6,8,0,131,4119.75,355.76,0,1
2024-06-10,South,Product A,Retail Partner,SMB,5221.15,19,7,6,7,0,84,2803.7,247.21,0,1
2024-06-10,South,Product B,Online,Enterprise,5890.49,30,9,7,9,0,134,3545.33,498.72,1,1
2024-06-10,South,Product B,Online,SMB,3734.63,19,7,6,7,0,92,2260.64,411.31,1,1
2024-06-10,South,Product B,Retail Partner,Enterprise,3959.35,21,6,5,6,0,107,2436.73,206.76,0,1
2024-06-10,South,Product B,Retail Partner,SMB,2517.95,13,5,4,5,0,68,1492.72,125.77,0,1
2024-06-10,South,Product C,Online,Enterprise,9370.7,22,6,5,6,0,99,5655.12,862.58,0,1
2024-06-10,South,Product C,Online,SMB,5850.08,14,5,4,5,0,62,3509.16,492.11,0,1
2024-06-10,South,Product C,Retail Partner,Enterprise,7356.31,17,5,4,5,0,79,4497.69,480.86,0,1
2024-06-10,South,Product C,Retail Partner,SMB,4327.3,11,4,3,4,0,49,2742.96,205.71,0,1
2024-06-10,East,Product A,Online,Enterprise,9504.39,35,10,8,10,1,176,5267.05,897.46,1,1
2024-06-10,East,Product A,Online,SMB,6091.29,22,8,6,8,0,109,3396.63,620.99,1,1
2024-06-10,East,Product A,Retail Partner,Enterprise,6518.77,24,7,5,7,0,120,3568.33,342.98,0,1
2024-06-10,East,Product A,Retail Partner,SMB,3943.41,14,6,4,6,0,84,2202.62,203.76,0,1
2024-06-10,East,Product B,Online,Enterprise,4966.45,25,7,6,7,0,122,2961.39,517.62,0,1
2024-06-10,East,Product B,Online,SMB,3266.95,16,6,5,6,0,86,1966.5,330.52,0,1
2024-06-10,East,Product B,Retail Partner,Enterprise,3594.48,19,5,4,5,0,86,2158.48,189.94,0,1
2024-06-10,East,Product B,Retail Partner,SMB,2396.86,12,5,4,5,0,60,1451.5,127.21,0,1
2024-06-10,East,Product C,Online,Enterprise,7787.43,19,5,4,5,0,92,4764.21,881.06,0,1
2024-06-10,East,Product C,Online,SMB,5402.17,13,5,4,5,0,57,3322.0,574.94,0,1
2024-06-10,East,Product C,Retail Partner,Enterprise,5379.32,13,4,3,4,0,61,3228.42,296.6,0,1
2024-06-10,East,Product C,Retail Partner,SMB,3765.95,9,3,3,3,0,42,2253.8,178.4,0,0
2024-06-10,West,Product A,Online,Enterprise,13574.83,50,14,11,14,1,209,7406.49,1299.69,1,2
2024-06-10,West,Product A,Online,SMB,8254.38,29,11,9,11,0,144,4266.4,707.29,1,2
2024-06-10,West,Product A,Retail Partner,Enterprise,8989.72,32,9,7,9,0,153,4892.13,413.98,1,1
2024-06-10,West,Product A,Retail Partner,SMB,6446.98,23,9,7,9,0,103,3479.43,364.34,1,1
2024-06-10,West,Product B,Online,Enterprise,7006.54,36,10,8,10,1,149,4220.27,628.2,1,2
2024-06-10,West,Product B,Online,SMB,4102.69,21,8,6,8,0,101,2469.86,343.49,0,2
2024-06-10,West,Product B,Retail Partner,Enterprise,4900.36,25,7,5,7,0,118,2960.18,248.08,0,1
2024-06-10,West,Product B,Retail Partner,SMB,3212.77,16,6,5,6,0,69,1957.6,193.73,0,1
2024-06-10,West,Product C,Online,Enterprise,10470.96,25,7,6,7,0,116,6517.95,772.93,0,1
2024-06-10,West,Product C,Online,SMB,7757.46,18,7,6,7,0,85,4712.22,676.15,1,1
2024-06-10,West,Product C,Retail Partner,Enterprise,8153.11,19,6,5,6,0,86,5074.07,382.9,0,1
2024-06-10,West,Product C,Retail Partner,SMB,4692.78,11,4,3,4,0,56,2831.13,214.3,0,1
2024-06-17,North,Product A,Online,Enterprise,13836.27,50,14,11,14,1,235,7507.59,1343.72,1,2
2024-06-17,North,Product A,Online,SMB,8704.91,32,12,10,12,0,145,4776.83,774.78,1,2
2024-06-17,North,Product A,Retail Partner,Enterprise,9937.59,36,10,8,10,0,160,5402.17,499.08,1,2
2024-06-17,North,Product A,Retail Partner,SMB,6085.45,22,8,7,8,0,113,3292.2,311.05,1,1
2024-06-17,North,Product B,Online,Enterprise,7034.15,36,10,8,10,0,166,4300.27,606.3,0,1
2024-06-17,North,Product B,Online,SMB,4272.84,22,8,7,8,1,114,2550.64,382.69,0,1
2024-06-17,North,Product B,Retail Partner,Enterprise,4865.46,25,7,6,7,0,115,3015.19,248.43,0,1
2024-06-17,North,Product B,Retail Partner,SMB,3166.96,16,6,5,6,0,80,1898.6,163.78,0,1
2024-06-17,North,Product C,Online,Enterprise,11706.47,27,8,6,8,0,120,7125.01,1118.09,1,1
2024-06-17,North,Product C,Online,SMB,7311.02,17,7,5,7,0,84,4486.42,683.47,0,1
2024-06-17,North,Product C,Retail Partner,Enterprise,8553.67,20,6,4,6,0,94,5251.92,488.89,0,1
2024-06-17,North,Product C,Retail Partner,SMB,4775.18,11,4,3,4,0,58,2937.06,247.79,0,1
2024-06-17,South,Product A,Online,Enterprise,11182.42,41,12,9,12,1,205,6165.13,1104.16,1,2
2024-06-17,South,Product A,Online,SMB,7490.06,27,10,8,10,0,129,4121.14,663.47,1,2
2024-06-17,South,Product A,Retail Partner,Enterprise,8063.26,29,8,6,8,0,136,4447.96,440.9,0,1
2024-06-17,South,Product A,Retail Partner,SMB,5412.76,20,8,6,8,0,91,3015.77,263.57,0,1
2024-06-17,South,Product B,Online,Enterprise,5889.81,30,9,7,9,0,145,3495.8,604.05,1,1
2024-06-17,South,Product B,Online,SMB,3613.39,19,7,5,7,1,85,2215.62,333.6,0,1
2024-06-17,South,Product B,Retail Partner,Enterprise,3901.88,20,6,5,6,0,94,2400.37,220.51,0,1
2024-06-17,South,Product B,Retail Partner,SMB,2439.92,12,5,4,5,0,68,1471.58,120.08,0,1
2024-06-17,South,Product C,Online,Enterprise,9182.03,21,6,5,6,0,109,5513.3,867.34,0,1
2024-06-17,South,Product C,Online,SMB,5665.0,14,5,4,5,0,73,3517.83,555.68,0,1
2024-06-17,South,Product C,Retail Partner,Enterprise,6730.69,16,5,4,5,0,79,4220.65,303.11,0,1
2024-06-17,South,Product C,Retail Partner,SMB,4401.21,10,4,3,4,0,52,2696.62,238.04,0,1
2024-06-17,East,Product A,Online,Enterprise,9058.49,33,9,7,9,0,156,4927.71,877.09,1,2
2024-06-17,East,Product A,Online,SMB,5959.54,21,8,7,8,0,123,3239.48,546.06,0,2
2024-06-17,East,Product A,Retail Partner,Enterprise,6488.13,23,7,5,7,0,116,3548.12,324.67,0,1
2024-06-17,East,Product A,Retail Partner,SMB,4809.44,17,7,5,7,0,76,2621.61,289.37,0,1
2024-06-17,East,Product B,Online,Enterprise,4459.61,22,6,5,6,0,123,2666.77,337.46,0,1
2024-06-17,East,Product B,Online,SMB,3003.66,16,6,5,6,0,72,1870.96,290.45,0,1
2024-06-17,East,Product B,Retail Partner,Enterprise,3228.46,17,5,4,5,0,89,1980.63,137.51,0,1
2024-06-17,East,Product B,Retail Partner,SMB,2353.88,12,5,4,5,0,57,1433.94,122.67,0,1
2024-06-17,East,Product C,Online,Enterprise,8761.21,21,6,5,6,0,88,5383.3,768.64,0,1
2024-06-17,East,Product C,Online,SMB,5058.59,12,4,4,4,0,59,3056.56,440.17,0,1
2024-06-17,East,Product C,Retail Partner,Enterprise,5408.48,13,4,3,4,0,67,3376.92,239.7,0,0
2024-06-17,East,Product C,Retail Partner,SMB,3813.93,9,3,3,3,0,42,2344.92,186.5,0,1
2024-06-17,West,Product A,Online,Enterprise,13132.46,47,13,11,13,1,208,7086.54,1092.25,1,2
2024-06-17,West,Product A,Online,SMB,8760.94,31,12,9,12,1,133,4708.98,788.36,1,1
2024-06-17,West,Product A,Retail Partner,Enterprise,9102.63,33,9,7,9,0,159,4976.01,532.23,1,1
2024-06-17,West,Product A,Retail Partner,SMB,5472.34,20,8,6,8,0,107,3009.99,295.64,1,1
2024-06-17,West,Product B,Online,Enterprise,6092.84,31,9,7,9,0,182,3687.25,551.71,1,1
2024-06-17,West,Product B,Online,SMB,4415.27,23,9,7,9,0,109,2669.33,406.41,0,1
2024-06-17,West,Product B,Retail Partner,Enterprise,4519.45,23,7,5,7,0,118,2747.27,231.23,1,1
2024-06-17,West,Product B,Retail Partner,SMB,3354.28,17,7,5,7,0,74,2064.14,173.29,0,1
2024-06-17,West,Product C,Online,Enterprise,9878.31,24,7,5,7,0,119,6105.53,1016.03,0,1
2024-06-17,West,Product C,Online,SMB,7200.56,17,6,5,6,0,80,4359.86,589.36,0,1
2024-06-17,West,Product C,Retail Partner,Enterprise,7356.13,17,5,4,5,0,84,4501.08,436.36,0,1
2024-06-17,West,Product C,Retail Partner,SMB,5021.33,12,4,4,4,0,59,3014.73,280.45,0,1
2024-06-24,North,Product A,Online,Enterprise,13013.91,47,13,11,13,1,215,7005.04,1150.27,1,2
2024-06-24,North,Product A,Online,SMB,8876.88,32,12,9,12,1,176,4827.93,890.56,1,2
2024-06-24,North,Product A,Retail Partner,Enterprise,9076.34,33,9,7,9,0,161,4883.48,498.62,1,1
2024-06-24,North,Product A,Retail Partner,SMB,6160.93,22,9,7,9,1,112,3377.12,329.14,0,1
2024-06-24,North,Product B,Online,Enterprise,7131.46,36,10,8,10,0,179,4244.23,727.21,1,2
2024-06-24,North,Product B,Online,SMB,4445.88,23,9,7,9,0,116,2707.45,350.31,1,1
2024-06-24,North,Product B,Retail Partner,Enterprise,4811.92,25,7,6,7,0,125,2930.64,237.76,1,1
2024-06-24,North,Product B,Retail Partner,SMB,3515.97,18,7,5,7,0,80,2122.24,191.67,0,1
2024-06-24,North,Product C,Online,Enterprise,10899.53,26,7,6,7,0,126,6617.2,1035.15,0,1
2024-06-24,North,Product C,Online,SMB,8106.75,19,7,6,7,0,84,4959.32,761.4,0,1
2024-06-24,North,Product C,Retail Partner,Enterprise,7917.77,19,5,4,5,0,92,4924.29,383.0,0,1
2024-06-24,North,Product C,Retail Partner,SMB,5264.72,12,5,4,5,0,60,3209.89,291.84,0,1
2024-06-24,South,Product A,Online,Enterprise,9990.84,37,10,8,10,0,186,5412.45,904.97,1,1
2024-06-24,South,Product A,Online,SMB,7587.86,27,10,8,10,0,120,4128.79,671.37,1,1
2024-06-24,South,Product A,Retail Partner,Enterprise,8500.04,30,9,7,9,0,135,4619.62,382.3,1,1
2024-06-24,South,Product A,Retail Partner,SMB,5502.31,20,8,6,8,0,96,2950.24,277.08,0,1
2024-06-24,South,Product B,Online,Enterprise,5729.72,29,8,7,8,0,150,3431.84,569.48,0,1
2024-06-24,South,Product B,Online,SMB,3460.12,18,7,5,7,0,93,2165.34,308.2,1,1
2024-06-24,South,Product B,Retail Partner,Enterprise,4336.19,22,6,5,6,0,97,2610.15,201.34,0,1
2024-06-24,South,Product B,Retail Partner,SMB,2434.63,12,5,4,5,0,67,1480.27,120.73,0,1
2024-06-24,South,Product C,Online,Enterprise,9060.94,21,6,5,6,0,108,5575.65,800.61,0,1
2024-06-24,South,Product C,Online,SMB,6182.07,15,6,5,6,0,69,3804.01,588.49,0,1
2024-06-24,South,Product C,Retail Partner,Enterprise,6583.31,16,4,4,4,0,76,3957.43,356.64,0,1
2024-06-24,South,Product C,Retail Partner,SMB,4058.43,10,4,3,4,0,53,2467.16,237.65,0,0
2024-06-24,East,Product A,Online,Enterprise,9690.36,34,10,8,10,0,161,5125.09,885.59,1,1
2024-06-24,East,Product A,Online,SMB,6241.73,22,9,6,9,0,116,3414.13,629.47,1,1
2024-06-24,East,Product A,Retail Partner,Enterprise,7192.22,26,7,6,7,0,118,3941.91,367.78,0,1
2024-06-24,East,Product A,Retail Partner,SMB,5038.82,18,7,5,7,0,73,2735.53,244.26,0,1
2024-06-24,East,Product B,Online,Enterprise,4969.25,26,7,6,7,0,122,3029.66,479.83,0,1
2024-06-24,East,Product B,Online,SMB,3459.42,18,7,6,7,0,85,2122.97,317.32,0,1
2024-06-24,East,Product B,Retail Partner,Enterprise,3767.75,19,6,4,6,0,87,2285.29,180.87,0,1
2024-06-24,East,Product B,Retail Partner,SMB,2316.06,12,5,4,5,0,52,1410.17,123.5,0,1
2024-06-24,East,Product C,Online,Enterprise,7954.15,19,5,4,5,0,98,4881.49,721.84,0,1
2024-06-24,East,Product C,Online,SMB,5300.14,13,5,4,5,0,61,3274.85,539.42,0,1
2024-06-24,East,Product C,Retail Partner,Enterprise,5921.86,14,4,3,4,0,64,3601.26,317.74,0,1
2024-06-24,East,Product C,Retail Partner,SMB,4022.97,9,4,3,4,0,45,2438.32,201.2,0,1
2024-06-24,West,Product A,Online,Enterprise,12737.94,46,13,10,13,0,227,6920.08,1191.69,1,2
2024-06-24,West,Product A,Online,SMB,7693.19,28,11,8,11,1,137,4138.45,654.92,1,2
2024-06-24,West,Product A,Retail Partner,Enterprise,7673.93,28,8,6,8,0,166,4235.26,419.49,1,1
2024-06-24,West,Product A,Retail Partner,SMB,5898.09,21,8,6,8,0,110,3211.2,302.35,0,1
2024-06-24,West,Product B,Online,Enterprise,6208.41,32,9,7,9,0,153,3761.62,579.14,1,1
2024-06-24,West,Product B,Online,SMB,4145.17,21,8,6,8,0,98,2542.74,336.68,1,1
2024-06-24,West,Product B,Retail Partner,Enterprise,4453.11,23,7,5,7,0,119,2716.93,253.42,0,1
2024-06-24,West,Product B,Retail Partner,SMB,3005.79,15,6,5,6,0,77,1782.12,142.57,0,1
2024-06-24,West,Product C,Online,Enterprise,11935.78,28,8,6,8,0,117,7285.99,1043.53,1,1
2024-06-24,West,Product C,Online,SMB,7176.59,17,7,5,7,0,77,4443.77,727.79,0,1
2024-06-24,West,Product C,Retail Partner,Enterprise,7377.19,18,5,4,5,0,86,4632.54,370.04,0,1
2024-06-24,West,Product C,Retail Partner,SMB,5231.76,13,5,4,5,0,58,3303.23,242.56,0,1
2024-07-01,North,Product A,Online,Enterprise,15109.82,55,16,13,16,0,242,8212.54,1316.91,1,2
2024-07-01,North,Product A,Online,SMB,8564.36,31,12,9,12,1,147,4649.15,828.81,1,2
2024-07-01,North,Product A,Retail Partner,Enterprise,9626.15,35,10,8,10,0,174,5371.15,433.43,0,2
2024-07-01,North,Product A,Retail Partner,SMB,5795.57,21,8,6,8,0,105,3234.6,287.39,1,1
2024-07-01,North,Product B,Online,Enterprise,7154.39,36,10,8,10,0,162,4309.04,731.71,1,2
2024-07-01,North,Product B,Online,SMB,5394.44,28,11,8,11,0,105,3227.69,509.74,1,2
2024-07-01,North,Product B,Retail Partner,Enterprise,4925.91,25,7,6,7,0,118,3019.41,235.96,0,1
2024-07-01,North,Product B,Retail Partner,SMB,2978.78,15,6,5,6,0,77,1818.42,152.87,1,1
2024-07-01,North,Product C,Online,Enterprise,10849.57,25,7,6,7,0,131,6602.18,1030.61,1,1
2024-07-01,North,Product C,Online,SMB,7129.83,17,7,5,7,0,89,4317.07,711.77,0,1
2024-07-01,North,Product C,Retail Partner,Enterprise,8396.92,20,6,4,6,0,89,5143.15,445.45,0,1
2024-07-01,North,Product C,Retail Partner,SMB,5444.49,13,5,4,5,0,62,3331.53,279.66,0,1
2024-07-01,South,Product A,Online,Enterprise,11290.98,41,12,9,12,1,182,6199.94,1032.64,1,2
2024-07-01,South,Product A,Online,SMB,8049.47,28,11,8,11,1,119,4379.32,764.76,1,2
2024-07-01,South,Product A,Retail Partner,Enterprise,7607.49,28,8,6,8,0,131,4102.25,398.33,0,1
2024-07-01,South,Product A,Retail Partner,SMB,5574.07,20,8,6,8,0,85,3025.92,290.12,0,1
2024-07-01,South,Product B,Online,Enterprise,6096.78,31,9,7,9,1,143,3675.42,616.21,1,1
2024-07-01,South,Product B,Online,SMB,3613.14,19,7,6,7,1,96,2217.37,341.59,0,1
2024-07-01,South,Product B,Retail Partner,Enterprise,4413.69,23,7,5,7,0,100,2683.89,224.67,0,1
2024-07-01,South,Product B,Retail Partner,SMB,2685.92,14,5,4,5,0,67,1623.64,123.48,0,1
2024-07-01,South,Product C,Online,Enterprise,9596.6,23,6,5,6,0,102,5982.31,874.46,0,1
2024-07-01,South,Product C,Online,SMB,5619.92,13,5,4,5,0,68,3416.04,533.26,0,1
2024-07-01,South,Product C,Retail Partner,Enterprise,6316.24,15,4,3,4,0,74,3912.88,331.96,0,1
2024-07-01,South,Product C,Retail Partner,SMB,4401.61,10,4,3,4,0,47,2602.33,189.95,0,1
2024-07-01,East,Product A,Online,Enterprise,10547.49,38,11,8,11,1,172,5713.5,1089.65,1,2
2024-07-01,East,Product A,Online,SMB,6064.3,22,8,7,8,0,120,3257.09,619.93,1,1
2024-07-01,East,Product A,Retail Partner,Enterprise,7668.69,28,8,6,8,0,122,4167.88,384.51,0,1
2024-07-01,East,Product A,Retail Partner,SMB,4039.61,15,6,4,6,0,83,2212.88,195.76,0,1
2024-07-01,East,Product B,Online,Enterprise,5376.18,27,8,6,8,1,134,3223.8,538.38,1,1
2024-07-01,East,Product B,Online,SMB,3430.26,18,7,5,7,0,79,2070.36,315.28,0,1
2024-07-01,East,Product B,Retail Partner,Enterprise,3550.93,18,5,4,5,0,96,2086.34,182.75,0,1
2024-07-01,East,Product B,Retail Partner,SMB,2347.01,12,4,3,4,0,59,1365.43,120.52,0,1
2024-07-01,East,Product C,Online,Enterprise,7729.34,18,5,4,5,0,93,4805.21,744.53,0,1
2024-07-01,East,Product C,Online,SMB,5364.94,13,5,4,5,0,62,3257.06,484.84,0,1
2024-07-01,East,Product C,Retail Partner,Enterprise,5589.28,13,4,3,4,0,63,3377.55,311.39,0,0
2024-07-01,East,Product C,Retail Partner,SMB,3679.33,9,3,2,3,0,43,2235.88,183.7,0,0
2024-07-01,West,Product A,Online,Enterprise,11772.65,43,12,10,12,0,220,6560.63,1017.7,1,1
2024-07-01,West,Product A,Online,SMB,8624.61,31,12,9,12,1,136,4733.3,708.56,1,2
2024-07-01,West,Product A,Retail Partner,Enterprise,8844.48,32,9,7,9,0,153,4848.36,418.93,1,1
2024-07-01,West,Product A,Retail Partner,SMB,6365.92,23,9,7,9,0,107,3528.87,412.08,1,1
2024-07-01,West,Product B,Online,Enterprise,5906.89,30,8,7,8,0,167,3540.94,635.42,0,1
2024-07-01,West,Product B,Online,SMB,4793.71,25,9,7,9,0,101,2866.86,426.51,1,1
2024-07-01,West,Product B,Retail Partner,Enterprise,4220.98,22,6,5,6,0,116,2624.9,248.32,0,1
2024-07-01,West,Product B,Retail Partner,SMB,3176.99,16,6,5,6,0,78,1922.76,173.82,1,1
2024-07-01,West,Product C,Online,Enterprise,10548.77,25,7,6,7,0,127,6425.82,953.2,0,1
2024-07-01,West,Product C,Online,SMB,6479.43,15,6,4,6,0,79,3996.92,640.09,0,1
2024-07-01,West,Product C,Retail Partner,Enterprise,7602.34,18,5,4,5,0,86,4708.19,379.43,0,1
2024-07-01,West,Product C,Retail Partner,SMB,4910.44,12,5,4,5,0,57,3051.98,254.53,0,1
2024-07-08,North,Product A,Online,Enterprise,11534.34,41,12,10,12,0,256,6226.62,1141.91,1,2
2024-07-08,North,Product A,Online,SMB,8736.41,31,12,9,12,0,138,4707.97,805.41,1,2
2024-07-08,North,Product A,Retail Partner,Enterprise,10323.21,37,11,8,11,0,164,5567.11,537.78,1,2
2024-07-08,North,Product A,Retail Partner,SMB,6855.02,24,9,7,9,0,101,3594.66,361.61,0,1
2024-07-08,North,Product B,Online,Enterprise,6890.42,35,10,8,10,0,176,4079.66,669.62,1,1
2024-07-08,North,Product B,Online,SMB,4478.42,23,9,7,9,0,129,2694.24,439.03,1,1
2024-07-08,North,Product B,Retail Partner,Enterprise,5519.65,28,8,7,8,0,129,3338.97,275.66,1,2
2024-07-08,North,Product B,Retail Partner,SMB,3593.12,18,7,6,7,0,86,2170.72,168.44,0,1
2024-07-08,North,Product C,Online,Enterprise,11075.44,26,7,6,7,0,120,6888.66,1035.81,0,1
2024-07-08,North,Product C,Online,SMB,7322.42,17,7,6,7,0,85,4526.4,752.0,0,1
2024-07-08,North,Product C,Retail Partner,Enterprise,7486.33,18,5,4,5,0,90,4579.71,409.23,0,1
2024-07-08,North,Product C,Retail Partner,SMB,5254.11,13,5,4,5,0,57,3331.98,255.71,0,1
2024-07-08,South,Product A,Online,Enterprise,10868.66,39,11,8,11,1,188,5852.93,933.54,1,1
2024-07-08,South,Product A,Online,SMB,7065.01,26,10,8,10,0,117,3882.71,681.51,1,1
2024-07-08,South,Product A,Retail Partner,Enterprise,8242.3,30,9,7,9,0,136,4542.22,479.89,1,2
2024-07-08,South,Product A,Retail Partner,SMB,4939.71,18,7,5,7,0,94,2690.83,218.32,0,1
2024-07-08,South,Product B,Online,Enterprise,6109.07,32,9,7,9,0,151,3723.35,535.36,0,1
2024-07-08,South,Product B,Online,SMB,3972.12,20,8,6,8,1,87,2387.67,361.88,0,1
2024-07-08,South,Product B,Retail Partner,Enterprise,4017.89,20,6,5,6,0,100,2406.19,185.08,0,1
2024-07-08,South,Product B,Retail Partner,SMB,2571.85,13,5,4,5,0,65,1591.13,127.58,0,1
2024-07-08,South,Product C,Online,Enterprise,7988.84,19,5,4,5,0,107,5048.31,852.64,1,1
2024-07-08,South,Product C,Online,SMB,6888.95,16,6,5,6,0,67,4168.45,559.92,0,1
2024-07-08,South,Product C,Retail Partner,Enterprise,7079.73,17,5,4,5,0,74,4404.54,356.0,0,1
2024-07-08,South,Product C,Retail Partner,SMB,4542.2,11,4,3,4,0,53,2782.15,239.46,0,1
2024-07-08,East,Product A,Online,Enterprise,9356.09,34,10,8,10,0,156,5150.25,923.2,1,1
2024-07-08,East,Product A,Online,SMB,6391.87,23,9,7,9,0,113,3505.25,634.85,1,1
2024-07-08,East,Product A,Retail Partner,Enterprise,6498.09,23,7,5,7,0,119,3531.69,344.75,0,1
2024-07-08,East,Product A,Retail Partner,SMB,4331.3,15,6,5,6,0,77,2310.54,212.39,0,1
2024-07-08,East,Product B,Online,Enterprise,4671.92,24,7,5,7,0,131,2878.39,464.13,1,1
2024-07-08,East,Product B,Online,SMB,3131.32,16,6,5,6,0,76,1927.86,297.74,0,1
2024-07-08,East,Product B,Retail Partner,Enterprise,3508.04,18,5,4,5,0,92,2151.3,167.37,0,1
2024-07-08,East,Product B,Retail Partner,SMB,2667.5,14,5,4,5,0,69,1590.05,139.02,0,1
2024-07-08,East,Product C,Online,Enterprise,7888.11,18,5,4,5,0,90,4804.72,741.28,0,1
2024-07-08,East,Product C,Online,SMB,5242.2,12,5,4,5,0,61,3258.5,545.2,0,1
2024-07-08,East,Product C,Retail Partner,Enterprise,5218.33,12,4,3,4,0,67,3250.62,257.37,0,0
2024-07-08,East,Product C,Retail Partner,SMB,3722.63,9,3,3,3,0,43,2249.94,192.62,0,0
2024-07-08,West,Product A,Online,Enterprise,12465.35,45,13,10,13,0,221,6913.39,1132.52,1,2
2024-07-08,West,Product A,Online,SMB,8657.28,31,12,9,12,1,138,4658.27,847.35,1,2
2024-07-08,West,Product A,Retail Partner,Enterprise,9539.5,34,10,7,10,1,147,5060.7,532.06,1,2
2024-07-08,West,Product A,Retail Partner,SMB,5961.74,21,8,7,8,0,101,3168.52,283.99,1,1
2024-07-08,West,Product B,Online,Enterprise,7002.09,35,10,8,10,0,165,4164.32,662.65,1,1
2024-07-08,West,Product B,Online,SMB,4187.77,21,8,7,8,0,102,2439.79,446.35,0,1
2024-07-08,West,Product B,Retail Partner,Enterprise,5004.9,25,7,6,7,0,120,2951.48,267.39,1,1
2024-07-08,West,Product B,Retail Partner,SMB,3158.31,17,6,5,6,0,75,1996.25,174.02,0,1
2024-07-08,West,Product C,Online,Enterprise,10654.37,26,7,6,7,0,119,6651.03,933.49,1,1
2024-07-08,West,Product C,Online,SMB,6986.92,16,6,5,6,0,83,4232.29,581.21,0,1
2024-07-08,West,Product C,Retail Partner,Enterprise,8440.84,20,6,4,6,0,87,5169.96,393.06,0,1
2024-07-08,West,Product C,Retail Partner,SMB,4451.69,11,4,3,4,0,51,2756.86,263.43,0,1
2024-07-15,North,Product A,Online,Enterprise,14127.15,50,14,12,14,1,237,7432.03,1259.16,1,3
2024-07-15,North,Product A,Online,SMB,8031.66,29,11,9,11,1,149,4391.78,685.06,0,1
2024-07-15,North,Product A,Retail Partner,Enterprise,9520.45,35,10,8,10,0,157,5313.61,551.67,0,2
2024-07-15,North,Product A,Retail Partner,SMB,6465.02,23,9,7,9,0,121,3474.32,426.28,1,2
2024-07-15,North,Product B,Online,Enterprise,7605.11,39,11,9,11,0,182,4697.27,871.81,1,1
2024-07-15,North,Product B,Online,SMB,4439.55,23,9,7,9,1,109,2633.35,430.42,1,1
2024-07-15,North,Product B,Retail Partner,Enterprise,4937.09,26,7,6,7,0,139,3039.09,257.9,1,1
2024-07-15,North,Product B,Retail Partner,SMB,3187.41,16,6,5,6,0,89,1936.19,148.97,0,1
2024-07-15,North,Product C,Online,Enterprise,10671.84,25,7,6,7,0,133,6604.5,975.39,0,1
2024-07-15,North,Product C,Online,SMB,7736.05,18,7,5,7,0,85,4778.57,626.41,0,1
2024-07-15,North,Product C,Retail Partner,Enterprise,7497.35,18,5,4,5,0,94,4721.04,362.69,0,1
2024-07-15,North,Product C,Retail Partner,SMB,5046.18,12,5,4,5,0,62,3078.29,241.64,0,1
2024-07-15,South,Product A,Online,Enterprise,11414.35,42,12,9,12,0,203,6362.0,1011.38,1,2
2024-07-15,South,Product A,Online,SMB,7205.88,27,10,8,10,0,119,4022.91,646.96,1,2
2024-07-15,South,Product A,Retail Partner,Enterprise,7899.72,29,8,6,8,0,127,4475.91,370.47,1,2
2024-07-15,South,Product A,Retail Partner,SMB,5101.74,19,7,6,7,0,90,2828.75,230.66,0,1
2024-07-15,South,Product B,Online,Enterprise,5643.96,29,8,6,8,0,148,3471.81,581.15,1,1
2024-07-15,South,Product B,Online,SMB,4007.77,21,8,6,8,0,108,2451.17,407.99,0,1
2024-07-15,South,Product B,Retail Partner,Enterprise,4145.18,21,6,5,6,0,109,2475.82,192.74,0,1
2024-07-15,South,Product B,Retail Partner,SMB,3078.91,16,6,5,6,0,73,1915.27,188.13,0,1
2024-07-15,South,Product C,Online,Enterprise,8493.92,21,6,4,6,0,113,5427.83,777.24,0,1
2024-07-15,South,Product C,Online,SMB,5767.53,13,5,4,5,0,66,3496.8,504.39,0,0
2024-07-15,South,Product C,Retail Partner,Enterprise,6214.21,15,4,3,4,0,77,3840.61,319.09,0,1
2024-07-15,South,Product C,Retail Partner,SMB,4263.14,10,4,3,4,0,48,2660.29,253.67,0,1
2024-07-15,East,Product A,Online,Enterprise,9250.83,34,10,7,10,0,169,5094.57,987.53,1,2
2024-07-15,East,Product A,Online,SMB,6685.35,24,9,7,9,0,110,3570.7,658.68,1,1
2024-07-15,East,Product A,Retail Partner,Enterprise,7482.32,28,8,6,8,0,125,4190.77,394.79,1,1
2024-07-15,East,Product A,Retail Partner,SMB,4456.99,16,6,5,6,0,76,2339.46,237.56,0,1
2024-07-15,East,Product B,Online,Enterprise,4761.56,24,7,6,7,0,129,2873.75,482.71,0,1
2024-07-15,East,Product B,Online,SMB,3771.14,19,7,6,7,0,82,2305.87,397.21,0,1
2024-07-15,East,Product B,Retail Partner,Enterprise,3285.4,17,5,4,5,0,92,2068.14,170.63,0,1
2024-07-15,East,Product B,Retail Partner,SMB,2113.87,11,4,3,4,0,61,1348.47,108.36,0,1
2024-07-15,East,Product C,Online,Enterprise,7723.46,18,5,4,5,0,86,4634.51,700.28,0,1
2024-07-15,East,Product C,Online,SMB,4967.89,12,5,4,5,0,69,3105.45,432.34,0,1
2024-07-15,East,Product C,Retail Partner,Enterprise,5956.76,14,4,3,4,0,67,3737.16,314.42,0,1
2024-07-15,East,Product C,Retail Partner,SMB,3691.76,9,3,3,3,0,42,2271.71,176.17,0,1
2024-07-15,West,Product A,Online,Enterprise,13464.19,48,14,11,14,0,211,7205.88,1455.17,1,2
2024-07-15,West,Product A,Online,SMB,8263.93,30,12,9,12,1,146,4552.91,621.89,1,1
2024-07-15,West,Product A,Retail Partner,Enterprise,9391.17,34,10,7,10,1,157,5145.8,523.69,0,1
2024-07-15,West,Product A,Retail Partner,SMB,4830.97,17,7,5,7,0,101,2581.33,235.84,1,1
2024-07-15,West,Product B,Online,Enterprise,6934.75,35,10,8,10,0,163,4223.97,572.38,1,1
2024-07-15,West,Product B,Online,SMB,4585.5,24,9,7,9,0,110,2804.0,432.87,1,1
2024-07-15,West,Product B,Retail Partner,Enterprise,4864.37,24,7,5,7,0,113,2863.6,269.53,0,1
2024-07-15,West,Product B,Retail Partner,SMB,2909.16,15,6,4,6,0,74,1782.16,152.26,0,1
2024-07-15,West,Product C,Online,Enterprise,11411.33,27,8,6,8,0,129,6934.34,970.14,1,1
2024-07-15,West,Product C,Online,SMB,6751.68,16,6,5,6,0,72,4157.25,600.78,0,1
2024-07-15,West,Product C,Retail Partner,Enterprise,7098.32,17,5,4,5,0,85,4295.44,409.8,0,1
2024-07-15,West,Product C,Retail Partner,SMB,5225.78,12,5,4,5,0,53,3272.46,229.92,0,1
2024-07-22,North,Product A,Online,Enterprise,13580.49,49,14,11,14,0,235,7419.93,1234.59,1,2
2024-07-22,North,Product A,Online,SMB,9153.56,34,13,10,13,1,144,5050.43,886.68,1,2
2024-07-22,North,Product A,Retail Partner,Enterprise,9433.51,34,10,8,10,1,174,5125.06,482.65,1,1
2024-07-22,North,Product A,Retail Partner,SMB,5944.63,21,8,6,8,0,116,3227.91,354.56,0,1
2024-07-22,North,Product B,Online,Enterprise,7774.28,40,11,9,11,1,174,4719.12,695.48,1,2
2024-07-22,North,Product B,Online,SMB,3962.12,20,8,7,8,0,106,2397.31,468.59,1,1
2024-07-22,North,Product B,Retail Partner,Enterprise,4804.36,25,7,6,7,0,126,2929.84,214.47,0,1
2024-07-22,North,Product B,Retail Partner,SMB,3171.51,16,6,5,6,0,85,1890.03,142.77,0,1
2024-07-22,North,Product C,Online,Enterprise,10047.06,24,7,5,7,0,115,6274.62,919.97,0,1
2024-07-22,North,Product C,Online,SMB,8083.63,19,7,6,7,0,87,4815.64,663.32,0,1
2024-07-22,North,Product C,Retail Partner,Enterprise,7633.28,18,5,4,5,0,95,4639.38,423.66,0,1
2024-07-22,North,Product C,Retail Partner,SMB,5312.68,12,5,4,5,0,64,3232.8,258.76,0,1
2024-07-22,South,Product A,Online,Enterprise,12070.41,42,12,10,12,1,173,6516.9,1149.78,1,2
2024-07-22,South,Product A,Online,SMB,6985.69,25,10,7,10,0,125,3858.5,642.57,1,2
2024-07-22,South,Product A,Retail Partner,Enterprise,7166.22,26,7,6,7,0,141,3948.66,387.32,0,1
2024-07-22,South,Product A,Retail Partner,SMB,5369.47,19,7,6,7,0,86,2934.03,325.06,0,1
2024-07-22,South,Product B,Online,Enterprise,6161.22,32,9,7,9,1,141,3778.96,595.05,1,2
2024-07-22,South,Product B,Online,SMB,3893.49,20,8,6,8,0,98,2286.25,365.19,1,1
2024-07-22,South,Product B,Retail Partner,Enterprise,4250.52,22,6,5,6,0,104,2473.31,230.37,0,1
2024-07-22,South,Product B,Retail Partner,SMB,2657.06,14,5,4,5,0,67,1625.37,125.62,0,1
2024-07-22,South,Product C,Online,Enterprise,10045.94,24,7,5,7,0,103,6127.8,821.89,0,1
2024-07-22,South,Product C,Online,SMB,6030.64,14,6,5,6,0,71,3745.72,584.03,0,1
2024-07-22,South,Product C,Retail Partner,Enterprise,6686.46,16,5,3,5,0,76,4220.64,326.67,0,1
2024-07-22,South,Product C,Retail Partner,SMB,4493.53,11,4,3,4,0,49,2799.16,208.38,0,0
2024-07-22,East,Product A,Online,Enterprise,9702.6,35,10,7,10,0,160,5259.33,977.1,1,1
2024-07-22,East,Product A,Online,SMB,6545.35,24,9,7,9,1,108,3603.36,510.13,1,1
2024-07-22,East,Product A,Retail Partner,Enterprise,6841.93,24,7,6,7,0,116,3631.24,366.82,0,1
2024-07-22,East,Product A,Retail Partner,SMB,4158.82,15,6,5,6,0,80,2287.28,199.02,0,1
2024-07-22,East,Product B,Online,Enterprise,4754.48,25,7,6,7,0,120,2915.89,419.48,0,1
2024-07-22,East,Product B,Online,SMB,3074.46,16,6,5,6,0,82,1854.34,305.23,0,1
2024-07-22,East,Product B,Retail Partner,Enterprise,3541.31,18,5,4,5,0,85,2124.82,162.6,0,1
2024-07-22,East,Product B,Retail Partner,SMB,2481.73,13,5,4,5,0,57,1474.3,156.57,0,1
2024-07-22,East,Product C,Online,Enterprise,8231.02,20,6,4,6,0,89,5212.48,785.33,0,1
2024-07-22,East,Product C,Online,SMB,5060.91,12,5,4,5,0,59,3107.92,481.62,0,1
2024-07-22,East,Product C,Retail Partner,Enterprise,5665.76,13,4,3,4,0,71,3529.29,280.2,0,1
2024-07-22,East,Product C,Retail Partner,SMB,3935.7,9,4,3,4,0,46,2380.83,196.17,0,1
2024-07-22,West,Product A,Online,Enterprise,11894.14,45,13,10,13,0,215,6685.03,1114.98,1,1
2024-07-22,West,Product A,Online,SMB,9107.57,33,13,10,13,0,145,4922.76,747.54,1,2
2024-07-22,West,Product A,Retail Partner,Enterprise,8387.25,30,9,6,9,0,165,4512.62,436.5,1,1
2024-07-22,West,Product A,Retail Partner,SMB,6004.41,21,8,6,8,0,109,3215.79,254.92,0,1
2024-07-22,West,Product B,Online,Enterprise,6483.18,33,9,8,9,1,143,3927.15,526.27,1,1
2024-07-22,West,Product B,Online,SMB,4039.84,21,8,6,8,0,102,2490.64,346.01,0,1
2024-07-22,West,Product B,Retail Partner,Enterprise,4313.99,22,6,5,6,0,115,2600.15,220.46,1,1
2024-07-22,West,Product B,Retail Partner,SMB,3069.44,16,6,5,6,0,76,1842.08,154.92,1,1
2024-07-22,West,Product C,Online,Enterprise,10642.93,25,7,6,7,0,126,6524.16,1023.24,0,1
2024-07-22,West,Product C,Online,SMB,7135.27,17,6,5,6,0,86,4444.4,626.8,0,1
2024-07-22,West,Product C,Retail Partner,Enterprise,7692.44,18,5,4,5,0,91,4811.54,411.02,0,1
2024-07-22,West,Product C,Retail Partner,SMB,5020.62,12,5,3,5,0,60,3020.98,261.76,0,1
2024-07-29,North,Product A,Online,Enterprise,14175.86,51,15,11,15,1,222,7815.69,1258.38,1,2
2024-07-29,North,Product A,Online,SMB,8588.99,31,12,10,12,0,149,4630.12,783.36,1,2
2024-07-29,North,Product A,Retail Partner,Enterprise,9687.15,35,10,8,10,0,166,5325.35,565.59,1,1
2024-07-29,North,Product A,Retail Partner,SMB,6220.03,22,9,7,9,0,98,3410.36,376.55,1,1
2024-07-29,North,Product B,Online,Enterprise,7425.94,38,11,9,11,1,161,4411.85,710.97,1,2
2024-07-29,North,Product B,Online,SMB,4525.11,23,9,7,9,0,101,2737.35,358.82,0,1
2024-07-29,North,Product B,Retail Partner,Enterprise,4986.54,26,7,6,7,0,116,3057.08,243.13,0,1
2024-07-29,North,Product B,Retail Partner,SMB,3622.48,18,7,6,7,0,80,2140.09,197.11,0,1
2024-07-29,North,Product C,Online,Enterprise,10881.88,25,7,6,7,0,126,6559.84,995.06,0,1
2024-07-29,North,Product C,Online,SMB,8579.23,20,8,6,8,0,79,5231.55,860.31,1,1
2024-07-29,North,Product C,Retail Partner,Enterprise,7933.98,19,5,4,5,0,93,4829.85,368.46,0,1
2024-07-29,North,Product C,Retail Partner,SMB,5353.37,13,5,4,5,0,62,3344.79,288.22,0,1
2024-07-29,South,Product A,Online,Enterprise,10817.96,40,11,8,11,0,187,6011.18,917.65,1,2
2024-07-29,South,Product A,Online,SMB,7514.26,27,10,8,10,1,123,4208.64,612.0,1,2
2024-07-29,South,Product A,Retail Partner,Enterprise,7666.57,28,8,6,8,0,124,4167.21,404.59,0,1
2024-07-29,South,Product A,Retail Partner,SMB,5426.89,20,8,6,8,0,88,3019.61,300.18,1,1
2024-07-29,South,Product B,Online,Enterprise,6014.36,31,9,7,9,0,139,3637.18,595.53,0,1
2024-07-29,South,Product B,Online,SMB,3781.24,20,8,6,8,0,98,2341.73,350.43,1,1
2024-07-29,South,Product B,Retail Partner,Enterprise,4559.96,23,7,5,7,0,101,2648.13,242.2,1,1
2024-07-29,South,Product B,Retail Partner,SMB,2716.85,14,5,4,5,0,72,1641.8,140.03,0,1
2024-07-29,South,Product C,Online,Enterprise,9469.29,22,6,5,6,0,111,5847.79,851.35,0,1
2024-07-29,South,Product C,Online,SMB,5385.77,13,5,4,5,0,70,3321.5,510.19,0,1
2024-07-29,South,Product C,Retail Partner,Enterprise,6177.76,15,4,3,4,0,84,3827.03,341.1,0,1
2024-07-29,South,Product C,Retail Partner,SMB,4168.33,10,4,3,4,0,47,2635.78,229.33,0,1
2024-07-29,East,Product A,Online,Enterprise,9003.7,32,9,7,9,0,155,4886.49,860.83,0,1
2024-07-29,East,Product A,Online,SMB,6042.95,22,8,7,8,0,117,3289.74,585.52,1,1
2024-07-29,East,Product A,Retail Partner,Enterprise,6481.23,24,7,6,7,0,122,3591.66,329.13,0,1
2024-07-29,East,Product A,Retail Partner,SMB,4482.55,16,6,5,6,0,85,2443.74,242.87,0,1
2024-07-29,East,Product B,Online,Enterprise,5191.6,26,8,6,8,0,128,3086.13,549.61,0,1
2024-07-29,East,Product B,Online,SMB,3426.64,17,7,5,7,0,78,2023.48,338.14,0,1
2024-07-29,East,Product B,Retail Partner,Enterprise,3603.02,18,5,4,5,0,87,2122.79,201.84,0,1
2024-07-29,East,Product B,Retail Partner,SMB,2518.28,13,5,4,5,0,57,1517.2,115.13,0,1
2024-07-29,East,Product C,Online,Enterprise,9522.61,22,6,5,6,0,95,5880.35,831.42,1,1
2024-07-29,East,Product C,Online,SMB,5262.74,12,5,3,5,0,59,3214.97,500.92,0,1
2024-07-29,East,Product C,Retail Partner,Enterprise,5500.52,13,4,3,4,0,70,3389.93,271.78,0,1
2024-07-29,East,Product C,Retail Partner,SMB,3701.18,9,3,3,3,0,41,2243.38,174.01,0,0
2024-07-29,West,Product A,Online,Enterprise,11704.53,44,12,9,12,1,219,6648.74,1184.97,1,2
2024-07-29,West,Product A,Online,SMB,7585.64,27,11,8,11,1,141,4110.37,633.04,1,1
2024-07-29,West,Product A,Retail Partner,Enterprise,8890.19,32,9,7,9,0,156,4836.2,444.98,0,1
2024-07-29,West,Product A,Retail Partner,SMB,5666.09,20,8,6,8,0,98,3013.97,297.84,0,1
2024-07-29,West,Product B,Online,Enterprise,7219.28,37,10,8,10,1,144,4314.61,631.3,1,2
2024-07-29,West,Product B,Online,SMB,4183.13,21,8,6,8,0,114,2488.77,354.87,0,1
2024-07-29,West,Product B,Retail Partner,Enterprise,4435.53,23,7,5,7,0,122,2766.39,235.9,0,1
2024-07-29,West,Product B,Retail Partner,SMB,2819.56,14,6,4,6,0,78,1742.08,146.94,0,1
2024-07-29,West,Product C,Online,Enterprise,11519.19,27,8,6,8,0,123,7114.77,1104.8,0,1
2024-07-29,West,Product C,Online,SMB,7332.91,18,7,5,7,0,75,4535.47,681.97,1,1
2024-07-29,West,Product C,Retail Partner,Enterprise,7881.06,19,5,4,5,0,88,4770.96,383.44,0,1
2024-07-29,West,Product C,Retail Partner,SMB,5641.05,13,5,4,5,0,57,3407.42,318.54,0,1
2024-08-05,North,Product A,Online,Enterprise,13618.69,49,14,11,14,1,232,7467.9,1299.82,1,2
2024-08-05,North,Product A,Online,SMB,8929.28,32,12,9,12,0,153,4789.17,861.39,1,2
2024-08-05,North,Product A,Retail Partner,Enterprise,8884.1,33,9,7,9,0,164,4958.66,532.49,0,1
2024-08-05,North,Product A,Retail Partner,SMB,5587.59,20,8,6,8,1,111,3084.9,286.43,0,1
2024-08-05,North,Product B,Online,Enterprise,6632.06,34,10,7,10,0,170,3970.87,663.7,0,1
2024-08-05,North,Product B,Online,SMB,4908.29,25,10,7,10,0,119,2989.52,487.42,1,1
2024-08-05,North,Product B,Retail Partner,Enterprise,5107.38,26,7,6,7,0,126,3162.35,250.18,0,1
2024-08-05,North,Product B,Retail Partner,SMB,3322.27,17,7,5,7,0,89,1994.45,184.37,0,1
2024-08-05,North,Product C,Online,Enterprise,10742.18,26,7,6,7,0,129,6705.9,1226.82,0,1
2024-08-05,North,Product C,Online,SMB,7648.22,18,7,5,7,0,86,4719.57,716.58,1,1
2024-08-05,North,Product C,Retail Partner,Enterprise,8978.1,21,6,5,6,0,96,5425.25,520.24,0,1
2024-08-05,North,Product C,Retail Partner,SMB,5491.19,13,5,4,5,0,64,3274.09,284.23,0,1
2024-08-05,South,Product A,Online,Enterprise,11308.37,40,11,9,11,0,194,6010.41,1044.03,1,2
2024-08-05,South,Product A,Online,SMB,7714.48,28,11,8,11,1,126,4272.45,770.75,1,2
2024-08-05,South,Product A,Retail Partner,Enterprise,7333.58,26,8,6,8,0,130,3998.23,378.98,1,1
2024-08-05,South,Product A,Retail Partner,SMB,5064.47,19,7,6,7,0,88,2811.18,281.98,0,1
2024-08-05,South,Product B,Online,Enterprise,5884.88,30,8,6,8,0,139,3502.41,519.27,1,1
2024-08-05,South,Product B,Online,SMB,3676.7,19,7,6,7,0,89,2233.83,364.34,0,1
2024-08-05,South,Product B,Retail Partner,Enterprise,4062.07,21,6,5,6,0,101,2484.73,192.92,0,1
2024-08-05,South,Product B,Retail Partner,SMB,2643.88,14,5,4,5,0,69,1625.75,113.72,0,1
2024-08-05,South,Product C,Online,Enterprise,9603.19,23,7,5,7,0,106,6015.11,968.95,0,1
2024-08-05,South,Product C,Online,SMB,5944.87,14,5,4,5,0,68,3590.2,476.47,0,1
2024-08-05,South,Product C,Retail Partner,Enterprise,7550.93,17,5,4,5,0,73,4492.61,377.26,0,1
2024-08-05,South,Product C,Retail Partner,SMB,4102.16,10,4,3,4,0,51,2484.88,237.66,0,0
2024-08-05,East,Product A,Online,Enterprise,9906.06,35,10,7,10,0,172,5331.65,975.25,1,1
2024-08-05,East,Product A,Online,SMB,6533.24,24,9,7,9,0,113,3595.28,596.87,1,1
2024-08-05,East,Product A,Retail Partner,Enterprise,6397.76,23,7,5,7,0,112,3498.61,349.72,0,1
2024-08-05,East,Product A,Retail Partner,SMB,4438.16,16,6,5,6,0,83,2350.06,250.64,0,1
2024-08-05,East,Product B,Online,Enterprise,4383.06,23,6,5,6,0,128,2681.51,383.52,0,1
2024-08-05,East,Product B,Online,SMB,3220.93,16,6,5,6,0,79,1942.66,327.95,0,1
2024-08-05,East,Product B,Retail Partner,Enterprise,3126.72,16,5,3,5,0,89,1849.95,146.57,0,1
2024-08-05,East,Product B,Retail Partner,SMB,2372.08,12,5,4,5,0,57,1395.66,115.34,0,1
2024-08-05,East,Product C,Online,Enterprise,7999.26,19,5,4,5,0,91,4920.55,753.25,0,1
2024-08-05,East,Product C,Online,SMB,4758.39,11,4,3,4,0,67,2848.65,381.98,0,1
2024-08-05,East,Product C,Retail Partner,Enterprise,5561.75,13,4,3,4,0,64,3397.75,267.99,0,1
2024-08-05,East,Product C,Retail Partner,SMB,3962.5,9,4,3,4,0,41,2403.2,237.25,0,1
2024-08-05,West,Product A,Online,Enterprise,12338.71,44,13,10,13,1,219,6644.15,1098.75,1,2
2024-08-05,West,Product A,Online,SMB,8237.64,29,11,9,11,0,141,4486.32,821.71,1,2
2024-08-05,West,Product A,Retail Partner,Enterprise,8744.78,32,9,7,9,0,157,4842.78,530.54,0,1
2024-08-05,West,Product A,Retail Partner,SMB,5743.34,21,8,6,8,0,106,3124.39,289.29,1,1
2024-08-05,West,Product B,Online,Enterprise,6873.37,35,10,8,10,1,147,4117.25,751.23,1,2
2024-08-05,West,Product B,Online,SMB,4300.43,22,9,7,9,0,112,2627.32,375.85,0,1
2024-08-05,West,Product B,Retail Partner,Enterprise,4283.41,22,6,5,6,0,120,2593.0,189.95,0,1
2024-08-05,West,Product B,Retail Partner,SMB,3257.91,17,6,5,6,0,77,1971.61,159.91,0,1
2024-08-05,West,Product C,Online,Enterprise,11189.18,27,8,6,8,0,123,6921.23,1052.16,0,1
2024-08-05,West,Product C,Online,SMB,7060.34,16,6,5,6,0,78,4247.11,794.35,0,1
2024-08-05,West,Product C,Retail Partner,Enterprise,7216.26,17,5,4,5,0,92,4422.68,338.86,0,1
2024-08-05,West,Product C,Retail Partner,SMB,5676.35,13,5,4,5,0,58,3505.73,347.9,0,1
2024-08-12,North,Product A,Online,Enterprise,12852.35,47,13,11,13,1,230,7126.38,1266.35,1,1
2024-08-12,North,Product A,Online,SMB,8721.59,32,12,9,12,0,156,4705.02,749.97,1,2
2024-08-12,North,Product A,Retail Partner,Enterprise,9941.96,36,10,8,10,0,161,5386.64,548.47,1,1
2024-08-12,North,Product A,Retail Partner,SMB,5965.6,21,8,6,8,0,116,3280.33,284.98,0,1
2024-08-12,North,Product B,Online,Enterprise,7476.3,38,11,8,11,0,169,4497.12,683.39,1,2
2024-08-12,North,Product B,Online,SMB,4638.61,24,9,7,9,0,115,2880.01,447.29,0,1
2024-08-12,North,Product B,Retail Partner,Enterprise,5146.74,27,8,6,8,0,131,3107.92,244.82,0,1
2024-08-12,North,Product B,Retail Partner,SMB,3120.39,16,6,5,6,0,84,1927.95,182.29,1,1
2024-08-12,North,Product C,Online,Enterprise,11137.92,26,7,6,7,0,131,6724.26,978.63,1,1
2024-08-12,North,Product C,Online,SMB,8537.63,20,8,6,8,0,83,5120.85,695.22,1,1
2024-08-12,North,Product C,Retail Partner,Enterprise,8242.85,19,6,4,6,0,94,4999.5,456.27,0,1
2024-08-12,North,Product C,Retail Partner,SMB,5460.07,13,5,4,5,0,62,3407.4,289.17,0,1
2024-08-12,South,Product A,Online,Enterprise,10622.84,39,11,9,11,0,180,5907.81,1000.08,1,2
2024-08-12,South,Product A,Online,SMB,7807.13,28,11,9,11,1,130,4300.97,686.56,1,1
2024-08-12,South,Product A,Retail Partner,Enterprise,7373.04,26,8,6,8,0,147,3932.74,390.25,1,1
2024-08-12,South,Product A,Retail Partner,SMB,4523.47,16,6,5,6,0,87,2470.77,263.7,0,1
2024-08-12,South,Product B,Online,Enterprise,5817.82,30,8,7,8,0,131,3487.3,491.34,0,1
2024-08-12,South,Product B,Online,SMB,3666.96,19,7,6,7,0,108,2237.4,307.82,1,1
2024-08-12,South,Product B,Retail Partner,Enterprise,3812.12,20,6,5,6,0,105,2286.53,204.97,0,1
2024-08-12,South,Product B,Retail Partner,SMB,2771.99,14,6,4,6,0,64,1689.16,131.87,0,1
2024-08-12,South,Product C,Online,Enterprise,9653.17,23,7,5,7,0,101,6003.79,820.7,0,1
2024-08-12,South,Product C,Online,SMB,6243.02,15,6,5,6,0,66,3859.63,511.61,0,1
2024-08-12,South,Product C,Retail Partner,Enterprise,6192.45,15,4,3,4,0,76,3837.41,315.06,0,1
2024-08-12,South,Product C,Retail Partner,SMB,4389.04,10,4,3,4,0,49,2715.07,234.27,0,0
2024-08-12,East,Product A,Online,Enterprise,9894.65,36,10,8,10,1,155,5378.1,1042.78,1,1
2024-08-12,East,Product A,Online,SMB,6502.88,24,9,7,9,1,109,3608.54,640.07,1,1
2024-08-12,East,Product A,Retail Partner,Enterprise,6602.11,23,7,5,7,0,111,3501.96,329.69,1,1
2024-08-12,East,Product A,Retail Partner,SMB,4574.28,16,6,5,6,0,79,2432.14,218.53,0,1
2024-08-12,East,Product B,Online,Enterprise,4384.15,23,7,5,7,0,120,2721.5,435.5,0,1
2024-08-12,East,Product B,Online,SMB,3013.51,16,6,5,6,0,82,1819.07,335.84,0,1
2024-08-12,East,Product B,Retail Partner,Enterprise,3577.05,19,5,4,5,0,92,2233.41,194.44,0,1
2024-08-12,East,Product B,Retail Partner,SMB,2325.88,12,5,4,5,0,56,1404.42,154.07,0,1
2024-08-12,East,Product C,Online,Enterprise,8350.57,20,6,4,6,0,94,5109.61,757.31,0,1
2024-08-12,East,Product C,Online,SMB,5879.79,14,5,4,5,0,63,3594.39,630.47,0,1
2024-08-12,East,Product C,Retail Partner,Enterprise,5717.91,13,4,3,4,0,69,3461.62,317.77,0,1
2024-08-12,East,Product C,Retail Partner,SMB,4147.04,10,4,3,4,0,44,2468.36,244.93,0,1
2024-08-12,West,Product A,Online,Enterprise,11530.22,43,12,9,12,1,196,6455.33,910.34,1,2
2024-08-12,West,Product A,Online,SMB,8158.31,30,12,10,12,0,147,4583.05,720.52,1,2
2024-08-12,West,Product A,Retail Partner,Enterprise,9510.99,34,10,8,10,0,174,5158.88,487.55,1,1
2024-08-12,West,Product A,Retail Partner,SMB,4898.07,18,7,5,7,0,111,2698.53,249.97,0,1
2024-08-12,West,Product B,Online,Enterprise,6319.47,32,9,7,9,0,154,3833.47,534.92,1,1
2024-08-12,West,Product B,Online,SMB,4388.63,22,9,7,9,1,106,2626.58,379.15,0,1
2024-08-12,West,Product B,Retail Partner,Enterprise,5136.29,26,7,6,7,0,110,3124.36,254.29,1,1
2024-08-12,West,Product B,Retail Partner,SMB,3158.36,16,6,5,6,0,75,1927.35,159.86,0,1
2024-08-12,West,Product C,Online,Enterprise,10909.78,25,7,6,7,0,131,6540.14,1025.33,0,1
2024-08-12,West,Product C,Online,SMB,7102.55,17,6,5,6,0,74,4312.35,635.07,0,1
2024-08-12,West,Product C,Retail Partner,Enterprise,7851.96,18,5,4,5,0,90,4704.91,367.98,0,1
2024-08-12,West,Product C,Retail Partner,SMB,4691.18,11,4,3,4,0,51,2942.17,238.07,0,1
2024-08-19,North,Product A,Online,Enterprise,14398.91,51,15,12,15,1,232,7700.25,1284.96,1,2
2024-08-19,North,Product A,Online,SMB,8808.91,33,13,9,13,1,153,4868.27,922.8,1,2
2024-08-19,North,Product A,Retail Partner,Enterprise,8760.51,32,9,7,9,0,162,4719.01,389.98,1,1
2024-08-19,North,Product A,Retail Partner,SMB,6698.49,24,9,7,9,1,110,3620.85,339.17,1,1
2024-08-19,North,Product B,Online,Enterprise,6731.5,34,10,7,10,1,153,3998.97,562.45,1,2
2024-08-19,North,Product B,Online,SMB,4929.6,25,10,7,10,0,120,2899.87,401.4,1,1
2024-08-19,North,Product B,Retail Partner,Enterprise,4763.49,25,7,6,7,0,130,2891.89,227.05,1,1
2024-08-19,North,Product B,Retail Partner,SMB,3436.14,17,7,5,7,0,78,2063.74,195.02,1,1
2024-08-19,North,Product C,Online,Enterprise,11775.65,27,8,6,8,0,132,7068.5,1152.4,0,1
2024-08-19,North,Product C,Online,SMB,7196.84,17,7,5,7,0,87,4356.4,731.25,1,1
2024-08-19,North,Product C,Retail Partner,Enterprise,8407.75,20,6,4,6,0,95,5104.47,411.48,0,1
2024-08-19,North,Product C,Retail Partner,SMB,5384.39,13,5,4,5,0,60,3245.48,267.57,0,1
2024-08-19,South,Product A,Online,Enterprise,11251.01,40,11,9,11,1,184,6108.49,973.77,1,2
2024-08-19,South,Product A,Online,SMB,7504.01,27,10,8,10,0,132,4065.84,748.71,1,2
2024-08-19,South,Product A,Retail Partner,Enterprise,7161.73,26,7,6,7,0,131,3961.06,384.37,0,1
2024-08-19,South,Product A,Retail Partner,SMB,5830.15,21,8,6,8,0,88,3163.28,303.0,1,1
2024-08-19,South,Product B,Online,Enterprise,5486.03,28,8,6,8,1,134,3272.02,516.13,1,1
2024-08-19,South,Product B,Online,SMB,3790.55,19,7,6,7,0,90,2305.79,304.02,0,1
2024-08-19,South,Product B,Retail Partner,Enterprise,4167.19,21,6,5,6,0,101,2484.5,235.58,0,1
2024-08-19,South,Product B,Retail Partner,SMB,2568.02,13,5,4,5,0,65,1517.12,134.95,0,1
2024-08-19,South,Product C,Online,Enterprise,9383.96,23,6,5,6,0,107,5915.26,814.59,0,1
2024-08-19,South,Product C,Online,SMB,7051.51,16,6,5,6,0,69,4210.48,648.66,0,1
2024-08-19,South,Product C,Retail Partner,Enterprise,6888.03,16,5,4,5,0,75,4284.15,397.29,0,1
2024-08-19,South,Product C,Retail Partner,SMB,4759.11,11,4,3,4,0,49,2920.48,233.12,0,1
2024-08-19,East,Product A,Online,Enterprise,9825.06,35,10,8,10,1,161,5347.9,946.52,1,1
2024-08-19,East,Product A,Online,SMB,6433.56,23,9,7,9,0,104,3497.79,633.97,0,1
2024-08-19,East,Product A,Retail Partner,Enterprise,7218.77,26,7,6,7,0,117,3914.0,340.58,0,1
2024-08-19,East,Product A,Retail Partner,SMB,4625.95,17,6,5,6,0,76,2498.07,229.95,0,1
2024-08-19,East,Product B,Online,Enterprise,4962.6,26,7,6,7,0,110,2987.51,444.36,1,1
2024-08-19,East,Product B,Online,SMB,3463.64,17,7,5,7,0,88,2065.89,315.62,0,1
2024-08-19,East,Product B,Retail Partner,Enterprise,3702.73,19,5,4,5,0,84,2217.74,202.57,0,1
2024-08-19,East,Product B,Retail Partner,SMB,2538.81,13,5,4,5,0,58,1542.43,133.84,0,1
2024-08-19,East,Product C,Online,Enterprise,8217.73,19,5,4,5,0,90,5096.26,852.7,0,1
2024-08-19,East,Product C,Online,SMB,5281.88,12,5,4,5,0,57,3214.12,514.78,0,1
2024-08-19,East,Product C,Retail Partner,Enterprise,5224.21,12,4,3,4,0,74,3196.96,294.77,0,0
2024-08-19,East,Product C,Retail Partner,SMB,3548.2,8,3,3,3,0,43,2156.05,187.91,0,0
2024-08-19,West,Product A,Online,Enterprise,12831.0,46,13,10,13,1,205,6995.54,1268.69,1,2
2024-08-19,West,Product A,Online,SMB,9310.61,34,13,11,13,1,142,5075.13,795.2,1,2
2024-08-19,West,Product A,Retail Partner,Enterprise,10143.29,36,10,8,10,0,166,5286.41,582.35,1,2
2024-08-19,West,Product A,Retail Partner,SMB,5899.41,21,8,7,8,0,100,3135.25,322.57,1,2
2024-08-19,West,Product B,Online,Enterprise,6094.38,31,9,6,9,0,171,3704.14,613.99,1,1
2024-08-19,West,Product B,Online,SMB,4361.79,22,9,7,9,0,112,2613.4,402.27,1,1
2024-08-19,West,Product B,Retail Partner,Enterprise,5001.04,25,7,5,7,0,117,3027.84,244.58,0,1
2024-08-19,West,Product B,Retail Partner,SMB,2891.11,15,6,4,6,0,79,1762.12,151.98,0,1
2024-08-19,West,Product C,Online,Enterprise,10464.27,25,7,6,7,0,115,6513.41,970.15,0,1
2024-08-19,West,Product C,Online,SMB,6746.6,16,6,5,6,0,81,4078.06,660.55,0,1
2024-08-19,West,Product C,Retail Partner,Enterprise,7034.81,16,5,4,5,0,86,4263.38,413.5,0,1
2024-08-19,West,Product C,Retail Partner,SMB,5121.02,12,5,3,5,0,57,3110.16,299.47,0,1
2024-08-26,North,Product A,Online,Enterprise,12271.58,44,13,10,13,1,222,6724.59,1178.14,1,2
2024-08-26,North,Product A,Online,SMB,9593.68,34,13,10,13,1,138,5105.81,866.56,1,2
2024-08-26,North,Product A,Retail Partner,Enterprise,9293.95,34,10,8,10,0,153,5099.48,534.52,1,1
2024-08-26,North,Product A,Retail Partner,SMB,6672.0,24,9,7,9,0,114,3623.98,411.08,1,2
2024-08-26,North,Product B,Online,Enterprise,7155.11,37,11,8,11,0,177,4342.3,681.96,1,1
2024-08-26,North,Product B,Online,SMB,4735.52,24,9,7,9,0,110,2861.97,453.65,0,1
2024-08-26,North,Product B,Retail Partner,Enterprise,5335.13,27,8,6,8,0,123,3097.52,254.65,1,1
2024-08-26,North,Product B,Retail Partner,SMB,3422.32,18,7,5,7,0,87,2108.17,187.96,0,1
2024-08-26,North,Product C,Online,Enterprise,10734.72,25,7,6,7,0,131,6519.04,1072.62,0,1
2024-08-26,North,Product C,Online,SMB,7723.15,18,7,5,7,0,86,4769.2,804.74,0,1
2024-08-26,North,Product C,Retail Partner,Enterprise,8143.08,19,5,4,5,0,88,4987.13,460.28,0,1
2024-08-26,North,Product C,Retail Partner,SMB,4808.71,11,4,3,4,0,59,3017.79,225.34,0,1
2024-08-26,South,Product A,Online,Enterprise,11236.1,41,12,9,12,1,192,6142.48,990.05,1,2
2024-08-26,South,Product A,Online,SMB,7365.56,27,10,8,10,1,126,4061.85,615.05,1,2
2024-08-26,South,Product A,Retail Partner,Enterprise,7421.15,27,8,6,8,0,138,4014.29,331.61,1,1
2024-08-26,South,Product A,Retail Partner,SMB,6249.83,23,9,7,9,1,95,3402.4,355.55,1,1
2024-08-26,South,Product B,Online,Enterprise,5873.54,30,8,6,8,0,129,3547.1,599.66,1,1
2024-08-26,South,Product B,Online,SMB,4008.41,21,8,6,8,0,89,2463.24,353.44,0,1
2024-08-26,South,Product B,Retail Partner,Enterprise,4032.8,21,6,5,6,0,103,2459.63,249.17,0,1
2024-08-26,South,Product B,Retail Partner,SMB,2919.99,15,6,5,6,0,66,1764.12,164.25,0,1
2024-08-26,South,Product C,Online,Enterprise,10600.79,25,7,5,7,0,104,6530.06,843.25,0,1
2024-08-26,South,Product C,Online,SMB,6581.49,15,6,4,6,0,71,3947.92,641.21,0,1
2024-08-26,South,Product C,Retail Partner,Enterprise,7041.03,16,5,4,5,0,76,4284.19,352.74,0,1
2024-08-26,South,Product C,Retail Partner,SMB,4640.16,11,4,3,4,0,45,2845.39,212.15,0,1
2024-08-26,East,Product A,Online,Enterprise,8660.31,32,9,7,9,0,167,4801.53,855.22,1,1
2024-08-26,East,Product A,Online,SMB,6674.11,24,9,7,9,0,107,3615.92,582.35,1,1
2024-08-26,East,Product A,Retail Partner,Enterprise,6593.6,24,7,6,7,0,110,3642.25,294.54,0,1
2024-08-26,East,Product A,Retail Partner,SMB,4630.89,17,7,5,7,0,78,2548.34,246.94,0,1
2024-08-26,East,Product B,Online,Enterprise,5226.22,27,8,6,8,0,126,3176.37,490.47,0,1
2024-08-26,East,Product B,Online,SMB,3323.96,17,6,5,6,0,73,1990.76,306.54,1,1
2024-08-26,East,Product B,Retail Partner,Enterprise,3693.3,19,5,4,5,0,90,2257.41,237.57,0,1
2024-08-26,East,Product B,Retail Partner,SMB,2230.34,11,4,4,4,0,53,1351.92,115.32,0,1
2024-08-26,East,Product C,Online,Enterprise,7782.81,18,5,4,5,0,94,4806.33,682.97,0,1
2024-08-26,East,Product C,Online,SMB,5143.62,12,5,4,5,0,58,3107.46,451.34,0,1
2024-08-26,East,Product C,Retail Partner,Enterprise,5906.55,14,4,3,4,0,61,3594.87,298.54,0,1
2024-08-26,East,Product C,Retail Partner,SMB,3895.55,9,4,3,4,0,43,2386.19,196.32,0,1
2024-08-26,West,Product A,Online,Enterprise,12845.71,46,13,10,13,1,221,6941.64,1284.64,1,2
2024-08-26,West,Product A,Online,SMB,8416.61,30,12,9,12,0,161,4568.7,714.22,1,1
2024-08-26,West,Product A,Retail Partner,Enterprise,8153.68,29,8,7,8,0,143,4364.21,395.82,0,1
2024-08-26,West,Product A,Retail Partner,SMB,5889.98,21,8,7,8,0,108,3223.03,294.35,0,1
2024-08-26,West,Product B,Online,Enterprise,6657.99,35,10,7,10,0,158,4103.79,638.55,1,2
2024-08-26,West,Product B,Online,SMB,4296.32,22,8,7,8,0,101,2599.81,387.61,0,1
2024-08-26,West,Product B,Retail Partner,Enterprise,4851.48,25,7,5,7,0,120,2962.21,244.77,1,1
2024-08-26,West,Product B,Retail Partner,SMB,2941.85,15,6,5,6,0,77,1736.09,138.42,0,1
2024-08-26,West,Product C,Online,Enterprise,10936.83,26,7,6,7,0,124,6673.33,971.7,0,1
2024-08-26,West,Product C,Online,SMB,6371.29,15,6,4,6,0,86,3908.13,547.69,0,1
2024-08-26,West,Product C,Retail Partner,Enterprise,8483.69,20,6,4,6,0,87,5106.85,465.27,0,1
2024-08-26,West,Product C,Retail Partner,SMB,4604.1,11,4,3,4,0,60,2770.17,217.0,0,1
2024-09-02,North,Product A,Online,Enterprise,13027.75,47,14,10,14,0,221,7118.31,1071.01,1,2
2024-09-02,North,Product A,Online,SMB,9102.45,33,13,9,13,0,147,4855.11,759.85,1,2
2024-09-02,North,Product A,Retail Partner,Enterprise,10450.19,38,11,8,11,0,172,5595.63,544.42,1,1
2024-09-02,North,Product A,Retail Partner,SMB,6256.39,23,9,7,9,0,120,3491.18,268.95,1,1
2024-09-02,North,Product B,Online,Enterprise,6605.17,34,10,7,10,0,173,4028.25,622.83,1,1
2024-09-02,North,Product B,Online,SMB,4722.9,24,9,7,9,1,112,2721.63,419.11,0,1
2024-09-02,North,Product B,Retail Partner,Enterprise,5133.58,26,7,6,7,0,123,3082.31,303.85,1,1
2024-09-02,North,Product B,Retail Partner,SMB,3136.42,16,6,5,6,0,84,1917.06,171.19,0,1
2024-09-02,North,Product C,Online,Enterprise,11668.12,27,8,6,8,0,134,7067.78,990.05,1,1
2024-09-02,North,Product C,Online,SMB,7028.11,17,6,5,6,0,87,4376.89,735.03,0,1
2024-09-02,North,Product C,Retail Partner,Enterprise,7323.48,17,5,4,5,0,92,4498.5,429.61,0,1
2024-09-02,North,Product C,Retail Partner,SMB,5530.61,13,5,4,5,0,56,3364.65,285.94,0,1
2024-09-02,South,Product A,Online,Enterprise,10709.86,39,11,9,11,0,181,5953.58,1053.54,1,2
2024-09-02,South,Product A,Online,SMB,6811.56,25,10,7,10,0,139,3740.52,666.03,0,2
2024-09-02,South,Product A,Retail Partner,Enterprise,8322.68,30,9,6,9,0,144,4451.54,453.98,1,1
2024-09-02,South,Product A,Retail Partner,SMB,5200.52,19,7,6,7,0,88,2900.02,247.43,1,1
2024-09-02,South,Product B,Online,Enterprise,5880.52,30,9,7,9,1,144,3544.01,538.67,0,1
2024-09-02,South,Product B,Online,SMB,3959.53,20,8,6,8,0,91,2361.24,379.76,1,1
2024-09-02,South,Product B,Retail Partner,Enterprise,4108.86,21,6,5,6,0,105,2449.92,213.04,0,1
2024-09-02,South,Product B,Retail Partner,SMB,2579.99,13,5,4,5,0,65,1555.65,122.4,0,1
2024-09-02,South,Product C,Online,Enterprise,8776.08,21,6,5,6,0,111,5387.41,883.44,0,1
2024-09-02,South,Product C,Online,SMB,6276.36,15,6,4,6,0,69,3771.52,573.98,0,1
2024-09-02,South,Product C,Retail Partner,Enterprise,6853.81,16,5,3,5,0,76,4157.83,398.32,0,1
2024-09-02,South,Product C,Retail Partner,SMB,4259.06,10,4,3,4,0,49,2627.21,210.27,0,1
2024-09-02,East,Product A,Online,Enterprise,9025.89,32,9,7,9,1,175,4888.94,792.84,0,1
2024-09-02,East,Product A,Online,SMB,6554.41,23,9,7,9,0,101,3467.98,596.7,0,1
2024-09-02,East,Product A,Retail Partner,Enterprise,7187.98,26,7,6,7,0,124,3951.93,371.71,1,1
2024-09-02,East,Product A,Retail Partner,SMB,4281.08,15,6,5,6,0,85,2342.74,238.51,0,1
2024-09-02,East,Product B,Online,Enterprise,5033.35,26,7,6,7,0,123,3102.63,488.76,0,1
2024-09-02,East,Product B,Online,SMB,3051.4,15,6,4,6,0,85,1785.71,278.28,0,1
2024-09-02,East,Product B,Retail Partner,Enterprise,3644.74,19,5,4,5,0,84,2230.82,209.06,0,1
2024-09-02,East,Product B,Retail Partner,SMB,2339.69,12,5,3,5,0,59,1443.91,119.97,0,0
2024-09-02,East,Product C,Online,Enterprise,8055.94,19,5,4,5,0,95,4793.83,759.27,0,1
2024-09-02,East,Product C,Online,SMB,5156.72,12,5,4,5,0,60,3144.12,486.79,0,1
2024-09-02,East,Product C,Retail Partner,Enterprise,5479.5,13,4,3,4,0,67,3280.23,274.14,0,0
2024-09-02,East,Product C,Retail Partner,SMB,3935.94,9,4,3,4,0,43,2400.37,187.79,0,0
2024-09-02,West,Product A,Online,Enterprise,12155.71,43,12,9,12,1,222,6527.57,960.28,1,2
2024-09-02,West,Product A,Online,SMB,7727.66,28,11,8,11,0,155,4195.31,825.0,1,2
2024-09-02,West,Product A,Retail Partner,Enterprise,9134.6,32,9,7,9,0,164,5011.98,482.02,1,1
2024-09-02,West,Product A,Retail Partner,SMB,6345.98,23,9,7,9,0,104,3436.55,348.19,1,1
2024-09-02,West,Product B,Online,Enterprise,6381.86,33,9,7,9,0,170,3896.99,543.69,0,1
2024-09-02,West,Product B,Online,SMB,4202.63,21,8,6,8,0,104,2513.03,360.69,1,1
2024-09-02,West,Product B,Retail Partner,Enterprise,4720.88,25,7,5,7,0,110,2914.88,260.71,1,1
2024-09-02,West,Product B,Retail Partner,SMB,3006.49,15,6,5,6,0,76,1832.37,149.88,0,1
2024-09-02,West,Product C,Online,Enterprise,10084.2,24,7,5,7,0,121,6135.56,1031.76,0,1
2024-09-02,West,Product C,Online,SMB,8028.68,19,7,6,7,0,80,4769.81,782.37,1,1
2024-09-02,West,Product C,Retail Partner,Enterprise,8415.29,19,5,4,5,0,83,4955.0,426.43,0,1
2024-09-02,West,Product C,Retail Partner,SMB,4753.43,11,4,3,4,0,57,2912.74,252.91,0,1
2024-09-09,North,Product A,Online,Enterprise,14189.29,51,14,11,14,1,238,7791.37,1242.12,1,2
2024-09-09,North,Product A,Online,SMB,10151.08,37,14,11,14,1,143,5659.21,934.03,1,2
2024-09-09,North,Product A,Retail Partner,Enterprise,9909.25,36,10,8,10,1,156,5513.12,572.09,1,1
2024-09-09,North,Product A,Retail Partner,SMB,6638.74,24,9,7,9,0,104,3636.02,353.15,1,1
2024-09-09,North,Product B,Online,Enterprise,6247.56,31,9,7,9,0,171,3683.68,516.44,0,1
2024-09-09,North,Product B,Online,SMB,4697.6,24,9,7,9,0,126,2834.7,485.45,0,1
2024-09-09,North,Product B,Retail Partner,Enterprise,5171.98,27,8,6,8,0,116,3058.06,280.92,0,1
2024-09-09,North,Product B,Retail Partner,SMB,3324.8,17,7,5,7,0,70,2016.4,177.71,0,1
2024-09-09,North,Product C,Online,Enterprise,11353.09,27,8,6,8,0,128,6853.02,1152.19,1,1
2024-09-09,North,Product C,Online,SMB,7421.59,18,7,5,7,0,85,4581.42,702.13,0,1
2024-09-09,North,Product C,Retail Partner,Enterprise,7818.66,18,5,4,5,0,88,4740.62,435.37,0,1
2024-09-09,North,Product C,Retail Partner,SMB,5624.15,13,5,4,5,0,61,3432.36,256.62,0,1
2024-09-09,South,Product A,Online,Enterprise,10572.04,38,11,8,11,0,183,5674.57,942.93,1,2
2024-09-09,South,Product A,Online,SMB,6836.52,25,10,8,10,1,118,3840.84,593.95,1,2
2024-09-09,South,Product A,Retail Partner,Enterprise,7825.85,28,8,6,8,0,151,4228.87,428.55,0,1
2024-09-09,South,Product A,Retail Partner,SMB,4838.08,17,7,5,7,0,85,2548.54,258.18,0,1
2024-09-09,South,Product B,Online,Enterprise,5815.16,29,8,6,8,1,147,3475.45,572.72,0,1
2024-09-09,South,Product B,Online,SMB,3924.44,20,8,6,8,0,91,2345.81,345.64,0,1
2024-09-09,South,Product B,Retail Partner,Enterprise,4403.91,23,7,5,7,0,106,2684.7,244.73,0,1
2024-09-09,South,Product B,Retail Partner,SMB,2823.23,14,5,4,5,0,71,1731.6,138.76,0,1
2024-09-09,South,Product C,Online,Enterprise,9319.28,22,6,5,6,0,104,5726.74,829.68,0,1
2024-09-09,South,Product C,Online,SMB,5774.32,14,5,4,5,0,78,3426.86,617.04,0,1
2024-09-09,South,Product C,Retail Partner,Enterprise,6856.96,16,5,3,5,0,72,4189.43,361.99,0,1
2024-09-09,South,Product C,Retail Partner,SMB,4238.95,10,4,3,4,0,48,2619.47,243.4,0,0
2024-09-09,East,Product A,Online,Enterprise,10199.97,36,10,8,10,0,151,5442.18,781.8,1,1
2024-09-09,East,Product A,Online,SMB,6962.45,25,10,8,10,0,110,3825.53,728.49,1,2
2024-09-09,East,Product A,Retail Partner,Enterprise,6703.53,24,7,5,7,0,114,3578.17,361.78,0,1
2024-09-09,East,Product A,Retail Partner,SMB,4613.85,17,6,5,6,0,70,2514.4,236.06,0,1
2024-09-09,East,Product B,Online,Enterprise,4564.7,24,7,5,7,0,135,2776.95,396.19,0,1
2024-09-09,East,Product B,Online,SMB,3101.2,16,6,5,6,0,85,1822.09,252.54,0,1
2024-09-09,East,Product B,Retail Partner,Enterprise,3357.79,17,5,4,5,0,86,2052.38,184.41,0,1
2024-09-09,East,Product B,Retail Partner,SMB,2461.29,13,5,4,5,0,63,1513.65,140.95,0,1
2024-09-09,East,Product C,Online,Enterprise,8045.02,19,5,4,5,0,88,4866.61,747.73,0,1
2024-09-09,East,Product C,Online,SMB,4870.1,12,4,3,4,0,60,2970.49,413.43,0,1
2024-09-09,East,Product C,Retail Partner,Enterprise,6204.94,15,4,3,4,0,65,3776.55,296.71,0,1
2024-09-09,East,Product C,Retail Partner,SMB,3613.65,9,3,3,3,0,45,2262.0,192.7,0,1
2024-09-09,West,Product A,Online,Enterprise,13486.54,49,14,11,14,1,216,7346.62,1216.39,1,2
2024-09-09,West,Product A,Online,SMB,8403.73,30,12,9,12,0,141,4527.57,738.0,1,1
2024-09-09,West,Product A,Retail Partner,Enterprise,8722.01,32,9,7,9,0,166,4774.6,439.51,1,1
2024-09-09,West,Product A,Retail Partner,SMB,5864.54,21,8,6,8,0,108,3168.55,335.67,1,1
2024-09-09,West,Product B,Online,Enterprise,7109.75,36,10,8,10,0,162,4181.07,626.05,1,1
2024-09-09,West,Product B,Online,SMB,4735.01,24,9,7,9,0,106,2821.33,405.09,1,1
2024-09-09,West,Product B,Retail Partner,Enterprise,4668.42,24,7,5,7,0,114,2790.17,232.35,0,1
2024-09-09,West,Product B,Retail Partner,SMB,2974.93,15,6,5,6,0,70,1795.79,135.71,0,1
2024-09-09,West,Product C,Online,Enterprise,10364.5,25,7,5,7,0,113,6353.08,1039.95,1,1
2024-09-09,West,Product C,Online,SMB,6635.73,16,6,5,6,0,78,4036.6,590.9,0,1
2024-09-09,West,Product C,Retail Partner,Enterprise,7942.62,19,5,4,5,0,82,4872.7,502.68,1,1
2024-09-09,West,Product C,Retail Partner,SMB,5170.49,12,5,4,5,0,59,3234.83,279.72,0,1
2024-09-16,North,Product A,Online,Enterprise,14728.66,54,15,12,15,1,245,8074.09,1443.13,1,3
2024-09-16,North,Product A,Online,SMB,9073.82,33,13,10,13,0,148,4979.01,903.69,1,2
2024-09-16,North,Product A,Retail Partner,Enterprise,9170.96,33,9,7,9,0,170,5040.91,440.84,1,1
2024-09-16,North,Product A,Retail Partner,SMB,6475.5,23,9,7,9,0,118,3427.58,389.31,1,1
2024-09-16,North,Product B,Online,Enterprise,6469.52,33,10,8,10,0,170,3912.19,652.0,1,1
2024-09-16,North,Product B,Online,SMB,4921.02,25,10,7,10,1,111,2982.04,432.34,0,1
2024-09-16,North,Product B,Retail Partner,Enterprise,5518.72,28,8,6,8,0,131,3250.88,267.83,1,1
2024-09-16,North,Product B,Retail Partner,SMB,3384.94,17,7,5,7,0,82,2058.95,185.11,0,1
2024-09-16,North,Product C,Online,Enterprise,10520.4,25,7,6,7,0,124,6479.3,978.23,0,1
2024-09-16,North,Product C,Online,SMB,7475.03,18,7,5,7,0,80,4579.28,777.02,0,1
2024-09-16,North,Product C,Retail Partner,Enterprise,7589.43,18,5,4,5,0,90,4708.02,420.15,0,1
2024-09-16,North,Product C,Retail Partner,SMB,5052.8,12,5,4,5,0,60,3084.98,237.99,0,1
2024-09-16,South,Product A,Online,Enterprise,10939.43,39,11,9,11,0,197,5726.93,1022.74,1,2
2024-09-16,South,Product A,Online,SMB,8163.13,29,11,9,11,1,125,4464.22,748.9,1,1
2024-09-16,South,Product A,Retail Partner,Enterprise,7920.98,28,8,6,8,0,132,4337.59,389.93,1,1
2024-09-16,South,Product A,Retail Partner,SMB,4661.02,17,6,5,6,0,87,2515.44,269.92,0,1
2024-09-16,South,Product B,Online,Enterprise,5181.22,27,8,6,8,0,137,3141.27,529.23,0,1
2024-09-16,South,Product B,Online,SMB,3537.91,19,7,6,7,1,95,2135.7,363.39,0,1
2024-09-16,South,Product B,Retail Partner,Enterprise,4320.47,22,6,5,6,0,102,2571.77,234.92,0,1
2024-09-16,South,Product B,Retail Partner,SMB,2570.45,13,5,4,5,0,69,1568.33,141.82,0,1
2024-09-16,South,Product C,Online,Enterprise,8865.84,21,6,5,6,0,102,5431.01,857.65,0,1
2024-09-16,South,Product C,Online,SMB,6706.91,16,6,5,6,0,65,4074.79,669.66,1,1
2024-09-16,South,Product C,Retail Partner,Enterprise,6356.41,14,4,3,4,0,74,3767.63,342.4,0,1
2024-09-16,South,Product C,Retail Partner,SMB,4426.91,11,4,3,4,0,48,2734.47,224.66,0,1
2024-09-16,East,Product A,Online,Enterprise,8457.79,31,9,7,9,0,169,4641.86,750.07,0,1
2024-09-16,East,Product A,Online,SMB,5852.42,21,8,6,8,0,107,3177.0,568.81,1,2
2024-09-16,East,Product A,Retail Partner,Enterprise,6829.49,25,7,5,7,0,115,3747.8,330.88,0,1
2024-09-16,East,Product A,Retail Partner,SMB,4837.69,17,7,5,7,0,79,2635.3,262.53,0,1
2024-09-16,East,Product B,Online,Enterprise,5051.46,26,7,6,7,0,122,3025.77,384.38,0,1
2024-09-16,East,Product B,Online,SMB,3517.19,18,7,5,7,0,75,2122.47,295.98,1,1
2024-09-16,East,Product B,Retail Partner,Enterprise,3418.13,18,5,4,5,0,90,2101.5,214.85,0,1
2024-09-16,East,Product B,Retail Partner,SMB,2222.9,12,4,4,4,0,54,1346.77,116.63,0,1
2024-09-16,East,Product C,Online,Enterprise,8909.81,21,6,5,6,0,83,5451.28,735.65,1,1
2024-09-16,East,Product C,Online,SMB,5162.85,12,5,4,5,0,64,3246.33,523.95,0,1
2024-09-16,East,Product C,Retail Partner,Enterprise,6573.37,15,4,3,4,0,66,3879.39,350.65,0,1
2024-09-16,East,Product C,Retail Partner,SMB,3793.77,9,3,3,3,0,42,2250.52,199.93,0,0
2024-09-16,West,Product A,Online,Enterprise,12049.99,43,12,9,12,1,210,6414.33,1132.13,1,2
2024-09-16,West,Product A,Online,SMB,7653.05,27,10,8,10,1,147,4164.76,627.34,1,2
2024-09-16,West,Product A,Retail Partner,Enterprise,8727.48,32,9,7,9,0,145,4849.3,392.59,0,1
2024-09-16,West,Product A,Retail Partner,SMB,5893.86,21,8,6,8,0,107,3188.34,246.92,1,1
2024-09-16,West,Product B,Online,Enterprise,5823.78,30,9,6,9,0,146,3513.09,591.05,1,1
2024-09-16,West,Product B,Online,SMB,4506.55,23,9,7,9,0,99,2704.69,432.77,1,1
2024-09-16,West,Product B,Retail Partner,Enterprise,5333.72,27,8,6,8,0,113,3131.76,254.15,1,1
2024-09-16,West,Product B,Retail Partner,SMB,3048.58,15,6,5,6,0,76,1854.44,155.15,0,1
2024-09-16,West,Product C,Online,Enterprise,10004.43,23,7,5,7,0,119,6073.15,995.3,0,1
2024-09-16,West,Product C,Online,SMB,6335.55,15,6,4,6,0,83,3838.27,552.39,0,1
2024-09-16,West,Product C,Retail Partner,Enterprise,8301.53,20,6,4,6,0,80,5049.6,477.12,0,1
2024-09-16,West,Product C,Retail Partner,SMB,5722.35,13,5,4,5,0,54,3457.1,309.26,0,1
2024-09-23,North,Product A,Online,Enterprise,13107.06,47,13,10,13,0,234,7007.48,1289.7,1,2
2024-09-23,North,Product A,Online,SMB,10020.14,35,13,10,13,0,158,5275.6,914.85,1,2
2024-09-23,North,Product A,Retail Partner,Enterprise,10112.75,37,10,9,10,1,166,5427.57,556.33,1,2
2024-09-23,North,Product A,Retail Partner,SMB,6632.27,24,9,8,9,1,105,3637.08,334.42,1,2
2024-09-23,North,Product B,Online,Enterprise,6753.74,34,10,7,10,0,179,3999.73,710.84,1,1
2024-09-23,North,Product B,Online,SMB,4575.91,23,9,7,9,0,104,2764.28,444.7,0,1
2024-09-23,North,Product B,Retail Partner,Enterprise,5416.87,28,8,6,8,0,119,3297.54,273.5,0,1
2024-09-23,North,Product B,Retail Partner,SMB,3440.67,18,7,5,7,0,84,2053.89,207.27,0,1
2024-09-23,North,Product C,Online,Enterprise,12058.58,28,8,6,8,0,130,7475.32,1125.6,0,1
2024-09-23,North,Product C,Online,SMB,7311.12,17,7,5,7,0,80,4420.46,652.23,1,1
2024-09-23,North,Product C,Retail Partner,Enterprise,9123.66,21,6,5,6,0,88,5475.15,511.26,0,1
2024-09-23,North,Product C,Retail Partner,SMB,5436.19,13,5,4,5,0,62,3444.71,241.03,0,1
2024-09-23,South,Product A,Online,Enterprise,11253.99,40,11,9,11,1,179,6123.65,1195.29,1,1
2024-09-23,South,Product A,Online,SMB,7285.59,26,10,8,10,0,134,3942.21,640.62,1,1
2024-09-23,South,Product A,Retail Partner,Enterprise,7671.83,28,8,6,8,0,144,4198.9,390.75,0,1
2024-09-23,South,Product A,Retail Partner,SMB,5774.79,20,8,6,8,0,85,2988.89,281.95,0,1
2024-09-23,South,Product B,Online,Enterprise,5711.29,29,8,7,8,0,148,3426.66,515.57,0,1
2024-09-23,South,Product B,Online,SMB,3949.91,20,8,6,8,0,98,2396.64,371.43,1,1
2024-09-23,South,Product B,Retail Partner,Enterprise,4091.53,21,6,5,6,0,97,2462.63,219.9,0,1
2024-09-23,South,Product B,Retail Partner,SMB,2839.67,14,5,4,5,0,66,1683.39,147.83,0,1
2024-09-23,South,Product C,Online,Enterprise,8636.07,21,6,5,6,0,99,5344.41,761.83,0,1
2024-09-23,South,Product C,Online,SMB,5765.52,14,5,4,5,0,63,3524.17,525.76,0,1
2024-09-23,South,Product C,Retail Partner,Enterprise,6577.67,15,4,3,4,0,70,3960.78,322.02,0,1
2024-09-23,South,Product C,Retail Partner,SMB,3918.48,9,4,3,4,0,51,2457.49,163.41,0,1
2024-09-23,East,Product A,Online,Enterprise,9005.17,32,9,7,9,0,163,4864.86,905.4,1,1
2024-09-23,East,Product A,Online,SMB,6696.08,24,9,7,9,0,107,3590.16,596.42,1,2
2024-09-23,East,Product A,Retail Partner,Enterprise,6879.17,25,7,5,7,0,117,3691.08,355.07,0,1
2024-09-23,East,Product A,Retail Partner,SMB,4765.42,17,7,5,7,0,78,2634.1,235.69,1,1
2024-09-23,East,Product B,Online,Enterprise,4748.13,25,7,6,7,0,119,2866.91,487.14,0,1
2024-09-23,East,Product B,Online,SMB,3312.05,17,7,5,7,0,78,2025.06,334.37,0,1
2024-09-23,East,Product B,Retail Partner,Enterprise,3455.28,18,5,4,5,0,92,2108.52,203.82,0,1
2024-09-23,East,Product B,Retail Partner,SMB,2369.11,12,5,4,5,0,60,1414.3,148.35,0,1
2024-09-23,East,Product C,Online,Enterprise,8602.81,20,6,5,6,0,78,5212.72,797.44,0,1
2024-09-23,East,Product C,Online,SMB,5298.36,12,5,4,5,0,59,3212.25,509.03,0,1
2024-09-23,East,Product C,Retail Partner,Enterprise,6261.21,14,4,3,4,0,69,3739.82,333.44,0,1
2024-09-23,East,Product C,Retail Partner,SMB,3944.75,9,3,3,3,0,42,2367.98,162.64,0,1
2024-09-23,West,Product A,Online,Enterprise,13294.58,48,14,11,14,1,234,7224.07,1260.91,1,2
2024-09-23,West,Product A,Online,SMB,9098.74,33,13,10,13,1,137,4907.83,950.55,1,2
2024-09-23,West,Product A,Retail Partner,Enterprise,8304.1,30,8,7,8,0,154,4451.67,486.29,1,1
2024-09-23,West,Product A,Retail Partner,SMB,5720.1,21,8,6,8,0,95,3099.79,286.69,1,1
2024-09-23,West,Product B,Online,Enterprise,6383.72,33,9,7,9,0,165,3927.18,613.34,1,1
2024-09-23,West,Product B,Online,SMB,4126.11,21,8,6,8,0,107,2510.5,460.44,0,1
2024-09-23,West,Product B,Retail Partner,Enterprise,4369.97,22,6,5,6,0,123,2627.4,243.85,0,1
2024-09-23,West,Product B,Retail Partner,SMB,3250.81,17,6,5,6,0,73,1956.18,175.07,1,1
2024-09-23,West,Product C,Online,Enterprise,9345.71,22,6,5,6,0,122,5749.08,868.12,0,1
2024-09-23,West,Product C,Online,SMB,7265.94,17,7,5,7,0,77,4392.67,642.1,0,1
2024-09-23,West,Product C,Retail Partner,Enterprise,7773.66,18,5,4,5,0,81,4643.2,378.93,0,1
2024-09-23,West,Product C,Retail Partner,SMB,5126.14,12,5,4,5,0,55,3145.07,290.73,0,1
2024-09-30,North,Product A,Online,Enterprise,12720.17,46,13,10,13,1,231,7077.98,1132.57,1,2
2024-09-30,North,Product A,Online,SMB,9246.32,33,13,10,13,1,163,5098.14,866.2,1,2
2024-09-30,North,Product A,Retail Partner,Enterprise,9838.44,36,10,8,10,0,172,5534.95,488.93,1,1
2024-09-30,North,Product A,Retail Partner,SMB,5890.87,21,8,6,8,0,114,3194.48,330.34,1,1
2024-09-30,North,Product B,Online,Enterprise,7290.31,37,11,8,11,0,170,4433.13,600.24,1,2
2024-09-30,North,Product B,Online,SMB,4864.11,25,10,8,10,1,110,2986.59,542.39,1,1
2024-09-30,North,Product B,Retail Partner,Enterprise,5019.76,26,7,6,7,0,119,3016.44,262.24,0,1
2024-09-30,North,Product B,Retail Partner,SMB,3199.66,16,6,5,6,0,73,1949.88,176.38,1,1
2024-09-30,North,Product C,Online,Enterprise,11205.96,26,7,6,7,0,121,6794.67,1055.54,0,1
2024-09-30,North,Product C,Online,SMB,7029.96,17,6,5,6,0,79,4249.42,743.52,0,1
2024-09-30,North,Product C,Retail Partner,Enterprise,7713.55,18,5,4,5,0,88,4660.31,433.23,0,1
2024-09-30,North,Product C,Retail Partner,SMB,5549.22,13,5,4,5,0,65,3437.02,276.6,0,1
2024-09-30,South,Product A,Online,Enterprise,10587.96,38,11,10,11,1,205,5682.7,1134.55,1,2
2024-09-30,South,Product A,Online,SMB,7260.41,25,10,7,10,0,136,3784.41,713.57,1,1
2024-09-30,South,Product A,Retail Partner,Enterprise,7900.03,28,8,6,8,0,149,4168.28,396.67,0,1
2024-09-30,South,Product A,Retail Partner,SMB,5399.55,19,7,6,7,0,94,2869.42,279.2,0,1
2024-09-30,South,Product B,Online,Enterprise,6061.36,31,9,7,9,0,142,3611.34,548.61,1,1
2024-09-30,South,Product B,Online,SMB,3999.41,20,8,6,8,0,96,2331.88,359.4,1,1
2024-09-30,South,Product B,Retail Partner,Enterprise,4290.85,22,6,5,6,0,105,2591.24,205.55,0,1
2024-09-30,South,Product B,Retail Partner,SMB,2623.28,13,5,4,5,0,63,1582.93,121.83,0,1
2024-09-30,South,Product C,Online,Enterprise,9028.28,21,6,5,6,0,96,5375.39,877.82,0,1
2024-09-30,South,Product C,Online,SMB,6239.62,14,6,4,6,0,70,3734.4,565.65,0,1
2024-09-30,South,Product C,Retail Partner,Enterprise,6917.22,16,5,4,5,0,67,4243.88,338.6,0,1
2024-09-30,South,Product C,Retail Partner,SMB,4447.1,10,4,3,4,0,51,2738.42,227.12,0,1
2024-09-30,East,Product A,Online,Enterprise,9609.86,35,10,8,10,0,154,5260.22,877.29,0,1
2024-09-30,East,Product A,Online,SMB,6459.72,23,9,7,9,1,104,3478.07,556.47,1,1
2024-09-30,East,Product A,Retail Partner,Enterprise,6803.4,24,7,5,7,0,112,3736.37,412.4,0,1
2024-09-30,East,Product A,Retail Partner,SMB,4448.52,16,6,5,6,0,78,2404.76,295.49,0,1
2024-09-30,East,Product B,Online,Enterprise,4790.05,24,7,5,7,0,126,2926.58,441.26,0,1
2024-09-30,East,Product B,Online,SMB,3118.84,16,6,5,6,0,75,1919.37,291.3,0,1
2024-09-30,East,Product B,Retail Partner,Enterprise,3760.03,19,5,4,5,0,91,2254.96,201.83,0,1
2024-09-30,East,Product B,Retail Partner,SMB,2315.0,12,5,4,5,0,59,1416.02,128.07,0,1
2024-09-30,East,Product C,Online,Enterprise,7952.81,19,5,4,5,0,80,4766.49,707.76,0,1
2024-09-30,East,Product C,Online,SMB,5396.97,13,5,4,5,0,58,3258.87,547.21,0,1
2024-09-30,East,Product C,Retail Partner,Enterprise,5862.93,14,4,3,4,0,65,3583.77,294.34,0,1
2024-09-30,East,Product C,Retail Partner,SMB,3786.5,9,3,3,3,0,39,2335.55,188.25,0,1
2024-09-30,West,Product A,Online,Enterprise,13194.63,48,14,11,14,1,223,7119.99,1204.98,1,2
2024-09-30,West,Product A,Online,SMB,8096.05,29,11,9,11,1,142,4497.63,704.06,1,2
2024-09-30,West,Product A,Retail Partner,Enterprise,8919.37,33,9,7,9,0,149,5048.58,518.43,1,1
2024-09-30,West,Product A,Retail Partner,SMB,5578.82,20,8,6,8,1,96,3022.48,304.47,1,1
2024-09-30,West,Product B,Online,Enterprise,5859.01,31,9,7,9,0,145,3635.13,575.2,1,1
2024-09-30,West,Product B,Online,SMB,4535.24,24,9,7,9,0,107,2759.46,440.65,1,1
2024-09-30,West,Product B,Retail Partner,Enterprise,5173.15,26,7,6,7,0,117,3090.08,273.52,0,1
2024-09-30,West,Product B,Retail Partner,SMB,2988.61,15,6,5,6,0,79,1786.91,154.38,0,1
2024-09-30,West,Product C,Online,Enterprise,10768.91,26,7,6,7,0,122,6681.8,1022.48,1,1
2024-09-30,West,Product C,Online,SMB,6944.86,16,6,5,6,0,79,4214.83,724.06,0,1
2024-09-30,West,Product C,Retail Partner,Enterprise,7042.11,16,5,4,5,0,81,4277.32,437.92,0,1
2024-09-30,West,Product C,Retail Partner,SMB,4943.68,12,5,4,5,0,53,3087.53,249.7,0,1
2024-10-07,North,Product A,Online,Enterprise,13224.87,48,14,11,14,1,237,7095.04,1371.83,1,2
2024-10-07,North,Product A,Online,SMB,8306.99,30,11,9,11,0,140,4550.27,766.79,1,2
2024-10-07,North,Product A,Retail Partner,Enterprise,9614.05,36,10,8,10,0,153,5468.87,495.94,1,1
2024-10-07,North,Product A,Retail Partner,SMB,5729.75,20,8,6,8,0,110,3072.2,318.78,0,1
2024-10-07,North,Product B,Online,Enterprise,6816.74,36,10,8,10,0,170,4194.6,673.7,1,1
2024-10-07,North,Product B,Online,SMB,4423.29,23,9,7,9,0,105,2699.55,449.92,1,1
2024-10-07,North,Product B,Retail Partner,Enterprise,5428.49,28,8,6,8,1,123,3301.55,295.36,0,1
2024-10-07,North,Product B,Retail Partner,SMB,3222.77,16,6,5,6,0,77,1976.98,151.88,0,1
2024-10-07,North,Product C,Online,Enterprise,10622.53,25,7,5,7,0,121,6573.49,985.24,0,1
2024-10-07,North,Product C,Online,SMB,7324.96,17,7,5,7,0,81,4486.79,621.47,0,1
2024-10-07,North,Product C,Retail Partner,Enterprise,7371.12,17,5,4,5,0,100,4414.31,354.88,0,1
2024-10-07,North,Product C,Retail Partner,SMB,5304.26,12,5,4,5,0,61,3241.22,221.51,0,1
2024-10-07,South,Product A,Online,Enterprise,11726.84,42,12,9,12,0,178,6346.57,1004.13,1,2
2024-10-07,South,Product A,Online,SMB,7383.81,27,10,8,10,1,126,3922.44,670.67,1,1
2024-10-07,South,Product A,Retail Partner,Enterprise,8231.28,29,8,6,8,0,129,4390.85,429.42,0,1
2024-10-07,South,Product A,Retail Partner,SMB,5552.18,20,8,6,8,0,86,3005.99,315.8,0,1
2024-10-07,South,Product B,Online,Enterprise,5934.42,30,9,7,9,0,131,3553.45,489.57,1,1
2024-10-07,South,Product B,Online,SMB,4189.23,21,8,6,8,0,97,2449.85,495.16,0,2
2024-10-07,South,Product B,Retail Partner,Enterprise,4039.95,21,6,4,6,0,95,2419.46,217.33,0,1
2024-10-07,South,Product B,Retail Partner,SMB,2904.57,15,6,4,6,0,61,1716.46,158.27,0,1
2024-10-07,South,Product C,Online,Enterprise,9593.45,22,6,5,6,0,102,5711.72,1003.42,0,1
2024-10-07,South,Product C,Online,SMB,6247.27,14,6,4,6,0,68,3709.32,651.01,0,1
2024-10-07,South,Product C,Retail Partner,Enterprise,6688.21,16,4,4,4,0,82,4094.03,330.26,0,1
2024-10-07,South,Product C,Retail Partner,SMB,4341.33,10,4,3,4,0,52,2621.51,209.18,0,1
2024-10-07,East,Product A,Online,Enterprise,10268.08,36,10,8,10,0,155,5519.24,926.27,1,2
2024-10-07,East,Product A,Online,SMB,6479.71,23,9,7,9,0,108,3524.88,517.62,0,1
2024-10-07,East,Product A,Retail Partner,Enterprise,7164.9,26,7,6,7,0,119,3879.25,399.92,0,1
2024-10-07,East,Product A,Retail Partner,SMB,4525.76,16,6,5,6,0,74,2415.85,262.44,1,1
2024-10-07,East,Product B,Online,Enterprise,5319.62,27,8,6,8,0,119,3161.98,484.2,0,1
2024-10-07,East,Product B,Online,SMB,3422.83,17,7,5,7,0,79,2064.36,335.0,0,1
2024-10-07,East,Product B,Retail Partner,Enterprise,3609.31,18,5,4,5,0,81,2138.63,193.35,0,1
2024-10-07,East,Product B,Retail Partner,SMB,2280.96,12,4,3,4,0,56,1398.36,110.56,0,1
2024-10-07,East,Product C,Online,Enterprise,8026.59,19,5,5,5,0,94,4987.93,651.81,0,1
2024-10-07,East,Product C,Online,SMB,4865.18,11,4,3,4,0,58,3019.72,475.86,0,0
2024-10-07,East,Product C,Retail Partner,Enterprise,5664.28,13,4,3,4,0,59,3376.54,298.71,0,0
2024-10-07,East,Product C,Retail Partner,SMB,3799.98,9,3,3,3,0,37,2290.54,201.44,0,0
2024-10-07,West,Product A,Online,Enterprise,12551.54,45,13,10,13,1,207,6786.19,1182.66,1,2
2024-10-07,West,Product A,Online,SMB,7793.17,28,11,9,11,0,145,4235.8,710.12,1,2
2024-10-07,West,Product A,Retail Partner,Enterprise,8805.47,32,9,7,9,0,155,4870.94,468.87,1,1
2024-10-07,West,Product A,Retail Partner,SMB,5752.0,21,8,6,8,0,112,3111.85,305.49,0,1
2024-10-07,West,Product B,Online,Enterprise,6267.08,32,9,7,9,0,153,3790.64,610.92,1,1
2024-10-07,West,Product B,Online,SMB,3911.09,20,8,6,8,0,97,2339.28,366.6,0,1
2024-10-07,West,Product B,Retail Partner,Enterprise,4533.96,23,7,5,7,0,112,2700.43,224.26,0,1
2024-10-07,West,Product B,Retail Partner,SMB,2784.23,14,6,4,6,0,72,1704.64,154.52,0,1
2024-10-07,West,Product C,Online,Enterprise,10422.85,25,7,6,7,0,122,6505.41,891.22,0,1
2024-10-07,West,Product C,Online,SMB,7544.46,18,7,5,7,0,77,4521.41,707.21,0,1
2024-10-07,West,Product C,Retail Partner,Enterprise,7086.98,17,5,4,5,0,87,4349.7,378.98,0,1
2024-10-07,West,Product C,Retail Partner,SMB,4974.29,12,4,3,4,0,54,3085.42,284.12,0,1
2024-10-14,North,Product A,Online,Enterprise,12003.24,43,12,10,12,1,240,6532.5,1216.71,1,2
2024-10-14,North,Product A,Online,SMB,9149.42,33,13,10,13,0,150,4945.33,913.67,1,2
2024-10-14,North,Product A,Retail Partner,Enterprise,10029.27,36,10,8,10,0,158,5395.67,509.28,1,1
2024-10-14,North,Product A,Retail Partner,SMB,6510.29,24,9,7,9,0,109,3559.64,366.07,1,1
2024-10-14,North,Product B,Online,Enterprise,6806.16,34,10,8,10,0,166,4068.67,659.96,1,1
2024-10-14,North,Product B,Online,SMB,4373.12,22,9,7,9,0,116,2624.24,404.15,1,1
2024-10-14,North,Product B,Retail Partner,Enterprise,4927.11,26,7,6,7,0,125,3037.49,248.29,0,1
2024-10-14,North,Product B,Retail Partner,SMB,3113.27,16,6,5,6,0,85,1903.21,163.03,0,1
2024-10-14,North,Product C,Online,Enterprise,12534.24,29,8,6,8,0,124,7296.02,1280.78,1,1
2024-10-14,North,Product C,Online,SMB,7142.49,17,6,5,6,0,86,4370.95,630.84,0,1
2024-10-14,North,Product C,Retail Partner,Enterprise,7477.07,18,5,4,5,0,86,4594.06,384.9,0,1
2024-10-14,North,Product C,Retail Partner,SMB,5413.69,13,5,4,5,0,57,3261.1,298.5,0,1
2024-10-14,South,Product A,Online,Enterprise,10400.09,38,11,8,11,1,186,5650.63,897.36,1,2
2024-10-14,South,Product A,Online,SMB,6846.35,25,10,7,10,0,134,3675.95,761.93,1,1
2024-10-14,South,Product A,Retail Partner,Enterprise,8061.17,29,8,6,8,1,129,4311.22,437.97,1,1
2024-10-14,South,Product A,Retail Partner,SMB,5268.74,19,7,6,7,0,89,2795.47,281.98,1,1
2024-10-14,South,Product B,Online,Enterprise,5870.2,30,9,6,9,0,123,3537.83,545.54,1,1
2024-10-14,South,Product B,Online,SMB,3460.72,18,7,5,7,0,88,2069.04,311.81,0,1
2024-10-14,South,Product B,Retail Partner,Enterprise,4011.76,20,6,4,6,0,98,2405.77,209.11,1,1
2024-10-14,South,Product B,Retail Partner,SMB,2430.8,13,5,4,5,0,64,1476.38,123.83,0,1
2024-10-14,South,Product C,Online,Enterprise,8936.75,21,6,5,6,0,105,5586.38,701.42,0,1
2024-10-14,South,Product C,Online,SMB,5815.77,14,5,4,5,0,76,3570.97,555.26,0,1
2024-10-14,South,Product C,Retail Partner,Enterprise,7064.61,17,5,4,5,0,82,4317.46,345.78,0,1
2024-10-14,South,Product C,Retail Partner,SMB,4293.11,10,4,3,4,0,47,2616.17,211.88,0,0
2024-10-14,East,Product A,Online,Enterprise,9224.57,34,10,8,10,0,174,5140.47,989.63,1,2
2024-10-14,East,Product A,Online,SMB,6321.21,23,9,7,9,0,107,3379.3,500.74,1,1
2024-10-14,East,Product A,Retail Partner,Enterprise,6805.75,25,7,5,7,0,113,3742.54,387.76,0,1
2024-10-14,East,Product A,Retail Partner,SMB,4895.93,18,7,6,7,0,75,2667.52,313.4,0,1
2024-10-14,East,Product B,Online,Enterprise,4675.13,24,7,5,7,0,125,2799.69,415.26,1,1
2024-10-14,East,Product B,Online,SMB,3072.53,16,6,5,6,0,83,1845.76,285.22,0,1
2024-10-14,East,Product B,Retail Partner,Enterprise,3288.95,17,5,4,5,0,92,1999.34,174.9,0,1
2024-10-14,East,Product B,Retail Partner,SMB,2323.58,12,5,4,5,0,60,1376.91,122.91,0,1
2024-10-14,East,Product C,Online,Enterprise,7936.35,19,5,4,5,0,86,4941.89,817.39,0,1
2024-10-14,East,Product C,Online,SMB,5432.32,13,5,4,5,0,60,3219.02,543.04,0,1
2024-10-14,East,Product C,Retail Partner,Enterprise,6066.24,14,4,3,4,0,58,3551.41,313.92,0,1
2024-10-14,East,Product C,Retail Partner,SMB,3551.85,8,3,3,3,0,41,2127.68,182.29,0,0
2024-10-14,West,Product A,Online,Enterprise,14245.78,51,14,11,14,1,213,7604.1,1372.73,1,2
2024-10-14,West,Product A,Online,SMB,7724.88,28,11,8,11,1,141,4150.7,741.26,1,2
2024-10-14,West,Product A,Retail Partner,Enterprise,7938.23,28,8,6,8,0,151,4287.07,393.79,1,1
2024-10-14,West,Product A,Retail Partner,SMB,6260.76,23,9,7,9,1,105,3453.11,319.62,1,1
2024-10-14,West,Product B,Online,Enterprise,7102.55,36,10,8,10,1,155,4207.32,666.02,0,2
2024-10-14,West,Product B,Online,SMB,4527.56,23,9,7,9,0,104,2730.52,452.25,1,2
2024-10-14,West,Product B,Retail Partner,Enterprise,4423.86,22,6,5,6,0,112,2673.75,245.25,0,1
2024-10-14,West,Product B,Retail Partner,SMB,2966.81,15,6,5,6,0,73,1807.68,151.92,0,1
2024-10-14,West,Product C,Online,Enterprise,10767.22,25,7,6,7,0,104,6474.73,966.72,1,1
2024-10-14,West,Product C,Online,SMB,7188.17,17,6,5,6,0,75,4277.17,670.11,1,1
2024-10-14,West,Product C,Retail Partner,Enterprise,7130.62,17,5,4,5,0,87,4374.7,377.44,0,1
2024-10-14,West,Product C,Retail Partner,SMB,5014.69,12,5,3,5,0,53,3064.02,242.53,0,1
2024-10-21,North,Product A,Online,Enterprise,14053.59,50,14,11,14,1,245,7731.03,1152.01,1,3
2024-10-21,North,Product A,Online,SMB,8991.38,33,13,10,13,1,150,4939.5,781.24,1,2
2024-10-21,North,Product A,Retail Partner,Enterprise,9301.04,33,10,8,10,0,161,5033.95,446.47,0,1
2024-10-21,North,Product A,Retail Partner,SMB,6454.48,23,9,7,9,0,106,3382.35,320.03,1,1
2024-10-21,North,Product B,Online,Enterprise,7207.43,37,10,8,10,0,173,4394.35,671.33,1,2
2024-10-21,North,Product B,Online,SMB,4565.78,23,9,7,9,0,122,2707.24,406.66,0,1
2024-10-21,North,Product B,Retail Partner,Enterprise,4729.91,25,7,5,7,0,126,3000.42,242.22,0,1
2024-10-21,North,Product B,Retail Partner,SMB,3161.67,16,6,5,6,0,77,1910.29,160.46,0,1
2024-10-21,North,Product C,Online,Enterprise,10046.19,23,7,5,7,0,112,6127.59,949.47,0,1
2024-10-21,North,Product C,Online,SMB,7596.06,18,7,5,7,0,77,4552.29,614.98,0,1
2024-10-21,North,Product C,Retail Partner,Enterprise,7796.35,18,5,4,5,0,85,4815.36,485.03,0,1
2024-10-21,North,Product C,Retail Partner,SMB,5473.98,12,5,4,5,0,60,3255.15,302.21,0,1
2024-10-21,South,Product A,Online,Enterprise,10063.12,36,10,8,10,0,195,5414.8,1018.78,1,1
2024-10-21,South,Product A,Online,SMB,7008.58,25,10,8,10,1,126,3769.36,689.45,1,2
2024-10-21,South,Product A,Retail Partner,Enterprise,8182.68,29,8,7,8,1,143,4396.6,465.76,0,1
2024-10-21,South,Product A,Retail Partner,SMB,4750.68,17,7,5,7,0,84,2621.86,233.68,0,1
2024-10-21,South,Product B,Online,Enterprise,5452.76,28,8,6,8,0,130,3296.37,528.29,1,1
2024-10-21,South,Product B,Online,SMB,4079.58,21,8,6,8,0,89,2413.28,437.62,1,1
2024-10-21,South,Product B,Retail Partner,Enterprise,4513.25,23,7,5,7,0,103,2727.12,262.61,0,1
2024-10-21,South,Product B,Retail Partner,SMB,2718.24,14,5,4,5,0,71,1682.42,126.93,0,1
2024-10-21,South,Product C,Online,Enterprise,9413.19,22,6,5,6,0,103,5786.18,838.45,1,1
2024-10-21,South,Product C,Online,SMB,6500.02,15,6,5,6,0,72,4008.21,671.11,0,1
2024-10-21,South,Product C,Retail Partner,Enterprise,6343.99,15,4,3,4,0,74,3852.95,332.35,0,1
2024-10-21,South,Product C,Retail Partner,SMB,4569.71,11,4,3,4,0,50,2723.66,267.65,0,0
2024-10-21,East,Product A,Online,Enterprise,8924.2,32,9,7,9,0,166,4883.39,882.03,1,2
2024-10-21,East,Product A,Online,SMB,6294.94,23,9,7,9,0,111,3492.83,550.34,1,1
2024-10-21,East,Product A,Retail Partner,Enterprise,7550.49,27,8,6,8,0,110,4166.53,365.48,0,1
2024-10-21,East,Product A,Retail Partner,SMB,4440.75,16,6,5,6,0,81,2437.42,238.15,1,1
2024-10-21,East,Product B,Online,Enterprise,4579.58,24,7,5,7,0,119,2796.27,412.42,0,1
2024-10-21,East,Product B,Online,SMB,3305.77,17,7,5,7,0,77,1966.82,350.98,0,1
2024-10-21,East,Product B,Retail Partner,Enterprise,3558.9,18,5,4,5,0,84,2097.68,160.72,0,1
2024-10-21,East,Product B,Retail Partner,SMB,2217.54,11,4,3,4,0,56,1360.93,118.89,0,1
2024-10-21,East,Product C,Online,Enterprise,8619.89,20,6,4,6,0,90,5279.75,779.13,0,1
2024-10-21,East,Product C,Online,SMB,5365.83,13,5,4,5,0,60,3254.24,549.67,0,1
2024-10-21,East,Product C,Retail Partner,Enterprise,5863.07,14,4,3,4,0,61,3526.43,320.13,0,1
2024-10-21,East,Product C,Retail Partner,SMB,3808.63,9,3,3,3,0,43,2319.42,155.19,0,0
2024-10-21,West,Product A,Online,Enterprise,12233.87,44,12,10,12,1,200,6447.88,1125.54,1,2
2024-10-21,West,Product A,Online,SMB,8742.48,31,12,9,12,1,140,4741.35,743.71,1,2
2024-10-21,West,Product A,Retail Partner,Enterprise,9579.4,34,10,8,10,0,154,5200.18,522.77,1,2
2024-10-21,West,Product A,Retail Partner,SMB,6510.2,23,9,7,9,0,103,3489.27,328.78,1,1
2024-10-21,West,Product B,Online,Enterprise,6963.85,36,10,8,10,1,142,4173.46,663.97,1,2
2024-10-21,West,Product B,Online,SMB,4011.33,21,8,6,8,0,106,2439.95,380.69,1,1
2024-10-21,West,Product B,Retail Partner,Enterprise,4520.34,23,7,5,7,0,105,2806.48,240.67,0,1
2024-10-21,West,Product B,Retail Partner,SMB,3253.22,17,6,5,6,0,72,1935.41,181.89,0,1
2024-10-21,West,Product C,Online,Enterprise,10211.64,24,7,5,7,0,122,6160.06,805.59,0,1
2024-10-21,West,Product C,Online,SMB,7054.17,17,6,5,6,0,76,4272.65,657.62,0,1
2024-10-21,West,Product C,Retail Partner,Enterprise,8337.17,19,6,4,6,0,87,5027.45,398.22,0,1
2024-10-21,West,Product C,Retail Partner,SMB,5708.3,13,5,4,5,0,54,3419.83,323.12,0,1
2024-10-28,North,Product A,Online,Enterprise,14120.34,52,15,12,15,1,231,7689.15,1375.85,1,2
2024-10-28,North,Product A,Online,SMB,8893.15,32,12,10,12,1,146,4893.65,810.74,1,2
2024-10-28,North,Product A,Retail Partner,Enterprise,10987.48,39,11,9,11,1,166,5952.08,607.51,1,1
2024-10-28,North,Product A,Retail Partner,SMB,6504.27,23,9,7,9,0,106,3506.97,299.33,1,1
2024-10-28,North,Product B,Online,Enterprise,7163.84,36,10,8,10,0,165,4257.7,636.5,0,1
2024-10-28,North,Product B,Online,SMB,4512.51,23,9,7,9,0,121,2709.08,392.74,1,1
2024-10-28,North,Product B,Retail Partner,Enterprise,4921.59,26,7,6,7,0,125,3054.23,238.74,1,1
2024-10-28,North,Product B,Retail Partner,SMB,3210.21,17,6,5,6,0,72,1946.78,146.57,0,1
2024-10-28,North,Product C,Online,Enterprise,11201.25,26,7,6,7,0,119,6896.44,1038.1,0,1
2024-10-28,North,Product C,Online,SMB,7673.56,18,7,5,7,0,83,4704.57,679.7,0,1
2024-10-28,North,Product C,Retail Partner,Enterprise,9049.52,21,6,5,6,0,88,5501.28,505.79,0,1
2024-10-28,North,Product C,Retail Partner,SMB,5355.36,12,5,4,5,0,57,3190.38,291.82,0,1
2024-10-28,South,Product A,Online,Enterprise,10279.96,37,11,8,11,0,180,5563.26,941.73,1,2
2024-10-28,South,Product A,Online,SMB,7175.66,26,10,8,10,1,122,3909.51,578.83,1,1
2024-10-28,South,Product A,Retail Partner,Enterprise,8613.24,31,9,7,9,1,147,4685.28,433.72,0,1
2024-10-28,South,Product A,Retail Partner,SMB,4436.06,16,6,5,6,0,89,2383.43,211.03,1,1
2024-10-28,South,Product B,Online,Enterprise,5360.7,28,8,6,8,0,135,3313.24,569.6,0,1
2024-10-28,South,Product B,Online,SMB,3810.98,19,7,6,7,0,95,2271.05,361.8,0,1
2024-10-28,South,Product B,Retail Partner,Enterprise,3866.91,20,6,4,6,0,94,2299.77,251.39,0,1
2024-10-28,South,Product B,Retail Partner,SMB,2958.54,15,6,4,6,0,64,1720.43,144.89,1,1
2024-10-28,South,Product C,Online,Enterprise,9161.28,21,6,5,6,0,98,5578.82,796.15,0,1
2024-10-28,South,Product C,Online,SMB,5765.28,13,5,4,5,0,75,3482.68,530.68,0,1
2024-10-28,South,Product C,Retail Partner,Enterprise,6836.41,16,5,4,5,0,74,4110.06,337.59,0,1
2024-10-28,South,Product C,Retail Partner,SMB,4289.77,10,4,3,4,0,47,2598.98,206.18,0,1
2024-10-28,East,Product A,Online,Enterprise,9487.66,34,10,7,10,0,162,5153.15,815.13,1,1
2024-10-28,East,Product A,Online,SMB,5626.36,20,8,6,8,0,117,2991.76,559.97,1,1
2024-10-28,East,Product A,Retail Partner,Enterprise,6293.31,23,6,5,6,0,122,3465.3,350.08,0,1
2024-10-28,East,Product A,Retail Partner,SMB,4292.07,15,6,4,6,0,79,2327.85,239.93,0,1
2024-10-28,East,Product B,Online,Enterprise,4884.63,25,7,5,7,0,129,2945.68,412.06,0,1
2024-10-28,East,Product B,Online,SMB,3597.45,18,7,6,7,0,79,2162.75,330.06,0,1
2024-10-28,East,Product B,Retail Partner,Enterprise,3710.2,19,5,4,5,0,84,2247.81,179.98,0,1
2024-10-28,East,Product B,Retail Partner,SMB,2436.9,12,5,4,5,0,57,1425.01,134.13,0,1
2024-10-28,East,Product C,Online,Enterprise,8868.18,21,6,4,6,0,86,5418.71,765.93,0,1
2024-10-28,East,Product C,Online,SMB,5236.97,12,5,4,5,0,56,3177.03,473.8,0,1
2024-10-28,East,Product C,Retail Partner,Enterprise,5772.58,13,4,3,4,0,60,3462.45,271.33,0,1
2024-10-28,East,Product C,Retail Partner,SMB,3775.23,9,3,3,3,0,40,2275.4,207.2,0,1
2024-10-28,West,Product A,Online,Enterprise,11813.46,43,12,9,12,1,208,6481.53,1091.16,1,2
2024-10-28,West,Product A,Online,SMB,8601.99,31,12,9,12,1,134,4622.55,755.66,1,2
2024-10-28,West,Product A,Retail Partner,Enterprise,8094.93,29,8,7,8,0,154,4366.48,447.18,0,1
2024-10-28,West,Product A,Retail Partner,SMB,5551.58,20,8,6,8,0,104,3029.4,327.2,0,1
2024-10-28,West,Product B,Online,Enterprise,5649.95,29,8,7,8,0,164,3411.11,534.35,1,1
2024-10-28,West,Product B,Online,SMB,4134.73,21,8,6,8,0,104,2476.0,375.29,0,1
2024-10-28,West,Product B,Retail Partner,Enterprise,4448.24,22,6,5,6,1,123,2606.02,218.6,0,1
2024-10-28,West,Product B,Retail Partner,SMB,3256.36,16,6,5,6,0,75,1942.7,173.35,1,1
2024-10-28,West,Product C,Online,Enterprise,10746.6,25,7,6,7,0,114,6631.75,941.94,1,1
2024-10-28,West,Product C,Online,SMB,6585.68,15,6,5,6,0,72,3988.4,657.98,0,1
2024-10-28,West,Product C,Retail Partner,Enterprise,7944.58,19,5,4,5,0,88,4850.6,447.59,0,1
2024-10-28,West,Product C,Retail Partner,SMB,5591.19,13,5,4,5,0,56,3361.48,289.33,0,1
2024-11-04,North,Product A,Online,Enterprise,13237.33,47,13,10,13,1,231,7156.17,1298.17,1,2
2024-11-04,North,Product A,Online,SMB,8840.05,32,12,10,12,1,142,4778.11,809.77,1,1
2024-11-04,North,Product A,Retail Partner,Enterprise,9730.93,35,10,8,10,0,168,5241.46,474.68,1,1
2024-11-04,North,Product A,Retail Partner,SMB,5914.96,21,8,6,8,0,104,3223.38,303.38,0,1
2024-11-04,North,Product B,Online,Enterprise,6766.64,35,10,8,10,0,174,4136.25,596.91,1,2
2024-11-04,North,Product B,Online,SMB,4639.94,24,9,7,9,0,116,2779.31,489.98,1,1
2024-11-04,North,Product B,Retail Partner,Enterprise,5171.3,26,7,6,7,0,126,3115.82,268.97,0,1
2024-11-04,North,Product B,Retail Partner,SMB,3023.85,15,6,5,6,0,79,1837.58,138.61,0,1
2024-11-04,North,Product C,Online,Enterprise,11657.64,27,8,6,8,0,126,6909.78,1036.16,1,1
2024-11-04,North,Product C,Online,SMB,7151.78,17,7,5,7,0,85,4365.16,685.1,0,1
2024-11-04,North,Product C,Retail Partner,Enterprise,8226.74,19,5,4,5,0,81,4875.54,438.4,0,1
2024-11-04,North,Product C,Retail Partner,SMB,5422.69,13,5,4,5,0,62,3273.42,256.68,0,1
2024-11-04,South,Product A,Online,Enterprise,11200.0,40,11,9,11,0,181,6118.23,1025.03,1,2
2024-11-04,South,Product A,Online,SMB,7661.13,28,11,8,11,0,122,4235.55,783.24,1,1
2024-11-04,South,Product A,Retail Partner,Enterprise,8373.21,30,9,7,9,0,130,4552.06,412.58,0,1
2024-11-04,South,Product A,Retail Partner,SMB,5076.05,18,7,6,7,0,91,2731.45,254.74,0,2
2024-11-04,South,Product B,Online,Enterprise,5166.81,27,8,6,8,0,143,3206.97,489.53,1,1
2024-11-04,South,Product B,Online,SMB,3331.48,17,7,5,7,0,91,2018.17,267.36,0,1
2024-11-04,South,Product B,Retail Partner,Enterprise,4033.79,21,6,5,6,0,104,2432.95,222.31,0,1
2024-11-04,South,Product B,Retail Partner,SMB,2740.25,14,5,4,5,0,64,1662.93,150.76,0,1
2024-11-04,South,Product C,Online,Enterprise,9756.24,23,7,5,7,0,98,5961.29,856.26,1,1
2024-11-04,South,Product C,Online,SMB,6226.53,15,6,4,6,0,74,3779.0,450.59,0,1
2024-11-04,South,Product C,Retail Partner,Enterprise,6240.48,14,4,3,4,0,67,3780.16,369.12,0,1
2024-11-04,South,Product C,Retail Partner,SMB,4153.89,10,4,3,4,0,49,2552.03,223.83,0,0
2024-11-04,East,Product A,Online,Enterprise,8703.13,32,9,7,9,0,159,4840.9,819.9,1,2
2024-11-04,East,Product A,Online,SMB,5806.28,21,8,6,8,0,112,3117.06,524.73,0,1
2024-11-04,East,Product A,Retail Partner,Enterprise,7155.52,26,7,6,7,0,112,3909.88,403.15,0,1
2024-11-04,East,Product A,Retail Partner,SMB,4157.74,15,6,4,6,0,70,2237.36,204.17,0,1
2024-11-04,East,Product B,Online,Enterprise,4882.48,25,7,6,7,0,127,2953.94,442.78,0,1
2024-11-04,East,Product B,Online,SMB,3129.88,16,6,5,6,0,72,1844.35,280.35,0,1
2024-11-04,East,Product B,Retail Partner,Enterprise,3217.49,16,5,4,5,0,87,1939.8,181.74,0,1
2024-11-04,East,Product B,Retail Partner,SMB,2259.06,12,5,4,5,0,54,1385.78,126.79,0,1
2024-11-04,East,Product C,Online,Enterprise,7332.88,17,5,4,5,0,85,4394.06,588.43,0,1
2024-11-04,East,Product C,Online,SMB,4913.9,12,4,4,4,0,57,2954.89,443.56,0,1
2024-11-04,East,Product C,Retail Partner,Enterprise,5701.43,13,4,3,4,0,61,3398.32,302.88,0,1
2024-11-04,East,Product C,Retail Partner,SMB,4116.64,10,4,3,4,0,41,2515.09,203.49,0,1
2024-11-04,West,Product A,Online,Enterprise,12272.13,44,12,9,12,0,202,6533.94,1159.22,1,2
2024-11-04,West,Product A,Online,SMB,7521.04,28,11,9,11,0,138,4260.31,675.49,1,2
2024-11-04,West,Product A,Retail Partner,Enterprise,8450.99,30,9,7,9,0,145,4520.26,456.74,1,1
2024-11-04,West,Product A,Retail Partner,SMB,5870.95,21,8,6,8,0,100,3193.07,332.59,0,1
2024-11-04,West,Product B,Online,Enterprise,6567.77,33,10,8,10,0,161,4002.34,575.46,1,1
2024-11-04,West,Product B,Online,SMB,4167.16,22,8,6,8,0,113,2550.96,370.03,1,1
2024-11-04,West,Product B,Retail Partner,Enterprise,4469.05,23,6,5,6,0,108,2681.93,228.01,0,1
2024-11-04,West,Product B,Retail Partner,SMB,3342.31,17,7,5,7,0,77,2070.11,181.47,0,1
2024-11-04,West,Product C,Online,Enterprise,10883.9,26,7,6,7,0,120,6790.64,976.39,0,1
2024-11-04,West,Product C,Online,SMB,6578.55,16,6,5,6,0,73,4048.38,631.44,0,1
2024-11-04,West,Product C,Retail Partner,Enterprise,8130.64,19,5,4,5,0,78,4943.61,431.11,0,1
2024-11-04,West,Product C,Retail Partner,SMB,4615.51,11,4,3,4,0,51,2798.49,211.11,0,0
2024-11-11,North,Product A,Online,Enterprise,12830.86,46,13,10,13,1,238,6941.91,1466.02,1,2
2024-11-11,North,Product A,Online,SMB,8244.61,30,11,8,11,0,149,4400.73,780.84,1,2
2024-11-11,North,Product A,Retail Partner,Enterprise,9205.44,33,9,8,9,0,174,5101.7,492.54,1,1
2024-11-11,North,Product A,Retail Partner,SMB,5832.72,21,8,7,8,0,107,3151.58,300.66,1,1
2024-11-11,North,Product B,Online,Enterprise,7401.99,37,11,9,11,0,167,4454.99,731.46,0,2
2024-11-11,North,Product B,Online,SMB,4627.52,24,9,7,9,0,99,2812.96,421.57,0,1
2024-11-11,North,Product B,Retail Partner,Enterprise,5087.63,26,8,6,8,0,112,3111.5,322.19,0,1
2024-11-11,North,Product B,Retail Partner,SMB,3393.48,17,7,5,7,0,77,2019.08,187.68,0,1
2024-11-11,North,Product C,Online,Enterprise,10463.01,24,7,5,7,0,118,6252.24,1083.68,0,1
2024-11-11,North,Product C,Online,SMB,7344.66,17,7,5,7,0,77,4509.19,708.43,0,1
2024-11-11,North,Product C,Retail Partner,Enterprise,8119.61,19,5,4,5,0,92,4888.22,423.75,0,1
2024-11-11,North,Product C,Retail Partner,SMB,5175.72,12,5,4,5,0,65,3216.33,239.45,0,1
2024-11-11,South,Product A,Online,Enterprise,11345.96,40,11,9,11,1,179,6041.53,1015.06,1,2
2024-11-11,South,Product A,Online,SMB,7251.65,26,10,7,10,0,121,3855.31,634.31,1,1
2024-11-11,South,Product A,Retail Partner,Enterprise,8146.58,29,8,6,8,0,123,4374.68,492.16,1,1
2024-11-11,South,Product A,Retail Partner,SMB,5483.19,20,8,6,8,0,79,2995.91,309.75,0,1
2024-11-11,South,Product B,Online,Enterprise,6056.92,30,9,7,9,0,137,3564.64,526.5,1,1
2024-11-11,South,Product B,Online,SMB,4217.8,21,8,6,8,0,92,2538.04,449.29,1,1
2024-11-11,South,Product B,Retail Partner,Enterprise,4042.6,21,6,5,6,0,95,2470.04,197.08,1,1
2024-11-11,South,Product B,Retail Partner,SMB,2884.21,15,6,4,6,0,67,1795.08,162.87,0,1
2024-11-11,South,Product C,Online,Enterprise,9151.02,22,6,5,6,0,101,5675.92,775.08,0,1
2024-11-11,South,Product C,Online,SMB,6218.24,15,6,4,6,0,66,3840.69,648.44,0,1
2024-11-11,South,Product C,Retail Partner,Enterprise,6761.72,16,5,4,5,0,71,4230.78,346.95,0,1
2024-11-11,South,Product C,Retail Partner,SMB,4398.37,10,4,3,4,0,46,2612.92,211.37,0,0
2024-11-11,East,Product A,Online,Enterprise,8900.68,32,9,7,9,0,160,4850.21,802.48,0,1
2024-11-11,East,Product A,Online,SMB,6390.56,23,9,7,9,0,110,3458.94,622.24,1,1
2024-11-11,East,Product A,Retail Partner,Enterprise,6722.75,24,7,5,7,0,120,3590.32,323.8,0,1
2024-11-11,East,Product A,Retail Partner,SMB,4679.45,17,6,5,6,1,71,2542.64,238.34,1,1
2024-11-11,East,Product B,Online,Enterprise,5160.51,26,7,6,7,0,118,3058.22,505.74,1,1
2024-11-11,East,Product B,Online,SMB,2850.5,14,6,5,6,0,75,1736.43,263.37,0,1
2024-11-11,East,Product B,Retail Partner,Enterprise,3669.53,18,5,4,5,0,87,2202.44,199.54,0,1
2024-11-11,East,Product B,Retail Partner,SMB,2296.03,12,4,4,4,0,55,1373.36,130.5,0,1
2024-11-11,East,Product C,Online,Enterprise,8373.68,20,6,4,6,0,85,5048.19,867.37,0,1
2024-11-11,East,Product C,Online,SMB,5030.51,11,4,3,4,0,57,2976.06,487.54,0,1
2024-11-11,East,Product C,Retail Partner,Enterprise,6108.43,14,4,3,4,0,61,3621.81,304.99,0,1
2024-11-11,East,Product C,Retail Partner,SMB,4225.34,10,4,3,4,0,40,2575.53,255.99,0,0
2024-11-11,West,Product A,Online,Enterprise,12470.92,45,13,10,13,1,221,6828.38,1092.36,1,2
2024-11-11,West,Product A,Online,SMB,7647.92,27,10,8,10,0,134,4042.22,698.3,1,1
2024-11-11,West,Product A,Retail Partner,Enterprise,8455.21,30,8,7,8,0,150,4458.39,445.37,1,1
2024-11-11,West,Product A,Retail Partner,SMB,5540.73,20,8,6,8,0,92,2887.17,264.02,0,1
2024-11-11,West,Product B,Online,Enterprise,6409.47,32,9,7,9,0,151,3795.45,506.13,0,1
2024-11-11,West,Product B,Online,SMB,4067.41,21,8,6,8,1,98,2456.51,442.71,0,1
2024-11-11,West,Product B,Retail Partner,Enterprise,4903.95,25,7,6,7,0,111,2916.52,285.84,0,1
2024-11-11,West,Product B,Retail Partner,SMB,3029.43,15,6,5,6,0,72,1811.94,165.08,0,1
2024-11-11,West,Product C,Online,Enterprise,10152.76,23,7,5,7,0,107,6026.35,1199.83,0,1
2024-11-11,West,Product C,Online,SMB,7047.11,17,6,5,6,0,68,4414.05,584.22,0,1
2024-11-11,West,Product C,Retail Partner,Enterprise,7536.87,17,5,4,5,0,81,4639.71,370.04,0,1
2024-11-11,West,Product C,Retail Partner,SMB,4821.09,11,4,3,4,0,59,2954.14,256.77,0,1
2024-11-18,North,Product A,Online,Enterprise,13770.98,49,14,11,14,1,215,7543.25,1156.51,1,2
2024-11-18,North,Product A,Online,SMB,9352.66,34,13,10,13,1,146,5136.0,794.66,1,2
2024-11-18,North,Product A,Retail Partner,Enterprise,8612.63,31,9,6,9,0,156,4641.99,453.52,1,1
2024-11-18,North,Product A,Retail Partner,SMB,6098.23,22,8,7,8,0,100,3289.65,307.0,1,1
2024-11-18,North,Product B,Online,Enterprise,7509.87,39,11,9,11,1,158,4595.11,654.19,1,2
2024-11-18,North,Product B,Online,SMB,4835.42,24,9,7,9,0,105,2805.13,402.16,1,1
2024-11-18,North,Product B,Retail Partner,Enterprise,4844.15,25,7,5,7,0,115,2896.86,204.5,1,1
2024-11-18,North,Product B,Retail Partner,SMB,3350.32,17,7,5,7,0,77,2006.35,187.23,0,1
2024-11-18,North,Product C,Online,Enterprise,11263.6,26,7,6,7,0,124,6822.5,1117.52,1,1
2024-11-18,North,Product C,Online,SMB,7076.81,16,6,5,6,0,76,4274.89,670.47,0,1
2024-11-18,North,Product C,Retail Partner,Enterprise,7977.32,18,5,4,5,0,91,4791.99,385.17,0,1
2024-11-18,North,Product C,Retail Partner,SMB,5058.96,12,5,4,5,0,62,3072.11,239.66,0,1
2024-11-18,South,Product A,Online,Enterprise,11108.9,40,11,9,11,0,183,5983.63,1107.6,1,1
2024-11-18,South,Product A,Online,SMB,7823.81,28,11,8,11,0,125,4306.94,682.47,1,1
2024-11-18,South,Product A,Retail Partner,Enterprise,7278.54,26,8,6,8,0,125,3967.63,402.4,1,1
2024-11-18,South,Product A,Retail Partner,SMB,5614.27,20,8,6,8,0,88,3012.03,298.14,1,1
2024-11-18,South,Product B,Online,Enterprise,5524.04,28,8,6,8,0,136,3377.06,555.9,0,1
2024-11-18,South,Product B,Online,SMB,3645.72,19,7,6,7,0,87,2171.5,323.55,0,1
2024-11-18,South,Product B,Retail Partner,Enterprise,4412.32,22,6,5,6,0,92,2602.74,217.84,0,1
2024-11-18,South,Product B,Retail Partner,SMB,2798.0,14,6,4,6,0,69,1670.9,135.8,0,1
2024-11-18,South,Product C,Online,Enterprise,8216.89,19,5,4,5,0,101,5005.18,759.62,0,1
2024-11-18,South,Product C,Online,SMB,6198.26,14,5,4,5,0,65,3696.06,569.27,0,1
2024-11-18,South,Product C,Retail Partner,Enterprise,6498.72,15,4,3,4,0,70,3973.4,313.36,0,1
2024-11-18,South,Product C,Retail Partner,SMB,3874.27,9,3,3,3,0,49,2329.22,227.91,0,1
2024-11-18,East,Product A,Online,Enterprise,9888.67,36,10,8,10,0,150,5421.18,1064.36,1,2
2024-11-18,East,Product A,Online,SMB,6068.1,22,9,7,9,0,112,3429.2,632.15,1,1
2024-11-18,East,Product A,Retail Partner,Enterprise,6802.05,25,7,5,7,0,113,3675.29,352.66,1,1
2024-11-18,East,Product A,Retail Partner,SMB,4460.73,16,6,5,6,0,79,2397.21,210.77,0,1
2024-11-18,East,Product B,Online,Enterprise,4760.12,24,7,5,7,0,110,2811.13,449.8,0,1
2024-11-18,East,Product B,Online,SMB,3562.37,18,7,5,7,0,83,2156.35,350.27,0,1
2024-11-18,East,Product B,Retail Partner,Enterprise,3018.52,16,4,3,4,0,83,1860.96,148.49,0,1
2024-11-18,East,Product B,Retail Partner,SMB,2181.42,11,4,3,4,0,56,1326.11,121.25,0,0
2024-11-18,East,Product C,Online,Enterprise,7810.11,18,5,4,5,0,90,4779.85,657.66,0,1
2024-11-18,East,Product C,Online,SMB,4878.1,11,4,4,4,0,59,3004.8,427.23,0,1
2024-11-18,East,Product C,Retail Partner,Enterprise,5508.42,13,4,3,4,0,65,3234.51,268.41,0,1
2024-11-18,East,Product C,Retail Partner,SMB,3365.3,8,3,2,3,0,41,2093.77,177.64,0,0
2024-11-18,West,Product A,Online,Enterprise,12100.01,43,12,10,12,0,207,6595.08,1111.39,1,2
2024-11-18,West,Product A,Online,SMB,8526.01,31,12,9,12,1,144,4678.57,791.49,1,2
2024-11-18,West,Product A,Retail Partner,Enterprise,9056.87,32,9,7,9,0,156,4906.26,567.62,1,1
2024-11-18,West,Product A,Retail Partner,SMB,5977.76,22,8,6,8,0,99,3251.1,317.87,1,1
2024-11-18,West,Product B,Online,Enterprise,6383.27,32,9,7,9,1,145,3786.25,606.22,1,1
2024-11-18,West,Product B,Online,SMB,4501.75,23,9,7,9,0,91,2673.32,449.21,1,1
2024-11-18,West,Product B,Retail Partner,Enterprise,4682.7,24,7,5,7,0,117,2832.23,250.29,0,1
2024-11-18,West,Product B,Retail Partner,SMB,3044.66,15,6,5,6,0,72,1832.84,150.06,0,1
2024-11-18,West,Product C,Online,Enterprise,9925.77,23,7,5,7,0,121,6072.01,941.27,0,1
2024-11-18,West,Product C,Online,SMB,6381.83,15,6,4,6,0,69,3844.0,602.12,0,1
2024-11-18,West,Product C,Retail Partner,Enterprise,7611.62,18,5,4,5,0,88,4606.78,425.91,0,1
2024-11-18,West,Product C,Retail Partner,SMB,5595.71,13,5,4,5,0,50,3401.83,290.71,0,1
2024-11-25,North,Product A,Online,Enterprise,12655.03,45,13,10,13,1,227,6701.13,1103.34,1,2
2024-11-25,North,Product A,Online,SMB,8446.28,30,12,9,12,0,144,4541.39,699.2,1,2
2024-11-25,North,Product A,Retail Partner,Enterprise,9004.02,33,9,7,9,1,164,4810.24,444.84,1,1
2024-11-25,North,Product A,Retail Partner,SMB,6123.53,22,9,7,9,0,106,3337.76,337.67,1,2
2024-11-25,North,Product B,Online,Enterprise,7198.02,36,10,8,10,0,167,4286.33,695.77,1,2
2024-11-25,North,Product B,Online,SMB,5036.35,25,10,7,10,0,108,2963.87,468.92,1,2
2024-11-25,North,Product B,Retail Partner,Enterprise,5348.53,27,8,6,8,0,123,3245.22,283.27,1,1
2024-11-25,North,Product B,Retail Partner,SMB,3072.98,16,6,5,6,0,71,1874.15,154.43,0,1
2024-11-25,North,Product C,Online,Enterprise,11420.48,27,8,6,8,0,124,7062.05,1196.35,0,1
2024-11-25,North,Product C,Online,SMB,6983.77,16,6,5,6,0,81,4266.26,653.74,1,1
2024-11-25,North,Product C,Retail Partner,Enterprise,7553.55,18,5,4,5,0,90,4610.08,432.15,0,1
2024-11-25,North,Product C,Retail Partner,SMB,5279.04,12,5,4,5,0,59,3196.12,286.21,0,1
2024-11-25,South,Product A,Online,Enterprise,11031.74,39,11,9,11,1,192,5850.79,1030.95,1,1
2024-11-25,South,Product A,Online,SMB,7237.6,26,10,7,10,0,119,3879.3,784.08,1,1
2024-11-25,South,Product A,Retail Partner,Enterprise,8195.23,30,8,6,8,0,127,4488.26,384.83,1,1
2024-11-25,South,Product A,Retail Partner,SMB,4983.12,18,7,5,7,0,95,2680.81,228.52,0,1
2024-11-25,South,Product B,Online,Enterprise,5804.18,29,8,7,8,0,130,3446.15,550.08,0,1
2024-11-25,South,Product B,Online,SMB,3557.74,18,7,5,7,1,88,2194.04,342.49,0,1
2024-11-25,South,Product B,Retail Partner,Enterprise,4206.23,21,6,5,6,0,94,2522.71,232.1,0,1
2024-11-25,South,Product B,Retail Partner,SMB,2765.44,14,5,4,5,0,69,1665.89,164.51,0,1
2024-11-25,South,Product C,Online,Enterprise,9149.45,21,6,5,6,0,94,5625.78,884.98,0,1
2024-11-25,South,Product C,Online,SMB,6313.92,15,6,4,6,0,64,3873.61,613.52,0,1
2024-11-25,South,Product C,Retail Partner,Enterprise,6153.93,14,4,3,4,0,84,3726.5,313.13,0,0
2024-11-25,South,Product C,Retail Partner,SMB,4360.52,10,4,3,4,0,50,2620.14,235.29,0,1
2024-11-25,East,Product A,Online,Enterprise,9324.6,34,10,8,10,1,150,5122.91,843.09,0,1
2024-11-25,East,Product A,Online,SMB,6251.74,22,9,7,9,0,107,3331.26,617.59,1,1
2024-11-25,East,Product A,Retail Partner,Enterprise,6608.42,24,7,5,7,0,117,3522.56,345.85,0,1
2024-11-25,East,Product A,Retail Partner,SMB,4910.04,17,7,5,7,0,76,2629.5,258.76,0,1
2024-11-25,East,Product B,Online,Enterprise,4878.15,25,7,6,7,0,108,3057.9,402.93,0,1
2024-11-25,East,Product B,Online,SMB,3264.27,17,6,5,6,0,76,1983.09,293.73,0,1
2024-11-25,East,Product B,Retail Partner,Enterprise,3385.87,17,5,4,5,0,86,2011.04,196.9,0,1
2024-11-25,East,Product B,Retail Partner,SMB,2473.58,12,5,4,5,0,56,1456.56,131.35,0,1
2024-11-25,East,Product C,Online,Enterprise,8160.25,19,5,4,5,0,89,4867.65,733.75,0,1
2024-11-25,East,Product C,Online,SMB,5206.64,12,5,4,5,0,60,3231.2,506.86,0,1
2024-11-25,East,Product C,Retail Partner,Enterprise,5981.41,14,4,3,4,0,63,3596.64,299.17,0,1
2024-11-25,East,Product C,Retail Partner,SMB,3945.81,9,4,3,4,0,43,2476.77,193.1,0,0
2024-11-25,West,Product A,Online,Enterprise,12561.62,44,13,9,13,0,202,6746.62,1182.3,1,2
2024-11-25,West,Product A,Online,SMB,9387.22,33,13,10,13,1,143,4927.15,883.57,1,2
2024-11-25,West,Product A,Retail Partner,Enterprise,9169.85,32,9,7,9,0,150,4961.03,530.63,1,1
2024-11-25,West,Product A,Retail Partner,SMB,6095.09,22,8,7,8,0,99,3212.53,297.18,1,1
2024-11-25,West,Product B,Online,Enterprise,5683.6,29,8,7,8,0,166,3496.3,497.28,1,1
2024-11-25,West,Product B,Online,SMB,4229.36,22,8,7,8,0,102,2599.57,372.86,0,1
2024-11-25,West,Product B,Retail Partner,Enterprise,4626.18,23,7,5,7,0,130,2707.12,241.6,0,1
2024-11-25,West,Product B,Retail Partner,SMB,3384.13,17,7,5,7,0,72,2026.95,188.66,0,1
2024-11-25,West,Product C,Online,Enterprise,9931.23,23,7,5,7,0,104,5932.25,919.86,0,1
2024-11-25,West,Product C,Online,SMB,6585.51,16,6,5,6,0,72,4118.54,585.92,0,1
2024-11-25,West,Product C,Retail Partner,Enterprise,7188.51,17,5,4,5,0,84,4417.57,370.7,0,1
2024-11-25,West,Product C,Retail Partner,SMB,4857.82,12,4,4,4,0,53,3016.14,257.98,0,1
2024-12-02,North,Product A,Online,Enterprise,12901.16,46,13,10,13,1,215,6879.53,1220.35,1,2
2024-12-02,North,Product A,Online,SMB,9163.34,33,13,10,13,1,148,4954.98,847.9,0,3
2024-12-02,North,Product A,Retail Partner,Enterprise,9698.38,35,10,8,10,0,158,5298.26,565.4,0,2
2024-12-02,North,Product A,Retail Partner,SMB,6868.54,24,9,7,9,0,106,3691.06,374.89,1,1
2024-12-02,North,Product B,Online,Enterprise,6632.09,34,10,8,10,0,165,4013.07,610.83,1,1
2024-12-02,North,Product B,Online,SMB,4872.99,25,10,7,10,0,125,2963.54,416.39,1,1
2024-12-02,North,Product B,Retail Partner,Enterprise,4584.15,23,7,5,7,0,124,2742.93,260.0,0,1
2024-12-02,North,Product B,Retail Partner,SMB,3418.15,17,7,5,7,0,77,1972.36,196.5,0,1
2024-12-02,North,Product C,Online,Enterprise,10962.01,26,7,6,7,0,122,6692.05,1017.59,0,1
2024-12-02,North,Product C,Online,SMB,7429.84,18,7,5,7,0,75,4587.56,738.48,0,1
2024-12-02,North,Product C,Retail Partner,Enterprise,8482.84,20,6,5,6,0,88,5144.85,419.36,0,1
2024-12-02,North,Product C,Retail Partner,SMB,5302.92,12,5,3,5,0,57,3161.33,307.73,0,1
2024-12-02,South,Product A,Online,Enterprise,11079.58,40,11,9,11,0,183,6112.76,1032.31,1,2
2024-12-02,South,Product A,Online,SMB,6553.44,23,9,7,9,0,119,3519.86,585.03,0,1
2024-12-02,South,Product A,Retail Partner,Enterprise,7849.16,28,8,6,8,0,135,4302.46,436.2,1,1
2024-12-02,South,Product A,Retail Partner,SMB,4999.99,18,7,5,7,0,85,2700.87,225.78,0,1
2024-12-02,South,Product B,Online,Enterprise,6029.85,31,9,7,9,0,134,3666.8,590.48,1,1
2024-12-02,South,Product B,Online,SMB,3621.72,19,7,6,7,0,81,2222.64,302.7,1,1
2024-12-02,South,Product B,Retail Partner,Enterprise,4059.5,20,6,4,6,0,101,2385.41,221.83,0,1
2024-12-02,South,Product B,Retail Partner,SMB,2541.83,13,5,4,5,0,65,1537.35,147.0,0,1
2024-12-02,South,Product C,Online,Enterprise,9432.2,22,6,5,6,0,94,5633.54,884.79,0,1
2024-12-02,South,Product C,Online,SMB,5853.7,14,5,4,5,0,64,3507.95,508.28,0,1
2024-12-02,South,Product C,Retail Partner,Enterprise,7140.64,17,5,4,5,0,74,4420.12,366.9,0,1
2024-12-02,South,Product C,Retail Partner,SMB,4712.34,11,4,3,4,0,47,2868.44,240.45,0,1
2024-12-02,East,Product A,Online,Enterprise,10301.46,37,10,8,10,0,169,5601.95,892.84,0,2
2024-12-02,East,Product A,Online,SMB,5374.29,19,7,6,7,0,106,2914.54,495.85,0,1
2024-12-02,East,Product A,Retail Partner,Enterprise,6665.29,24,7,5,7,0,107,3547.76,308.13,0,1
2024-12-02,East,Product A,Retail Partner,SMB,4244.67,15,6,5,6,0,64,2248.31,237.64,0,1
2024-12-02,East,Product B,Online,Enterprise,4789.21,25,7,6,7,0,112,2969.76,417.34,0,1
2024-12-02,East,Product B,Online,SMB,3115.89,16,6,5,6,0,80,1903.84,271.64,0,1
2024-12-02,East,Product B,Retail Partner,Enterprise,3691.19,19,5,4,5,0,84,2230.38,196.35,0,1
2024-12-02,East,Product B,Retail Partner,SMB,2231.55,11,4,3,4,0,54,1299.07,122.99,0,1
2024-12-02,East,Product C,Online,Enterprise,8032.53,19,5,4,5,0,86,4903.72,781.31,0,1
2024-12-02,East,Product C,Online,SMB,5195.17,12,5,4,5,0,57,3096.49,463.4,0,1
2024-12-02,East,Product C,Retail Partner,Enterprise,6409.94,15,4,3,4,0,59,3874.34,356.15,0,0
2024-12-02,East,Product C,Retail Partner,SMB,3491.99,8,3,2,3,0,42,2151.6,182.84,0,1
2024-12-02,West,Product A,Online,Enterprise,12616.61,46,13,10,13,1,202,6953.16,1099.72,1,2
2024-12-02,West,Product A,Online,SMB,8141.5,29,11,9,11,0,141,4523.06,827.85,1,2
2024-12-02,West,Product A,Retail Partner,Enterprise,8504.63,31,9,7,9,1,141,4610.99,517.62,1,2
2024-12-02,West,Product A,Retail Partner,SMB,6097.11,22,8,6,8,0,94,3305.94,327.56,1,2
2024-12-02,West,Product B,Online,Enterprise,6343.18,32,9,8,9,1,142,3821.08,610.92,0,1
2024-12-02,West,Product B,Online,SMB,4403.21,22,9,7,9,0,106,2600.57,409.94,1,1
2024-12-02,West,Product B,Retail Partner,Enterprise,4441.72,23,6,5,6,0,105,2637.67,221.98,0,1
2024-12-02,West,Product B,Retail Partner,SMB,2976.46,15,6,4,6,0,70,1817.42,154.88,0,1
2024-12-02,West,Product C,Online,Enterprise,9765.67,23,7,5,7,0,106,5967.74,800.67,0,1
2024-12-02,West,Product C,Online,SMB,6433.98,15,6,4,6,0,69,3911.87,610.76,0,1
2024-12-02,West,Product C,Retail Partner,Enterprise,7591.96,18,5,4,5,0,82,4667.01,388.15,0,1
2024-12-02,West,Product C,Retail Partner,SMB,5052.31,12,4,3,4,0,55,3055.84,285.4,0,1
2024-12-09,North,Product A,Online,Enterprise,12612.9,45,13,10,13,1,210,6863.81,994.21,1,2
2024-12-09,North,Product A,Online,SMB,7384.99,27,10,8,10,0,142,4067.94,781.67,1,2
2024-12-09,North,Product A,Retail Partner,Enterprise,9255.91,34,10,8,10,1,147,5098.64,476.66,1,1
2024-12-09,North,Product A,Retail Partner,SMB,5865.28,21,8,6,8,0,104,3154.85,306.09,1,1
2024-12-09,North,Product B,Online,Enterprise,6646.67,33,9,7,9,0,162,3910.22,542.49,1,1
2024-12-09,North,Product B,Online,SMB,4602.29,23,9,7,9,1,120,2823.66,404.15,1,1
2024-12-09,North,Product B,Retail Partner,Enterprise,4630.23,23,7,5,7,0,113,2799.58,244.2,0,1
2024-12-09,North,Product B,Retail Partner,SMB,3629.8,18,7,6,7,0,84,2130.39,184.95,1,1
2024-12-09,North,Product C,Online,Enterprise,10713.0,25,7,5,7,0,127,6643.28,1177.34,0,1
2024-12-09,North,Product C,Online,SMB,7043.35,17,6,5,6,1,80,4314.57,684.39,0,1
2024-12-09,North,Product C,Retail Partner,Enterprise,8465.7,20,6,4,6,0,90,5108.4,417.27,0,1
2024-12-09,North,Product C,Retail Partner,SMB,5405.89,13,5,4,5,0,57,3318.77,290.66,0,1
2024-12-09,South,Product A,Online,Enterprise,10558.59,38,11,8,11,1,181,5704.26,1037.46,1,2
2024-12-09,South,Product A,Online,SMB,7157.56,26,10,8,10,1,114,3859.17,642.36,1,2
2024-12-09,South,Product A,Retail Partner,Enterprise,7567.76,27,8,6,8,0,123,4084.34,385.85,1,1
2024-12-09,South,Product A,Retail Partner,SMB,4695.05,17,6,5,6,0,82,2503.96,225.09,0,1
2024-12-09,South,Product B,Online,Enterprise,5630.38,29,8,6,8,0,135,3452.02,511.53,1,1
2024-12-09,South,Product B,Online,SMB,3549.53,18,7,6,7,0,87,2151.63,342.01,1,1
2024-12-09,South,Product B,Retail Partner,Enterprise,3987.27,20,6,4,6,0,95,2388.93,187.02,0,1
2024-12-09,South,Product B,Retail Partner,SMB,2707.88,14,5,4,5,0,64,1657.18,154.73,0,1
2024-12-09,South,Product C,Online,Enterprise,8304.42,19,5,4,5,0,98,4996.0,887.94,0,1
2024-12-09,South,Product C,Online,SMB,5959.09,14,5,4,5,0,69,3558.97,535.77,0,1
2024-12-09,South,Product C,Retail Partner,Enterprise,6616.82,16,4,3,4,0,67,3997.16,351.65,0,1
2024-12-09,South,Product C,Retail Partner,SMB,4685.57,11,4,3,4,0,48,2846.77,242.62,0,0
2024-12-09,East,Product A,Online,Enterprise,9606.25,35,10,8,10,0,154,5208.86,863.35,1,1
2024-12-09,East,Product A,Online,SMB,6517.86,23,9,7,9,0,108,3507.1,511.68,1,1
2024-12-09,East,Product A,Retail Partner,Enterprise,6451.22,23,7,5,7,0,117,3583.5,420.14,0,1
2024-12-09,East,Product A,Retail Partner,SMB,4857.92,17,7,5,7,0,73,2536.98,245.26,0,1
2024-12-09,East,Product B,Online,Enterprise,5144.9,26,7,6,7,0,100,3101.48,459.41,1,1
2024-12-09,East,Product B,Online,SMB,2922.83,15,6,4,6,0,73,1754.8,313.63,0,1
2024-12-09,East,Product B,Retail Partner,Enterprise,3713.3,19,5,4,5,0,85,2188.92,198.7,0,1
2024-12-09,East,Product B,Retail Partner,SMB,2341.56,12,5,3,5,0,54,1399.09,124.36,0,1
2024-12-09,East,Product C,Online,Enterprise,7630.67,18,5,4,5,0,86,4596.49,761.61,0,1
2024-12-09,East,Product C,Online,SMB,4852.97,12,4,4,4,0,53,2996.4,401.63,0,0
2024-12-09,East,Product C,Retail Partner,Enterprise,5508.69,13,4,3,4,0,63,3358.65,294.28,0,1
2024-12-09,East,Product C,Retail Partner,SMB,3490.65,8,3,2,3,0,43,2129.98,177.99,0,0
2024-12-09,West,Product A,Online,Enterprise,11916.4,43,12,9,12,1,194,6468.6,1054.93,1,2
2024-12-09,West,Product A,Online,SMB,7490.9,27,10,8,10,1,124,4103.32,609.01,1,1
2024-12-09,West,Product A,Retail Partner,Enterprise,8460.31,31,9,7,9,0,139,4609.3,461.63,1,1
2024-12-09,West,Product A,Retail Partner,SMB,5601.39,20,8,6,8,0,88,3045.21,271.93,0,1
2024-12-09,West,Product B,Online,Enterprise,7213.3,37,10,8,10,0,165,4286.68,623.36,1,1
2024-12-09,West,Product B,Online,SMB,4233.53,21,8,7,8,0,101,2478.1,368.57,0,1
2024-12-09,West,Product B,Retail Partner,Enterprise,4349.28,22,6,5,6,0,107,2576.23,230.34,0,1
2024-12-09,West,Product B,Retail Partner,SMB,2813.47,14,6,4,6,0,73,1702.48,130.16,0,1
2024-12-09,West,Product C,Online,Enterprise,10428.91,24,7,6,7,0,121,6236.49,1015.88,1,1
2024-12-09,West,Product C,Online,SMB,6786.85,16,6,5,6,0,81,4093.79,672.33,0,1
2024-12-09,West,Product C,Retail Partner,Enterprise,7742.23,18,5,4,5,0,79,4715.53,425.04,0,1
2024-12-09,West,Product C,Retail Partner,SMB,4828.35,11,4,3,4,0,54,2899.54,228.89,0,1
2024-12-16,North,Product A,Online,Enterprise,13550.21,49,14,10,14,1,215,7383.77,1113.63,1,2
2024-12-16,North,Product A,Online,SMB,8633.48,31,12,9,12,1,137,4661.03,800.2,1,2
2024-12-16,North,Product A,Retail Partner,Enterprise,9999.79,36,10,8,10,1,163,5347.87,515.65,1,1
2024-12-16,North,Product A,Retail Partner,SMB,6235.43,22,9,7,9,0,111,3417.63,364.89,1,1
2024-12-16,North,Product B,Online,Enterprise,6654.95,34,10,8,10,0,173,4058.23,629.77,1,1
2024-12-16,North,Product B,Online,SMB,4411.28,22,9,7,9,0,106,2621.59,375.05,1,1
2024-12-16,North,Product B,Retail Partner,Enterprise,4936.98,25,7,6,7,0,113,2977.13,236.85,0,1
2024-12-16,North,Product B,Retail Partner,SMB,3054.88,16,6,5,6,0,72,1873.09,174.79,0,1
2024-12-16,North,Product C,Online,Enterprise,10274.98,24,7,5,7,0,121,6299.13,966.09,0,1
2024-12-16,North,Product C,Online,SMB,8113.08,19,7,6,7,0,74,4924.51,729.63,0,1
2024-12-16,North,Product C,Retail Partner,Enterprise,8274.45,20,6,4,6,0,86,5074.75,483.68,0,1
2024-12-16,North,Product C,Retail Partner,SMB,4954.0,12,4,4,4,0,55,3017.49,265.81,0,1
2024-12-16,South,Product A,Online,Enterprise,12789.17,46,13,10,13,0,189,6917.94,1279.11,1,2
2024-12-16,South,Product A,Online,SMB,7002.17,25,10,7,10,1,115,3736.51,739.13,1,1
2024-12-16,South,Product A,Retail Partner,Enterprise,7852.52,28,8,6,8,0,129,4142.96,479.78,1,1
2024-12-16,South,Product A,Retail Partner,SMB,4489.31,16,6,5,6,0,88,2430.7,222.38,0,1
2024-12-16,South,Product B,Online,Enterprise,5829.2,29,8,6,8,0,127,3519.23,591.12,0,1
2024-12-16,South,Product B,Online,SMB,3809.58,19,7,5,7,0,88,2255.32,303.45,0,1
2024-12-16,South,Product B,Retail Partner,Enterprise,3826.73,19,5,4,5,0,98,2284.97,213.36,0,1
2024-12-16,South,Product B,Retail Partner,SMB,2468.71,13,5,4,5,0,59,1521.9,126.23,0,1
2024-12-16,South,Product C,Online,Enterprise,9518.17,22,6,5,6,0,97,5693.6,880.25,0,1
2024-12-16,South,Product C,Online,SMB,5752.6,14,5,4,5,0,65,3510.07,536.86,0,1
2024-12-16,South,Product C,Retail Partner,Enterprise,6558.81,15,4,3,4,0,68,4024.88,346.14,0,1
2024-12-16,South,Product C,Retail Partner,SMB,4410.11,11,4,3,4,0,49,2765.36,245.58,0,1
2024-12-16,East,Product A,Online,Enterprise,9783.78,35,10,8,10,0,155,5250.82,937.93,1,2
2024-12-16,East,Product A,Online,SMB,6151.54,22,8,6,8,0,109,3325.6,588.11,1,1
2024-12-16,East,Product A,Retail Partner,Enterprise,6671.44,24,7,5,7,1,120,3563.67,333.33,1,1
2024-12-16,East,Product A,Retail Partner,SMB,4197.06,15,6,5,6,0,81,2290.73,222.81,0,1
2024-12-16,East,Product B,Online,Enterprise,4938.51,25,7,5,7,0,116,2944.63,533.57,0,1
2024-12-16,East,Product B,Online,SMB,3258.61,17,6,5,6,0,76,1983.35,317.34,0,1
2024-12-16,East,Product B,Retail Partner,Enterprise,3101.85,15,4,4,4,0,78,1827.79,176.47,0,1
2024-12-16,East,Product B,Retail Partner,SMB,2218.08,11,4,3,4,0,54,1310.7,125.09,0,1
2024-12-16,East,Product C,Online,Enterprise,7715.25,18,5,4,5,0,81,4644.21,719.53,0,1
2024-12-16,East,Product C,Online,SMB,4705.53,11,4,3,4,0,59,2936.65,440.9,0,1
2024-12-16,East,Product C,Retail Partner,Enterprise,5525.97,13,4,3,4,0,62,3362.2,228.2,0,1
2024-12-16,East,Product C,Retail Partner,SMB,3850.37,9,3,3,3,0,38,2284.11,198.14,0,1
2024-12-16,West,Product A,Online,Enterprise,12093.68,44,12,10,12,0,214,6676.44,1124.58,1,2
2024-12-16,West,Product A,Online,SMB,6870.66,25,10,8,10,0,130,3933.63,626.25,1,1
2024-12-16,West,Product A,Retail Partner,Enterprise,8742.68,32,9,7,9,0,151,4648.76,460.81,1,1
2024-12-16,West,Product A,Retail Partner,SMB,5993.97,21,8,6,8,0,108,3260.63,339.78,0,1
2024-12-16,West,Product B,Online,Enterprise,6719.86,34,10,8,10,1,144,4011.52,626.19,1,1
2024-12-16,West,Product B,Online,SMB,4685.87,24,9,7,9,1,107,2845.42,466.4,1,1
2024-12-16,West,Product B,Retail Partner,Enterprise,4412.26,22,6,5,6,0,110,2658.77,226.65,1,1
2024-12-16,West,Product B,Retail Partner,SMB,3031.12,16,6,5,6,0,70,1894.35,164.12,1,1
2024-12-16,West,Product C,Online,Enterprise,9957.14,23,7,5,7,0,110,5955.54,1021.44,1,1
2024-12-16,West,Product C,Online,SMB,6481.61,15,6,4,6,0,74,3962.64,604.06,0,1
2024-12-16,West,Product C,Retail Partner,Enterprise,7950.58,18,5,4,5,0,79,4754.05,417.15,0,1
2024-12-16,West,Product C,Retail Partner,SMB,5319.18,12,5,4,5,0,54,3177.5,268.37,0,1
2024-12-23,North,Product A,Online,Enterprise,13294.47,48,14,10,14,1,236,7355.87,1165.02,1,2
2024-12-23,North,Product A,Online,SMB,8961.44,33,13,9,13,0,152,4890.17,863.95,1,2
2024-12-23,North,Product A,Retail Partner,Enterprise,9527.81,35,10,8,10,0,154,5267.76,479.25,1,1
2024-12-23,North,Product A,Retail Partner,SMB,6198.57,22,9,7,9,0,105,3365.85,349.49,0,1
2024-12-23,North,Product B,Online,Enterprise,7192.41,37,10,8,10,1,164,4326.32,674.48,1,1
2024-12-23,North,Product B,Online,SMB,4072.01,21,8,6,8,1,120,2493.82,397.48,1,1
2024-12-23,North,Product B,Retail Partner,Enterprise,5278.77,27,8,6,8,0,114,3127.45,265.73,0,1
2024-12-23,North,Product B,Retail Partner,SMB,3193.74,16,6,5,6,0,83,1906.9,170.55,0,1
2024-12-23,North,Product C,Online,Enterprise,11696.87,27,8,6,8,0,120,7158.59,1000.71,0,1
2024-12-23,North,Product C,Online,SMB,7628.62,18,7,5,7,0,81,4723.53,663.03,0,1
2024-12-23,North,Product C,Retail Partner,Enterprise,8016.58,19,5,4,5,0,88,4822.88,416.85,0,1
2024-12-23,North,Product C,Retail Partner,SMB,5324.62,13,5,4,5,0,60,3288.15,294.13,0,1
2024-12-23,South,Product A,Online,Enterprise,10336.4,37,10,8,10,1,174,5618.87,889.1,1,2
2024-12-23,South,Product A,Online,SMB,7530.97,27,10,8,10,1,111,4028.09,684.08,1,2
2024-12-23,South,Product A,Retail Partner,Enterprise,7344.27,27,8,6,8,0,125,3992.34,369.8,0,1
2024-12-23,South,Product A,Retail Partner,SMB,5329.82,19,7,6,7,0,90,2824.53,266.75,0,1
2024-12-23,South,Product B,Online,Enterprise,5649.51,29,8,6,8,0,129,3388.72,497.06,1,1
2024-12-23,South,Product B,Online,SMB,3603.0,18,7,5,7,0,89,2127.45,378.7,0,1
2024-12-23,South,Product B,Retail Partner,Enterprise,3848.68,20,6,4,6,0,99,2316.81,231.18,0,1
2024-12-23,South,Product B,Retail Partner,SMB,2691.63,14,5,4,5,0,61,1637.9,143.14,0,1
2024-12-23,South,Product C,Online,Enterprise,9186.79,21,6,5,6,0,90,5497.28,838.88,0,1
2024-12-23,South,Product C,Online,SMB,5957.92,14,5,4,5,0,59,3623.17,565.06,0,1
2024-12-23,South,Product C,Retail Partner,Enterprise,6872.54,16,5,4,5,0,74,4247.72,343.17,0,0
2024-12-23,South,Product C,Retail Partner,SMB,4428.45,10,4,3,4,0,49,2746.8,199.1,0,1
2024-12-23,East,Product A,Online,Enterprise,9009.45,33,9,7,9,1,159,5175.84,800.55,1,1
2024-12-23,East,Product A,Online,SMB,6175.13,22,9,6,9,0,106,3362.74,534.94,0,1
2024-12-23,East,Product A,Retail Partner,Enterprise,6788.01,24,7,5,7,0,109,3585.48,369.05,1,1
2024-12-23,East,Product A,Retail Partner,SMB,4093.33,15,6,4,6,0,75,2203.97,198.97,1,1
2024-12-23,East,Product B,Online,Enterprise,4942.86,25,7,5,7,1,113,2908.68,453.06,0,1
2024-12-23,East,Product B,Online,SMB,3048.52,16,6,5,6,0,76,1840.41,321.19,0,1
2024-12-23,East,Product B,Retail Partner,Enterprise,3538.31,18,5,4,5,0,86,2125.68,204.98,0,1
2024-12-23,East,Product B,Retail Partner,SMB,2572.4,13,5,4,5,0,57,1515.76,139.21,0,1
2024-12-23,East,Product C,Online,Enterprise,8180.84,19,5,4,5,0,86,4945.28,787.11,0,1
2024-12-23,East,Product C,Online,SMB,5249.31,12,5,4,5,0,53,3181.92,481.64,0,1
2024-12-23,East,Product C,Retail Partner,Enterprise,5766.66,13,4,3,4,0,62,3413.31,282.8,0,1
2024-12-23,East,Product C,Retail Partner,SMB,3882.04,9,3,3,3,0,43,2322.29,202.37,0,0
2024-12-23,West,Product A,Online,Enterprise,12898.02,46,13,10,13,1,188,7056.12,1229.96,1,2
2024-12-23,West,Product A,Online,SMB,7637.65,27,11,8,11,0,133,4119.68,748.97,1,1
2024-12-23,West,Product A,Retail Partner,Enterprise,8750.64,31,9,7,9,1,147,4746.29,454.55,1,1
2024-12-23,West,Product A,Retail Partner,SMB,5847.85,21,8,7,8,0,92,3208.01,309.17,1,1
2024-12-23,West,Product B,Online,Enterprise,6872.24,35,10,8,10,0,140,4192.31,710.86,1,2
2024-12-23,West,Product B,Online,SMB,4336.53,22,8,7,8,0,101,2646.58,379.19,0,1
2024-12-23,West,Product B,Retail Partner,Enterprise,4787.54,25,7,6,7,0,108,2879.17,260.71,1,1
2024-12-23,West,Product B,Retail Partner,SMB,3310.86,16,6,5,6,0,75,1918.71,176.86,0,1
2024-12-23,West,Product C,Online,Enterprise,9607.3,22,6,5,6,0,114,5807.46,961.85,0,1
2024-12-23,West,Product C,Online,SMB,7209.54,17,6,5,6,0,72,4270.52,568.75,0,1
2024-12-23,West,Product C,Retail Partner,Enterprise,7458.76,17,5,4,5,0,82,4461.61,502.35,0,1
2024-12-23,West,Product C,Retail Partner,SMB,4576.46,11,4,3,4,0,54,2774.65,234.44,0,1
2024-12-30,North,Product A,Online,Enterprise,13388.42,47,13,10,13,1,231,7025.45,1236.37,1,2
2024-12-30,North,Product A,Online,SMB,8397.65,30,12,9,12,0,151,4500.8,730.39,1,2
2024-12-30,North,Product A,Retail Partner,Enterprise,9221.65,33,9,7,9,1,161,5067.37,495.38,1,2
2024-12-30,North,Product A,Retail Partner,SMB,6778.56,24,9,7,9,0,101,3617.0,364.65,1,2
2024-12-30,North,Product B,Online,Enterprise,7472.98,38,11,8,11,1,158,4447.45,746.83,1,1
2024-12-30,North,Product B,Online,SMB,4579.89,23,9,7,9,0,113,2683.12,361.88,1,1
2024-12-30,North,Product B,Retail Partner,Enterprise,5001.74,25,7,6,7,0,118,2979.68,248.85,0,1
2024-12-30,North,Product B,Retail Partner,SMB,3353.61,17,6,5,6,0,82,1939.77,183.23,0,2
2024-12-30,North,Product C,Online,Enterprise,11322.48,27,8,6,8,0,127,6890.46,1047.21,0,1
2024-12-30,North,Product C,Online,SMB,7611.51,18,7,5,7,0,91,4653.91,715.09,0,1
2024-12-30,North,Product C,Retail Partner,Enterprise,8519.92,20,6,4,6,0,90,5207.63,419.53,0,1
2024-12-30,North,Product C,Retail Partner,SMB,4546.12,11,4,3,4,0,56,2780.27,246.17,0,1
2024-12-30,South,Product A,Online,Enterprise,9954.27,36,10,8,10,0,179,5355.13,895.45,1,1
2024-12-30,South,Product A,Online,SMB,7125.27,26,10,8,10,0,122,3935.54,703.04,1,1
2024-12-30,South,Product A,Retail Partner,Enterprise,7128.32,25,7,5,7,0,134,3810.0,331.96,0,1
2024-12-30,South,Product A,Retail Partner,SMB,5206.6,19,7,6,7,1,87,2824.97,300.76,0,1
2024-12-30,South,Product B,Online,Enterprise,6006.54,31,9,7,9,0,135,3597.52,509.98,0,1
2024-12-30,South,Product B,Online,SMB,3796.24,19,7,6,7,0,97,2222.22,325.8,1,1
2024-12-30,South,Product B,Retail Partner,Enterprise,4124.54,21,6,5,6,0,95,2479.31,236.0,0,1
2024-12-30,South,Product B,Retail Partner,SMB,2476.8,13,5,4,5,0,63,1498.89,148.45,0,1
2024-12-30,South,Product C,Online,Enterprise,8728.83,20,6,5,6,0,94,5289.52,776.86,0,1
2024-12-30,South,Product C,Online,SMB,5916.99,14,5,4,5,0,70,3653.87,585.46,0,1
2024-12-30,South,Product C,Retail Partner,Enterprise,6573.27,15,4,3,4,0,77,3983.95,377.7,0,1
2024-12-30,South,Product C,Retail Partner,SMB,4478.96,10,4,3,4,0,48,2680.21,201.95,0,0
2024-12-30,East,Product A,Online,Enterprise,9476.97,33,9,8,9,0,160,4990.8,785.3,1,2
2024-12-30,East,Product A,Online,SMB,6017.18,22,8,6,8,0,107,3340.77,571.43,1,1
2024-12-30,East,Product A,Retail Partner,Enterprise,6994.95,25,7,6,7,0,116,3871.29,382.45,1,1
2024-12-30,East,Product A,Retail Partner,SMB,4191.9,15,6,4,6,0,68,2229.64,218.12,0,1
2024-12-30,East,Product B,Online,Enterprise,4808.02,25,7,6,7,0,121,2933.81,382.8,0,1
2024-12-30,East,Product B,Online,SMB,3142.95,16,6,5,6,0,75,1898.69,262.77,0,1
2024-12-30,East,Product B,Retail Partner,Enterprise,3296.21,17,5,4,5,0,82,2054.43,167.4,0,1
2024-12-30,East,Product B,Retail Partner,SMB,2363.7,12,5,4,5,0,58,1431.39,129.69,0,1
2024-12-30,East,Product C,Online,Enterprise,7875.12,19,5,4,5,0,84,4838.86,753.99,0,1
2024-12-30,East,Product C,Online,SMB,4943.35,12,4,3,4,0,58,3037.87,414.63,0,1
2024-12-30,East,Product C,Retail Partner,Enterprise,5817.63,13,4,3,4,0,63,3476.11,306.17,0,1
2024-12-30,East,Product C,Retail Partner,SMB,3658.22,9,3,3,3,0,38,2231.14,175.79,0,1
2024-12-30,West,Product A,Online,Enterprise,13005.37,47,13,10,13,1,198,6971.24,1349.89,1,2
2024-12-30,West,Product A,Online,SMB,8297.46,29,11,9,11,0,132,4418.21,684.35,1,2
2024-12-30,West,Product A,Retail Partner,Enterprise,9309.78,33,9,8,9,0,145,5013.59,519.44,0,1
2024-12-30,West,Product A,Retail Partner,SMB,5644.62,20,8,6,8,0,91,2990.19,297.32,0,1
2024-12-30,West,Product B,Online,Enterprise,6403.23,33,9,7,9,0,149,3904.24,624.5,1,1
2024-12-30,West,Product B,Online,SMB,4760.79,24,9,7,9,0,106,2847.99,463.37,1,2
2024-12-30,West,Product B,Retail Partner,Enterprise,4715.84,24,7,5,7,0,115,2782.47,229.57,0,1
2024-12-30,West,Product B,Retail Partner,SMB,3196.09,16,6,5,6,0,72,1933.29,199.97,0,1
2024-12-30,West,Product C,Online,Enterprise,9912.3,23,7,5,7,0,121,5906.39,930.67,0,1
2024-12-30,West,Product C,Online,SMB,7467.2,17,7,5,7,0,74,4603.07,601.6,0,1
2024-12-30,West,Product C,Retail Partner,Enterprise,7672.68,18,5,4,5,0,69,4751.76,346.44,0,1
2024-12-30,West,Product C,Retail Partner,SMB,4898.64,11,4,3,4,0,54,2981.0,237.32,0,1
2025-01-06,North,Product A,Online,Enterprise,12946.57,47,13,11,13,1,220,7163.32,1158.88,1,2
2025-01-06,North,Product A,Online,SMB,8719.36,31,12,9,12,1,135,4726.32,827.99,1,2
2025-01-06,North,Product A,Retail Partner,Enterprise,9589.84,35,10,8,10,0,160,5237.09,542.45,0,2
2025-01-06,North,Product A,Retail Partner,SMB,6342.74,23,9,7,9,0,97,3485.12,339.92,1,1
2025-01-06,North,Product B,Online,Enterprise,7082.6,36,10,9,10,1,160,4347.37,686.57,1,1
2025-01-06,North,Product B,Online,SMB,4356.58,22,8,7,8,0,113,2577.12,383.74,0,1
2025-01-06,North,Product B,Retail Partner,Enterprise,5033.15,25,7,6,7,0,126,2915.58,275.45,0,1
2025-01-06,North,Product B,Retail Partner,SMB,2932.28,15,6,5,6,0,79,1786.21,159.21,1,1
2025-01-06,North,Product C,Online,Enterprise,10574.04,24,7,5,7,0,121,6350.46,889.28,0,1
2025-01-06,North,Product C,Online,SMB,8346.36,19,7,5,7,0,86,4914.25,762.72,0,1
2025-01-06,North,Product C,Retail Partner,Enterprise,7636.18,18,5,4,5,0,84,4708.45,369.7,0,1
2025-01-06,North,Product C,Retail Partner,SMB,5697.15,13,5,4,5,0,59,3367.13,317.71,0,1
2025-01-06,South,Product A,Online,Enterprise,10444.98,38,11,9,11,1,175,5773.18,922.81,1,2
2025-01-06,South,Product A,Online,SMB,6946.46,25,10,8,10,0,125,3737.98,617.88,1,1
2025-01-06,South,Product A,Retail Partner,Enterprise,7679.7,27,8,6,8,0,125,3996.02,383.36,0,1
2025-01-06,South,Product A,Retail Partner,SMB,5407.27,19,7,6,7,0,91,2886.56,270.34,0,1
2025-01-06,South,Product B,Online,Enterprise,5748.6,29,8,7,8,0,131,3383.41,498.31,1,1
2025-01-06,South,Product B,Online,SMB,3649.39,18,7,6,7,0,94,2178.1,332.5,0,1
2025-01-06,South,Product B,Retail Partner,Enterprise,3738.2,19,5,4,5,0,107,2216.53,170.48,0,1
2025-01-06,South,Product B,Retail Partner,SMB,2744.66,14,5,4,5,0,75,1625.46,112.92,0,1
2025-01-06,South,Product C,Online,Enterprise,8408.08,19,6,4,6,0,94,5081.68,808.76,0,1
2025-01-06,South,Product C,Online,SMB,6119.16,14,5,4,5,0,69,3653.62,508.52,0,1
2025-01-06,South,Product C,Retail Partner,Enterprise,6651.95,15,4,3,4,0,72,3927.0,338.29,0,1
2025-01-06,South,Product C,Retail Partner,SMB,4780.54,11,4,3,4,0,44,2872.59,269.86,0,1
2025-01-06,East,Product A,Online,Enterprise,9632.68,35,10,7,10,0,155,5223.75,923.92,1,1
2025-01-06,East,Product A,Online,SMB,6808.75,24,9,7,9,0,100,3645.8,569.88,1,1
2025-01-06,East,Product A,Retail Partner,Enterprise,6725.76,24,7,5,7,0,115,3661.88,340.29,0,1
2025-01-06,East,Product A,Retail Partner,SMB,4376.19,15,6,5,6,0,71,2300.18,223.45,0,1
2025-01-06,East,Product B,Online,Enterprise,4218.56,22,6,5,6,0,115,2563.19,390.27,0,1
2025-01-06,East,Product B,Online,SMB,3394.17,17,7,5,7,0,79,2101.39,340.73,0,1
2025-01-06,East,Product B,Retail Partner,Enterprise,3581.29,18,5,4,5,0,79,2147.97,216.77,0,1
2025-01-06,East,Product B,Retail Partner,SMB,2208.74,11,4,4,4,0,56,1301.81,131.67,0,1
2025-01-06,East,Product C,Online,Enterprise,7232.49,17,5,4,5,0,82,4375.65,718.07,0,1
2025-01-06,East,Product C,Online,SMB,5081.26,11,4,3,4,0,56,2962.12,469.01,0,1
2025-01-06,East,Product C,Retail Partner,Enterprise,5372.35,13,4,3,4,0,63,3290.34,250.46,0,0
2025-01-06,East,Product C,Retail Partner,SMB,4014.75,9,4,3,4,0,40,2458.54,179.26,0,0
2025-01-06,West,Product A,Online,Enterprise,12889.24,47,13,10,13,1,202,6994.19,1256.16,1,2
2025-01-06,West,Product A,Online,SMB,8702.72,31,12,9,12,1,139,4645.18,764.8,1,2
2025-01-06,West,Product A,Retail Partner,Enterprise,8026.48,29,8,6,8,0,143,4494.06,419.85,0,1
2025-01-06,West,Product A,Retail Partner,SMB,5274.25,19,7,6,7,0,102,2821.18,264.38,0,1
2025-01-06,West,Product B,Online,Enterprise,6562.59,34,10,7,10,1,137,3909.45,590.17,1,1
2025-01-06,West,Product B,Online,SMB,4633.55,23,9,7,9,0,105,2740.85,430.2,1,1
2025-01-06,West,Product B,Retail Partner,Enterprise,4284.5,22,6,5,6,0,114,2538.56,228.21,0,1
2025-01-06,West,Product B,Retail Partner,SMB,2904.15,15,6,4,6,0,70,1765.95,132.48,0,1
2025-01-06,West,Product C,Online,Enterprise,9271.19,22,6,5,6,0,110,5558.16,864.68,0,1
2025-01-06,West,Product C,Online,SMB,7020.41,17,6,5,6,0,69,4288.89,615.59,0,1
2025-01-06,West,Product C,Retail Partner,Enterprise,7018.61,16,5,4,5,0,84,4269.0,348.0,0,1
2025-01-06,West,Product C,Retail Partner,SMB,4644.78,11,4,3,4,0,55,2768.76,216.98,0,1
2025-01-13,North,Product A,Online,Enterprise,12676.37,46,13,10,13,1,233,6855.3,1387.07,1,2
2025-01-13,North,Product A,Online,SMB,9234.69,33,13,10,13,0,141,4932.25,1039.4,1,2
2025-01-13,North,Product A,Retail Partner,Enterprise,9081.07,33,9,7,9,0,147,5044.52,462.05,1,1
2025-01-13,North,Product A,Retail Partner,SMB,6123.43,22,8,6,8,0,106,3255.82,326.15,1,1
2025-01-13,North,Product B,Online,Enterprise,6691.59,35,10,8,10,1,165,4102.33,651.66,1,2
2025-01-13,North,Product B,Online,SMB,4746.45,24,9,7,9,0,110,2857.0,374.14,0,1
2025-01-13,North,Product B,Retail Partner,Enterprise,5108.84,26,7,6,7,0,116,3084.65,295.3,1,1
2025-01-13,North,Product B,Retail Partner,SMB,3514.3,18,7,5,7,0,70,2102.44,182.71,0,1
2025-01-13,North,Product C,Online,Enterprise,10693.71,25,7,6,7,0,122,6680.82,905.83,0,1
2025-01-13,North,Product C,Online,SMB,7802.63,18,7,5,7,0,77,4555.24,764.94,1,1
2025-01-13,North,Product C,Retail Partner,Enterprise,7550.17,18,5,4,5,0,84,4576.78,416.1,0,1
2025-01-13,North,Product C,Retail Partner,SMB,5634.62,13,5,4,5,0,58,3370.93,262.15,0,1
2025-01-13,South,Product A,Online,Enterprise,10902.51,40,11,9,11,0,173,6162.28,1100.36,1,2
2025-01-13,South,Product A,Online,SMB,7381.87,26,10,8,10,0,121,3987.4,648.61,1,1
2025-01-13,South,Product A,Retail Partner,Enterprise,7255.49,26,7,6,7,0,121,3854.37,357.6,0,1
2025-01-13,South,Product A,Retail Partner,SMB,5094.5,18,7,5,7,0,82,2676.65,301.58,0,1
2025-01-13,South,Product B,Online,Enterprise,5562.67,29,8,6,8,0,136,3379.34,498.14,1,1
2025-01-13,South,Product B,Online,SMB,3898.74,20,8,6,8,0,89,2322.19,396.58,1,1
2025-01-13,South,Product B,Retail Partner,Enterprise,4041.43,21,6,5,6,0,105,2444.64,238.04,0,1
2025-01-13,South,Product B,Retail Partner,SMB,2914.83,15,6,4,6,0,66,1716.56,161.91,0,1
2025-01-13,South,Product C,Online,Enterprise,9557.37,22,6,5,6,0,99,5797.72,1123.83,0,1
2025-01-13,South,Product C,Online,SMB,6323.39,15,6,4,6,0,68,4016.01,649.98,0,1
2025-01-13,South,Product C,Retail Partner,Enterprise,6203.58,14,4,3,4,0,71,3690.51,328.92,0,1
2025-01-13,South,Product C,Retail Partner,SMB,4628.73,11,4,3,4,0,48,2708.89,222.35,0,1
2025-01-13,East,Product A,Online,Enterprise,9840.16,35,10,8,10,0,160,5103.16,846.9,0,2
2025-01-13,East,Product A,Online,SMB,6397.09,23,9,7,9,1,98,3419.91,510.87,1,1
2025-01-13,East,Product A,Retail Partner,Enterprise,6111.9,22,6,5,6,0,101,3337.82,287.01,0,1
2025-01-13,East,Product A,Retail Partner,SMB,4118.83,15,6,5,6,0,69,2280.6,207.4,0,1
2025-01-13,East,Product B,Online,Enterprise,4792.56,25,7,5,7,0,126,2876.14,492.57,0,1
2025-01-13,East,Product B,Online,SMB,3109.17,16,6,5,6,0,75,1891.3,246.36,0,1
2025-01-13,East,Product B,Retail Partner,Enterprise,3728.29,19,5,4,5,0,84,2162.91,176.21,0,1
2025-01-13,East,Product B,Retail Partner,SMB,2385.66,12,5,4,5,0,57,1398.42,120.48,0,1
2025-01-13,East,Product C,Online,Enterprise,7901.97,18,5,4,5,0,90,4866.09,747.37,0,1
2025-01-13,East,Product C,Online,SMB,5428.28,13,5,4,5,0,56,3336.19,535.02,0,1
2025-01-13,East,Product C,Retail Partner,Enterprise,5662.13,13,4,3,4,0,59,3392.74,293.97,0,1
2025-01-13,East,Product C,Retail Partner,SMB,3951.2,9,4,3,4,0,42,2447.09,186.24,0,1
2025-01-13,West,Product A,Online,Enterprise,11642.61,42,12,9,12,0,203,6216.72,1113.02,1,2
2025-01-13,West,Product A,Online,SMB,7745.28,28,11,8,11,0,140,4216.21,669.11,0,1
2025-01-13,West,Product A,Retail Partner,Enterprise,8984.36,33,9,7,9,1,149,4954.92,424.76,0,1
2025-01-13,West,Product A,Retail Partner,SMB,5766.52,21,8,6,8,0,99,3131.72,283.45,1,1
2025-01-13,West,Product B,Online,Enterprise,6336.36,33,9,7,9,0,148,3876.83,680.07,0,2
2025-01-13,West,Product B,Online,SMB,4175.49,22,8,6,8,0,90,2560.82,362.45,1,1
2025-01-13,West,Product B,Retail Partner,Enterprise,5115.1,26,7,6,7,0,114,3081.78,302.69,0,1
2025-01-13,West,Product B,Retail Partner,SMB,2859.09,14,5,5,5,0,70,1705.66,130.48,0,1
2025-01-13,West,Product C,Online,Enterprise,10186.15,24,7,5,7,0,111,6252.5,958.55,0,1
2025-01-13,West,Product C,Online,SMB,7114.02,17,6,5,6,0,74,4375.3,671.29,1,1
2025-01-13,West,Product C,Retail Partner,Enterprise,7642.64,18,5,4,5,0,83,4704.36,390.39,0,1
2025-01-13,West,Product C,Retail Partner,SMB,4965.97,12,5,3,5,0,54,3054.29,269.94,0,1
2025-01-20,North,Product A,Online,Enterprise,14268.23,51,14,11,14,1,232,7691.62,1196.2,1,2
2025-01-20,North,Product A,Online,SMB,9252.8,34,13,10,13,1,151,5019.89,763.03,1,2
2025-01-20,North,Product A,Retail Partner,Enterprise,9213.21,33,9,8,9,0,157,4854.49,498.3,1,2
2025-01-20,North,Product A,Retail Partner,SMB,6523.12,24,9,7,9,0,105,3567.66,354.5,1,2
2025-01-20,North,Product B,Online,Enterprise,6267.74,32,9,7,9,1,153,3728.54,558.66,1,2
2025-01-20,North,Product B,Online,SMB,4369.7,22,8,7,8,0,96,2597.37,400.23,1,1
2025-01-20,North,Product B,Retail Partner,Enterprise,5397.9,27,8,6,8,0,119,3158.2,268.0,1,1
2025-01-20,North,Product B,Retail Partner,SMB,3348.73,17,6,5,6,0,77,1974.14,175.25,0,1
2025-01-20,North,Product C,Online,Enterprise,11015.9,25,7,6,7,0,119,6624.74,1258.46,0,1
2025-01-20,North,Product C,Online,SMB,7051.67,17,6,5,6,0,81,4356.39,675.8,0,1
2025-01-20,North,Product C,Retail Partner,Enterprise,7704.98,18,5,4,5,0,91,4605.76,345.9,0,1
2025-01-20,North,Product C,Retail Partner,SMB,4854.7,11,4,4,4,0,56,2918.21,232.42,0,1
2025-01-20,South,Product A,Online,Enterprise,10864.16,38,11,9,11,1,176,5765.26,1097.02,1,2
2025-01-20,South,Product A,Online,SMB,6274.26,22,9,7,9,0,118,3342.37,695.0,0,1
2025-01-20,South,Product A,Retail Partner,Enterprise,8574.73,31,9,7,9,1,126,4710.29,476.09,1,1
2025-01-20,South,Product A,Retail Partner,SMB,5138.91,18,7,5,7,1,82,2816.95,267.21,0,1
2025-01-20,South,Product B,Online,Enterprise,6020.4,31,9,7,9,0,136,3606.08,533.35,0,1
2025-01-20,South,Product B,Online,SMB,3600.44,18,7,5,7,1,87,2169.92,308.25,1,1
2025-01-20,South,Product B,Retail Partner,Enterprise,3850.01,19,5,4,5,0,95,2249.23,209.5,0,1
2025-01-20,South,Product B,Retail Partner,SMB,2949.8,15,6,5,6,0,62,1715.66,151.47,0,1
2025-01-20,South,Product C,Online,Enterprise,9592.65,22,6,5,6,0,101,5794.11,998.4,0,1
2025-01-20,South,Product C,Online,SMB,6548.67,15,6,4,6,0,62,3986.49,528.11,0,1
2025-01-20,South,Product C,Retail Partner,Enterprise,6698.3,15,4,3,4,0,74,3968.0,355.57,0,1
2025-01-20,South,Product C,Retail Partner,SMB,4075.12,9,4,3,4,0,44,2441.41,208.52,0,1
2025-01-20,East,Product A,Online,Enterprise,9665.28,35,10,8,10,0,168,5200.18,912.2,1,1
2025-01-20,East,Product A,Online,SMB,6080.26,22,8,7,8,0,106,3277.61,499.57,1,1
2025-01-20,East,Product A,Retail Partner,Enterprise,6543.03,23,7,5,7,0,105,3468.95,367.76,0,1
2025-01-20,East,Product A,Retail Partner,SMB,4297.89,16,6,5,6,0,70,2374.44,217.55,0,1
2025-01-20,East,Product B,Online,Enterprise,4773.16,24,7,5,7,0,114,2823.14,407.11,0,1
2025-01-20,East,Product B,Online,SMB,3100.08,16,6,5,6,0,80,1860.91,295.12,0,1
2025-01-20,East,Product B,Retail Partner,Enterprise,3573.22,18,5,4,5,0,81,2163.49,187.11,0,1
2025-01-20,East,Product B,Retail Partner,SMB,2396.62,12,5,4,5,0,52,1445.73,130.17,0,1
2025-01-20,East,Product C,Online,Enterprise,7709.81,18,5,4,5,0,87,4702.56,724.31,0,1
2025-01-20,East,Product C,Online,SMB,5232.28,12,5,4,5,0,60,3145.07,494.0,0,1
2025-01-20,East,Product C,Retail Partner,Enterprise,5606.12,13,4,3,4,0,58,3479.49,318.15,0,1
2025-01-20,East,Product C,Retail Partner,SMB,3508.5,8,3,2,3,0,39,2171.56,183.04,0,0
2025-01-20,West,Product A,Online,Enterprise,13004.71,46,13,10,13,1,213,7171.2,1354.17,1,2
2025-01-20,West,Product A,Online,SMB,7876.6,28,11,8,11,0,132,4294.49,801.85,0,2
2025-01-20,West,Product A,Retail Partner,Enterprise,8811.57,32,9,7,9,0,137,4940.91,467.94,0,1
2025-01-20,West,Product A,Retail Partner,SMB,5758.7,21,8,6,8,0,99,3160.96,306.71,1,1
2025-01-20,West,Product B,Online,Enterprise,6305.55,32,9,7,9,1,165,3698.99,614.55,1,1
2025-01-20,West,Product B,Online,SMB,4101.11,21,8,6,8,1,102,2439.35,354.17,1,1
2025-01-20,West,Product B,Retail Partner,Enterprise,4767.22,24,7,5,7,0,109,2826.89,264.2,0,1
2025-01-20,West,Product B,Retail Partner,SMB,3346.21,17,7,5,7,0,72,2033.91,173.63,0,1
2025-01-20,West,Product C,Online,Enterprise,10857.54,26,7,6,7,0,108,6702.96,1149.76,0,1
2025-01-20,West,Product C,Online,SMB,6820.72,15,6,5,6,0,72,4032.24,642.91,1,1
2025-01-20,West,Product C,Retail Partner,Enterprise,7292.75,17,5,4,5,0,79,4380.88,387.11,0,1
2025-01-20,West,Product C,Retail Partner,SMB,4956.81,11,4,3,4,0,54,2961.02,252.03,0,1
2025-01-27,North,Product A,Online,Enterprise,14035.68,49,14,11,14,0,217,7315.82,1241.69,1,2
2025-01-27,North,Product A,Online,SMB,7934.26,29,11,9,11,0,137,4315.66,725.59,1,2
2025-01-27,North,Product A,Retail Partner,Enterprise,9339.67,34,10,8,10,0,164,5158.84,432.94,1,1
2025-01-27,North,Product A,Retail Partner,SMB,6000.29,22,8,7,8,0,98,3293.02,300.23,1,1
2025-01-27,North,Product B,Online,Enterprise,6351.37,32,9,8,9,1,162,3856.62,510.78,1,2
2025-01-27,North,Product B,Online,SMB,4505.31,23,9,7,9,0,109,2730.88,426.56,1,1
2025-01-27,North,Product B,Retail Partner,Enterprise,4759.17,24,7,5,7,0,114,2863.22,276.39,0,1
2025-01-27,North,Product B,Retail Partner,SMB,3271.64,17,7,5,7,0,75,2011.66,163.68,0,1
2025-01-27,North,Product C,Online,Enterprise,10853.07,25,7,5,7,0,125,6418.59,1008.7,0,1
2025-01-27,North,Product C,Online,SMB,7605.74,17,7,5,7,0,73,4482.29,782.75,0,1
2025-01-27,North,Product C,Retail Partner,Enterprise,8047.3,19,5,4,5,0,86,4928.08,393.72,0,1
2025-01-27,North,Product C,Retail Partner,SMB,5226.08,12,5,4,5,0,56,3186.48,241.57,0,1
2025-01-27,South,Product A,Online,Enterprise,10233.49,37,11,8,11,1,172,5626.47,892.24,0,2
2025-01-27,South,Product A,Online,SMB,6606.76,24,9,7,9,1,125,3615.63,585.82,0,1
2025-01-27,South,Product A,Retail Partner,Enterprise,8070.8,29,8,7,8,0,120,4435.32,445.73,0,1
2025-01-27,South,Product A,Retail Partner,SMB,5606.59,20,8,6,8,0,85,3021.66,273.5,0,1
2025-01-27,South,Product B,Online,Enterprise,5445.0,28,8,7,8,0,121,3273.5,502.82,1,1
2025-01-27,South,Product B,Online,SMB,3721.61,19,7,6,7,0,88,2214.64,364.33,0,1
2025-01-27,South,Product B,Retail Partner,Enterprise,3948.3,20,6,4,6,0,96,2336.82,216.44,0,1
2025-01-27,South,Product B,Retail Partner,SMB,2669.9,13,5,4,5,0,62,1553.56,141.57,0,1
2025-01-27,South,Product C,Online,Enterprise,8907.98,21,6,5,6,0,106,5450.15,780.82,0,1
2025-01-27,South,Product C,Online,SMB,6069.84,14,5,4,5,0,68,3554.2,563.6,0,1
2025-01-27,South,Product C,Retail Partner,Enterprise,6399.21,15,4,3,4,0,72,3828.68,311.66,0,1
2025-01-27,South,Product C,Retail Partner,SMB,4234.03,10,4,3,4,0,48,2491.72,228.76,0,1
2025-01-27,East,Product A,Online,Enterprise,10431.83,37,11,8,11,0,149,5711.88,1017.83,1,1
2025-01-27,East,Product A,Online,SMB,6088.57,22,8,7,8,0,104,3313.71,559.73,1,1
2025-01-27,East,Product A,Retail Partner,Enterprise,6465.11,23,7,5,7,0,111,3537.19,320.09,1,1
2025-01-27,East,Product A,Retail Partner,SMB,4300.1,16,6,5,6,0,75,2358.99,215.01,0,1
2025-01-27,East,Product B,Online,Enterprise,4957.73,25,7,6,7,0,122,3000.85,479.84,0,1
2025-01-27,East,Product B,Online,SMB,3542.04,18,7,5,7,0,79,2107.99,330.55,1,1
2025-01-27,East,Product B,Retail Partner,Enterprise,3732.93,19,5,4,5,0,89,2228.68,211.77,0,1
2025-01-27,East,Product B,Retail Partner,SMB,2266.38,11,4,3,4,0,54,1374.3,124.0,0,1
2025-01-27,East,Product C,Online,Enterprise,8527.12,20,6,4,6,0,91,5175.96,810.37,0,1
2025-01-27,East,Product C,Online,SMB,5160.13,12,5,4,5,0,55,3205.13,521.23,0,1
2025-01-27,East,Product C,Retail Partner,Enterprise,5162.52,12,3,3,3,0,64,3129.8,242.02,0,1
2025-01-27,East,Product C,Retail Partner,SMB,3808.98,9,3,3,3,0,40,2252.63,223.7,0,0
2025-01-27,West,Product A,Online,Enterprise,12269.32,45,13,9,13,1,187,6630.31,959.28,0,2
2025-01-27,West,Product A,Online,SMB,8806.61,32,12,10,12,1,150,4849.73,810.94,1,2
2025-01-27,West,Product A,Retail Partner,Enterprise,8411.12,30,9,7,9,0,146,4490.66,431.82,1,1
2025-01-27,West,Product A,Retail Partner,SMB,5963.8,22,8,6,8,0,92,3327.03,309.54,1,1
2025-01-27,West,Product B,Online,Enterprise,6598.0,34,10,7,10,0,148,3985.21,643.36,1,2
2025-01-27,West,Product B,Online,SMB,4639.63,24,9,7,9,0,106,2746.38,483.65,1,2
2025-01-27,West,Product B,Retail Partner,Enterprise,5021.25,25,7,5,7,0,118,2983.28,256.26,0,1
2025-01-27,West,Product B,Retail Partner,SMB,2910.85,15,6,5,6,0,82,1771.91,155.26,0,1
2025-01-27,West,Product C,Online,Enterprise,9704.56,22,6,5,6,0,120,5685.59,932.42,0,1
2025-01-27,West,Product C,Online,SMB,6372.12,15,6,4,6,0,72,3787.72,681.98,0,1
2025-01-27,West,Product C,Retail Partner,Enterprise,8100.94,19,5,4,5,0,75,4894.7,459.86,0,1
2025-01-27,West,Product C,Retail Partner,SMB,4622.45,11,4,3,4,0,52,2810.84,216.08,0,1
2025-02-03,North,Product A,Online,Enterprise,13144.03,47,13,10,13,1,232,7126.49,1083.13,1,2
2025-02-03,North,Product A,Online,SMB,8921.36,31,12,9,12,1,142,4673.85,764.12,1,1
2025-02-03,North,Product A,Retail Partner,Enterprise,9997.43,37,10,8,10,0,162,5511.32,498.71,1,2
2025-02-03,North,Product A,Retail Partner,SMB,7062.73,26,10,8,10,0,111,3885.68,320.38,1,2
2025-02-03,North,Product B,Online,Enterprise,6512.94,33,9,7,9,0,151,3847.68,571.9,1,1
2025-02-03,North,Product B,Online,SMB,4402.7,23,9,7,9,0,105,2707.48,379.5,1,1
2025-02-03,North,Product B,Retail Partner,Enterprise,4802.78,24,7,5,7,0,115,2893.25,233.9,0,1
2025-02-03,North,Product B,Retail Partner,SMB,3446.71,17,7,5,7,0,74,2032.17,180.55,0,1
2025-02-03,North,Product C,Online,Enterprise,11234.25,26,7,6,7,0,120,6678.02,1069.85,0,1
2025-02-03,North,Product C,Online,SMB,7033.44,16,6,5,6,0,82,4265.39,714.78,0,1
2025-02-03,North,Product C,Retail Partner,Enterprise,8184.5,19,5,4,5,0,79,4819.49,394.18,0,1
2025-02-03,North,Product C,Retail Partner,SMB,5255.24,12,5,4,5,0,59,3180.71,272.73,0,1
2025-02-03,South,Product A,Online,Enterprise,11395.48,40,11,9,11,1,183,6087.24,1158.32,1,2
2025-02-03,South,Product A,Online,SMB,6708.21,24,9,7,9,0,128,3643.0,593.03,1,1
2025-02-03,South,Product A,Retail Partner,Enterprise,7726.35,27,8,6,8,0,144,4071.54,395.83,0,1
2025-02-03,South,Product A,Retail Partner,SMB,5733.5,20,8,6,8,0,91,2926.94,282.95,1,2
2025-02-03,South,Product B,Online,Enterprise,6596.06,33,9,8,9,0,145,3917.74,665.43,0,2
2025-02-03,South,Product B,Online,SMB,4144.65,21,8,6,8,1,91,2514.55,396.84,1,1
2025-02-03,South,Product B,Retail Partner,Enterprise,3794.36,20,6,4,6,0,98,2310.86,203.16,0,1
2025-02-03,South,Product B,Retail Partner,SMB,2679.24,14,5,4,5,0,62,1610.03,148.23,0,1
2025-02-03,South,Product C,Online,Enterprise,9129.33,21,6,5,6,0,98,5535.3,772.29,0,1
2025-02-03,South,Product C,Online,SMB,6308.53,15,6,4,6,0,65,3845.67,474.2,1,1
2025-02-03,South,Product C,Retail Partner,Enterprise,6349.46,15,4,4,4,0,68,3942.62,319.99,0,0
2025-02-03,South,Product C,Retail Partner,SMB,4275.1,10,4,3,4,0,48,2568.83,199.29,0,1
2025-02-03,East,Product A,Online,Enterprise,9112.17,33,9,7,9,0,150,5012.9,893.68,1,1
2025-02-03,East,Product A,Online,SMB,5928.36,21,8,6,8,0,103,3170.29,515.57,0,1
2025-02-03,East,Product A,Retail Partner,Enterprise,6366.88,23,7,5,7,0,108,3476.81,335.01,0,1
2025-02-03,East,Product A,Retail Partner,SMB,4429.07,16,6,5,6,0,76,2433.1,206.07,1,1
2025-02-03,East,Product B,Online,Enterprise,5249.35,27,8,6,8,1,113,3181.76,476.79,1,1
2025-02-03,East,Product B,Online,SMB,3169.49,16,6,5,6,0,75,1905.43,301.13,0,1
2025-02-03,East,Product B,Retail Partner,Enterprise,3593.63,18,5,4,5,0,89,2145.62,161.65,0,1
2025-02-03,East,Product B,Retail Partner,SMB,2544.12,13,5,4,5,0,55,1538.01,137.76,0,1
2025-02-03,East,Product C,Online,Enterprise,7819.19,18,5,4,5,0,86,4726.44,786.58,0,1
2025-02-03,East,Product C,Online,SMB,5659.54,13,5,4,5,0,60,3412.68,531.08,0,1
2025-02-03,East,Product C,Retail Partner,Enterprise,5622.15,13,4,3,4,0,62,3460.9,302.47,0,1
2025-02-03,East,Product C,Retail Partner,SMB,3743.28,9,3,3,3,0,41,2269.6,198.25,0,1
2025-02-03,West,Product A,Online,Enterprise,13134.85,48,14,11,14,1,218,7181.79,1247.64,1,2
2025-02-03,West,Product A,Online,SMB,7595.79,27,11,8,11,0,133,4111.43,699.18,1,1
2025-02-03,West,Product A,Retail Partner,Enterprise,9171.28,32,9,7,9,0,145,4906.81,451.44,1,2
2025-02-03,West,Product A,Retail Partner,SMB,5995.54,22,8,6,8,0,96,3191.23,277.82,1,2
2025-02-03,West,Product B,Online,Enterprise,6587.29,33,10,8,10,0,156,3908.61,655.48,0,2
2025-02-03,West,Product B,Online,SMB,4047.62,21,8,6,8,0,107,2457.25,362.31,1,1
2025-02-03,West,Product B,Retail Partner,Enterprise,5351.56,27,8,6,8,0,113,3169.25,287.61,0,1
2025-02-03,West,Product B,Retail Partner,SMB,3023.63,15,6,4,6,0,75,1859.96,175.87,0,1
2025-02-03,West,Product C,Online,Enterprise,10046.97,24,7,5,7,0,112,6147.51,935.69,1,1
2025-02-03,West,Product C,Online,SMB,6931.66,16,6,5,6,0,76,4166.59,582.5,0,1
2025-02-03,West,Product C,Retail Partner,Enterprise,8082.59,19,5,4,5,0,80,4887.36,367.75,0,1
2025-02-03,West,Product C,Retail Partner,SMB,5046.69,12,4,4,4,0,50,3013.88,246.04,0,1
2025-02-10,North,Product A,Online,Enterprise,14047.93,50,14,11,14,1,207,7643.16,1142.66,1,2
2025-02-10,North,Product A,Online,SMB,8449.04,31,12,10,12,1,139,4622.88,742.8,1,2
2025-02-10,North,Product A,Retail Partner,Enterprise,10222.46,37,11,8,11,1,161,5608.7,550.03,1,2
2025-02-10,North,Product A,Retail Partner,SMB,5851.56,21,8,6,8,0,109,3161.72,347.3,1,1
2025-02-10,North,Product B,Online,Enterprise,6308.16,32,9,7,9,0,161,3814.89,501.3,0,1
2025-02-10,North,Product B,Online,SMB,4910.5,25,10,7,10,0,104,2898.62,444.48,1,1
2025-02-10,North,Product B,Retail Partner,Enterprise,4732.0,23,7,5,7,0,118,2736.89,202.0,0,1
2025-02-10,North,Product B,Retail Partner,SMB,2966.1,15,6,4,6,0,76,1848.22,141.47,0,1
2025-02-10,North,Product C,Online,Enterprise,10982.66,25,7,6,7,0,121,6753.38,1226.62,1,1
2025-02-10,North,Product C,Online,SMB,7540.91,18,7,5,7,0,76,4536.91,661.42,1,1
2025-02-10,North,Product C,Retail Partner,Enterprise,8244.62,19,5,4,5,0,83,5005.42,447.05,0,1
2025-02-10,North,Product C,Retail Partner,SMB,5566.57,13,5,4,5,0,54,3356.52,296.99,0,1
2025-02-10,South,Product A,Online,Enterprise,10878.9,39,11,9,11,1,179,5893.96,1004.79,1,2
2025-02-10,South,Product A,Online,SMB,7093.16,26,10,8,10,1,122,3862.74,699.95,1,2
2025-02-10,South,Product A,Retail Partner,Enterprise,7706.17,28,8,6,8,0,128,4187.97,338.79,0,1
2025-02-10,South,Product A,Retail Partner,SMB,5611.34,20,8,6,8,0,85,2937.81,303.18,0,1
2025-02-10,South,Product B,Online,Enterprise,5881.87,30,9,7,9,0,130,3533.98,569.16,0,1
2025-02-10,South,Product B,Online,SMB,3720.15,19,7,6,7,0,97,2245.18,302.88,0,1
2025-02-10,South,Product B,Retail Partner,Enterprise,3965.7,20,6,5,6,0,99,2418.72,204.42,0,1
2025-02-10,South,Product B,Retail Partner,SMB,2827.2,14,5,5,5,0,62,1678.94,164.31,0,1
2025-02-10,South,Product C,Online,Enterprise,8868.84,21,6,4,6,0,99,5391.84,972.04,0,1
2025-02-10,South,Product C,Online,SMB,5885.64,14,5,4,5,0,66,3563.82,507.1,0,1
2025-02-10,South,Product C,Retail Partner,Enterprise,7146.86,17,5,4,5,0,71,4313.22,422.98,0,1
2025-02-10,South,Product C,Retail Partner,SMB,4194.46,10,4,3,4,0,45,2589.09,207.68,0,1
2025-02-10,East,Product A,Online,Enterprise,9605.37,34,10,8,10,1,159,5170.65,1000.07,1,2
2025-02-10,East,Product A,Online,SMB,6236.24,23,9,7,9,0,103,3382.6,589.18,0,1
2025-02-10,East,Product A,Retail Partner,Enterprise,6510.31,23,7,5,7,0,111,3494.19,340.94,0,1
2025-02-10,East,Product A,Retail Partner,SMB,4384.13,16,6,5,6,0,74,2389.85,214.71,0,1
2025-02-10,East,Product B,Online,Enterprise,5298.17,27,8,6,8,0,117,3161.31,475.22,1,1
2025-02-10,East,Product B,Online,SMB,3177.97,16,6,5,6,0,77,1903.63,288.67,0,1
2025-02-10,East,Product B,Retail Partner,Enterprise,3592.32,18,5,4,5,0,81,2102.63,197.19,0,1
2025-02-10,East,Product B,Retail Partner,SMB,2358.98,12,5,4,5,0,51,1428.65,108.0,0,1
2025-02-10,East,Product C,Online,Enterprise,7454.29,17,5,4,5,0,90,4553.8,652.1,0,1
2025-02-10,East,Product C,Online,SMB,5674.48,13,5,4,5,0,56,3355.34,578.82,0,1
2025-02-10,East,Product C,Retail Partner,Enterprise,6078.14,14,4,3,4,0,61,3655.32,280.78,0,1
2025-02-10,East,Product C,Retail Partner,SMB,3725.4,9,3,3,3,0,41,2260.96,187.71,0,0
2025-02-10,West,Product A,Online,Enterprise,12138.89,43,12,10,12,1,201,6528.25,1116.36,1,2
2025-02-10,West,Product A,Online,SMB,8591.18,31,12,10,12,1,132,4596.69,711.37,1,2
2025-02-10,West,Product A,Retail Partner,Enterprise,8956.31,32,9,7,9,0,157,4950.77,473.57,1,1
2025-02-10,West,Product A,Retail Partner,SMB,5689.53,20,8,6,8,0,99,3039.95,275.89,0,1
2025-02-10,West,Product B,Online,Enterprise,6184.57,31,9,7,9,0,138,3688.17,473.55,0,1
2025-02-10,West,Product B,Online,SMB,4712.66,24,9,7,9,0,105,2760.04,428.62,1,1
2025-02-10,West,Product B,Retail Partner,Enterprise,5007.3,26,7,6,7,0,106,3084.35,260.84,0,1
2025-02-10,West,Product B,Retail Partner,SMB,3009.37,16,6,5,6,0,77,1828.37,155.8,0,1
2025-02-10,West,Product C,Online,Enterprise,11190.04,26,7,6,7,0,110,6599.29,1365.17,1,1
2025-02-10,West,Product C,Online,SMB,6688.42,16,6,5,6,0,76,4036.16,729.55,0,1
2025-02-10,West,Product C,Retail Partner,Enterprise,7619.77,18,5,4,5,0,82,4680.26,446.3,0,1
2025-02-10,West,Product C,Retail Partner,SMB,4939.52,12,4,3,4,0,51,3009.08,258.01,0,1
2025-02-17,North,Product A,Online,Enterprise,13769.39,50,14,12,14,1,211,7422.8,1196.36,1,2
2025-02-17,North,Product A,Online,SMB,8594.31,31,12,9,12,0,148,4687.79,910.67,1,2
2025-02-17,North,Product A,Retail Partner,Enterprise,8947.73,32,9,7,9,0,168,4795.93,435.69,1,1
2025-02-17,North,Product A,Retail Partner,SMB,6930.18,24,9,7,9,0,120,3652.99,361.48,0,1
2025-02-17,North,Product B,Online,Enterprise,6867.35,35,10,8,10,0,160,4112.07,553.35,1,1
2025-02-17,North,Product B,Online,SMB,5001.92,25,10,8,10,0,114,3021.64,437.28,1,1
2025-02-17,North,Product B,Retail Partner,Enterprise,4961.63,25,7,6,7,0,118,2955.34,254.09,1,1
2025-02-17,North,Product B,Retail Partner,SMB,3436.04,17,7,5,7,0,82,2017.19,178.59,0,1
2025-02-17,North,Product C,Online,Enterprise,11607.32,27,8,6,8,0,115,6848.39,981.11,1,1
2025-02-17,North,Product C,Online,SMB,7072.07,17,6,5,6,0,87,4268.69,692.23,1,1
2025-02-17,North,Product C,Retail Partner,Enterprise,8062.88,19,5,4,5,0,89,4910.99,516.62,0,1
2025-02-17,North,Product C,Retail Partner,SMB,5387.33,13,5,4,5,0,62,3255.83,255.91,0,1
2025-02-17,South,Product A,Online,Enterprise,10365.16,37,11,8,11,1,178,5518.79,986.19,1,2
2025-02-17,South,Product A,Online,SMB,7597.53,27,10,8,10,0,119,4112.7,784.97,1,2
2025-02-17,South,Product A,Retail Partner,Enterprise,8269.87,29,8,6,8,0,126,4374.98,417.02,1,1
2025-02-17,South,Product A,Retail Partner,SMB,5537.3,20,8,6,8,0,80,2942.43,272.23,0,1
2025-02-17,South,Product B,Online,Enterprise,5910.09,30,9,7,9,0,143,3557.41,528.51,1,1
2025-02-17,South,Product B,Online,SMB,4391.06,21,8,7,8,0,94,2538.36,375.37,0,1
2025-02-17,South,Product B,Retail Partner,Enterprise,3801.37,19,6,4,6,0,105,2284.34,196.14,0,1
2025-02-17,South,Product B,Retail Partner,SMB,2781.56,14,5,4,5,0,70,1633.31,131.7,0,1
2025-02-17,South,Product C,Online,Enterprise,9883.03,23,6,5,6,0,100,5829.76,925.71,0,1
2025-02-17,South,Product C,Online,SMB,6778.43,16,6,5,6,0,66,3969.11,643.85,0,1
2025-02-17,South,Product C,Retail Partner,Enterprise,7091.03,17,5,3,5,0,70,4349.37,351.41,0,1
2025-02-17,South,Product C,Retail Partner,SMB,4857.22,11,4,3,4,0,48,2960.52,240.98,0,1
2025-02-17,East,Product A,Online,Enterprise,10721.47,38,11,8,11,1,150,5678.26,941.45,1,1
2025-02-17,East,Product A,Online,SMB,6457.93,23,9,7,9,0,98,3506.9,552.33,1,1
2025-02-17,East,Product A,Retail Partner,Enterprise,6844.75,25,7,6,7,0,110,3732.39,406.62,1,1
2025-02-17,East,Product A,Retail Partner,SMB,4394.08,16,6,5,6,0,75,2373.5,207.77,0,1
2025-02-17,East,Product B,Online,Enterprise,5213.45,26,8,6,8,0,123,3121.23,502.69,0,1
2025-02-17,East,Product B,Online,SMB,3162.36,16,6,5,6,0,73,1898.82,260.2,0,1
2025-02-17,East,Product B,Retail Partner,Enterprise,3348.48,17,5,4,5,0,89,2019.16,194.61,0,1
2025-02-17,East,Product B,Retail Partner,SMB,2370.0,12,5,4,5,0,56,1407.06,128.69,0,1
2025-02-17,East,Product C,Online,Enterprise,8224.0,19,5,4,5,0,83,4784.75,734.72,0,1
2025-02-17,East,Product C,Online,SMB,5432.66,13,5,4,5,0,58,3329.31,590.8,0,1
2025-02-17,East,Product C,Retail Partner,Enterprise,5881.38,14,4,3,4,0,60,3545.76,323.96,0,1
2025-02-17,East,Product C,Retail Partner,SMB,3648.77,8,3,3,3,0,41,2205.11,169.99,0,1
2025-02-17,West,Product A,Online,Enterprise,12578.07,45,13,10,13,1,201,6731.71,1129.03,1,3
2025-02-17,West,Product A,Online,SMB,7523.23,27,10,8,10,0,132,4053.23,737.81,1,2
2025-02-17,West,Product A,Retail Partner,Enterprise,9452.24,34,10,8,10,1,153,5122.93,432.11,0,2
2025-02-17,West,Product A,Retail Partner,SMB,6539.19,23,9,7,9,0,94,3432.49,372.1,1,1
2025-02-17,West,Product B,Online,Enterprise,6181.37,32,9,7,9,0,147,3731.05,567.81,1,2
2025-02-17,West,Product B,Online,SMB,4326.42,22,9,7,9,0,103,2696.49,429.46,1,1
2025-02-17,West,Product B,Retail Partner,Enterprise,4631.11,24,7,5,7,1,107,2815.01,208.06,1,1
2025-02-17,West,Product B,Retail Partner,SMB,2603.17,13,5,4,5,0,70,1547.63,136.77,0,1
2025-02-17,West,Product C,Online,Enterprise,9925.31,23,7,5,7,0,118,6131.03,818.12,0,1
2025-02-17,West,Product C,Online,SMB,6841.42,16,6,5,6,0,82,4135.29,625.81,1,1
2025-02-17,West,Product C,Retail Partner,Enterprise,7062.54,17,5,4,5,0,93,4400.66,396.05,0,1
2025-02-17,West,Product C,Retail Partner,SMB,5266.93,12,5,4,5,0,55,3233.94,308.9,0,1
2025-02-24,North,Product A,Online,Enterprise,14286.4,52,15,12,15,1,227,7768.23,1548.03,1,2
2025-02-24,North,Product A,Online,SMB,8640.04,31,12,9,12,1,152,4593.51,788.53,1,2
2025-02-24,North,Product A,Retail Partner,Enterprise,9684.28,34,10,8,10,0,148,5171.04,501.4,1,2
2025-02-24,North,Product A,Retail Partner,SMB,6359.66,23,9,7,9,1,107,3528.67,349.42,1,2
2025-02-24,North,Product B,Online,Enterprise,6713.94,34,10,7,10,0,169,4083.11,629.69,0,1
2025-02-24,North,Product B,Online,SMB,4312.11,22,8,7,8,0,115,2641.74,384.06,1,1
2025-02-24,North,Product B,Retail Partner,Enterprise,4851.0,25,7,6,7,0,120,2957.88,289.72,1,1
2025-02-24,North,Product B,Retail Partner,SMB,3314.51,17,7,5,7,0,74,2023.04,139.99,0,1
2025-02-24,North,Product C,Online,Enterprise,11668.09,27,8,6,8,0,128,7174.8,1147.01,0,1
2025-02-24,North,Product C,Online,SMB,7657.82,18,7,6,7,0,78,4561.23,844.26,0,1
2025-02-24,North,Product C,Retail Partner,Enterprise,7518.22,18,5,4,5,0,95,4567.46,443.66,0,1
2025-02-24,North,Product C,Retail Partner,SMB,5681.01,13,5,4,5,0,57,3437.9,331.31,0,1
2025-02-24,South,Product A,Online,Enterprise,10892.01,39,11,9,11,0,187,5951.49,1092.77,1,2
2025-02-24,South,Product A,Online,SMB,6859.43,25,9,7,9,0,116,3732.02,558.52,1,1
2025-02-24,South,Product A,Retail Partner,Enterprise,7551.48,27,8,6,8,0,122,4097.77,365.81,0,1
2025-02-24,South,Product A,Retail Partner,SMB,5270.18,19,7,6,7,0,90,2798.11,272.25,0,1
2025-02-24,South,Product B,Online,Enterprise,5908.65,30,9,7,9,0,142,3483.22,505.36,1,1
2025-02-24,South,Product B,Online,SMB,3976.36,20,8,6,8,0,88,2312.04,428.81,0,1
2025-02-24,South,Product B,Retail Partner,Enterprise,4665.33,24,7,5,7,0,103,2792.54,263.68,1,1
2025-02-24,South,Product B,Retail Partner,SMB,2549.28,13,5,4,5,0,69,1561.52,131.81,0,1
2025-02-24,South,Product C,Online,Enterprise,9083.26,22,6,5,6,0,101,5657.66,749.87,1,1
2025-02-24,South,Product C,Online,SMB,5720.14,13,5,4,5,0,63,3519.27,558.85,0,1
2025-02-24,South,Product C,Retail Partner,Enterprise,6592.64,16,4,3,4,0,67,4032.88,387.21,0,1
2025-02-24,South,Product C,Retail Partner,SMB,4453.82,10,4,3,4,0,46,2674.47,223.14,0,1
2025-02-24,East,Product A,Online,Enterprise,10035.84,36,10,8,10,0,175,5482.58,860.7,1,2
2025-02-24,East,Product A,Online,SMB,6114.78,22,9,6,9,0,105,3367.83,503.8,1,1
2025-02-24,East,Product A,Retail Partner,Enterprise,6404.45,23,7,5,7,0,114,3485.28,316.8,0,1
2025-02-24,East,Product A,Retail Partner,SMB,4381.81,16,6,5,6,0,75,2419.05,214.8,0,1
2025-02-24,East,Product B,Online,Enterprise,5087.92,26,7,5,7,0,115,3030.37,444.4,1,1
2025-02-24,East,Product B,Online,SMB,3334.59,17,6,5,6,0,74,1977.68,314.8,0,1
2025-02-24,East,Product B,Retail Partner,Enterprise,3521.96,18,5,4,5,0,83,2109.07,169.93,0,1
2025-02-24,East,Product B,Retail Partner,SMB,2315.06,12,5,4,5,0,51,1391.73,117.5,0,1
2025-02-24,East,Product C,Online,Enterprise,8832.31,21,6,5,6,0,85,5406.65,865.49,0,1
2025-02-24,East,Product C,Online,SMB,5418.39,12,5,4,5,0,56,3204.36,472.54,0,1
2025-02-24,East,Product C,Retail Partner,Enterprise,5972.21,14,4,3,4,0,61,3569.78,295.12,0,1
2025-02-24,East,Product C,Retail Partner,SMB,3643.73,8,3,3,3,0,41,2189.03,179.19,0,0
2025-02-24,West,Product A,Online,Enterprise,13488.25,48,14,11,14,1,218,7346.39,1326.74,1,2
2025-02-24,West,Product A,Online,SMB,8028.52,29,11,8,11,0,130,4319.06,797.58,1,1
2025-02-24,West,Product A,Retail Partner,Enterprise,9140.63,33,9,7,9,1,152,5024.75,487.11,1,1
2025-02-24,West,Product A,Retail Partner,SMB,5920.97,21,8,6,8,0,103,3106.19,339.55,0,1
2025-02-24,West,Product B,Online,Enterprise,7135.8,36,10,8,10,0,159,4252.22,742.95,1,2
2025-02-24,West,Product B,Online,SMB,4386.22,22,8,6,8,0,92,2612.12,422.13,1,1
2025-02-24,West,Product B,Retail Partner,Enterprise,4955.41,26,7,6,7,0,113,3037.4,225.09,0,1
2025-02-24,West,Product B,Retail Partner,SMB,3097.02,16,6,5,6,0,72,1844.11,168.78,0,1
2025-02-24,West,Product C,Online,Enterprise,11651.85,27,8,6,8,0,108,7088.45,1030.57,0,1
2025-02-24,West,Product C,Online,SMB,6729.61,15,6,5,6,0,75,4028.53,582.03,1,1
2025-02-24,West,Product C,Retail Partner,Enterprise,7816.25,18,5,4,5,0,81,4767.89,440.73,0,1
2025-02-24,West,Product C,Retail Partner,SMB,4966.27,12,4,3,4,0,54,3068.03,243.1,0,1
2025-03-03,North,Product A,Online,Enterprise,13465.52,49,14,11,14,1,227,7318.19,1225.64,1,2
2025-03-03,North,Product A,Online,SMB,9281.57,33,13,9,13,0,150,4945.96,921.0,1,2
2025-03-03,North,Product A,Retail Partner,Enterprise,9485.77,34,10,7,10,0,155,5087.78,545.81,1,2
2025-03-03,North,Product A,Retail Partner,SMB,6346.29,23,9,7,9,0,98,3487.27,356.15,0,1
2025-03-03,North,Product B,Online,Enterprise,7127.39,36,10,8,10,0,176,4296.1,608.09,1,1
2025-03-03,North,Product B,Online,SMB,4420.51,22,9,7,9,0,111,2600.27,387.61,0,1
2025-03-03,North,Product B,Retail Partner,Enterprise,5267.56,27,8,6,8,1,113,3220.33,249.25,0,1
2025-03-03,North,Product B,Retail Partner,SMB,3174.58,16,6,5,6,0,83,1922.11,158.58,0,1
2025-03-03,North,Product C,Online,Enterprise,10894.35,25,7,6,7,0,114,6506.34,1012.85,1,1
2025-03-03,North,Product C,Online,SMB,7839.95,19,7,6,7,0,74,4733.75,823.03,0,1
2025-03-03,North,Product C,Retail Partner,Enterprise,7682.97,18,5,4,5,0,93,4586.29,330.2,0,1
2025-03-03,North,Product C,Retail Partner,SMB,5333.7,12,5,4,5,0,62,3218.43,277.69,0,1
2025-03-03,South,Product A,Online,Enterprise,11229.95,41,12,9,12,1,183,6090.57,1172.44,1,2
2025-03-03,South,Product A,Online,SMB,6878.93,25,9,7,9,0,118,3760.92,592.41,1,1
2025-03-03,South,Product A,Retail Partner,Enterprise,7745.89,28,8,6,8,0,128,4242.42,396.78,1,2
2025-03-03,South,Product A,Retail Partner,SMB,4820.51,17,7,5,7,0,84,2555.16,245.56,0,1
2025-03-03,South,Product B,Online,Enterprise,5684.39,29,8,6,8,0,129,3377.52,496.98,1,1
2025-03-03,South,Product B,Online,SMB,4031.29,20,8,6,8,0,93,2333.5,402.11,0,1
2025-03-03,South,Product B,Retail Partner,Enterprise,4261.67,22,6,5,6,0,96,2595.36,209.98,0,1
2025-03-03,South,Product B,Retail Partner,SMB,2610.42,13,5,4,5,0,68,1560.44,131.25,0,1
2025-03-03,South,Product C,Online,Enterprise,9139.38,21,6,5,6,0,101,5656.34,869.8,0,1
2025-03-03,South,Product C,Online,SMB,5973.82,14,5,4,5,0,70,3638.62,638.64,0,1
2025-03-03,South,Product C,Retail Partner,Enterprise,6951.14,16,5,4,5,0,67,4224.89,362.56,0,1
2025-03-03,South,Product C,Retail Partner,SMB,4550.06,10,4,3,4,0,53,2717.21,250.07,0,1
2025-03-03,East,Product A,Online,Enterprise,9810.28,34,10,8,10,0,157,5169.83,969.03,1,1
2025-03-03,East,Product A,Online,SMB,5744.63,21,8,6,8,0,108,3207.69,536.65,1,1
2025-03-03,East,Product A,Retail Partner,Enterprise,7169.43,25,7,6,7,0,112,3797.7,358.45,0,1
2025-03-03,East,Product A,Retail Partner,SMB,4649.09,17,6,5,6,0,79,2523.81,226.73,0,1
2025-03-03,East,Product B,Online,Enterprise,4848.67,24,7,5,7,0,117,2868.48,520.33,0,1
2025-03-03,East,Product B,Online,SMB,3428.7,17,7,5,7,0,79,2008.24,284.42,0,1
2025-03-03,East,Product B,Retail Partner,Enterprise,3455.08,18,5,4,5,0,84,2122.09,201.88,0,1
2025-03-03,East,Product B,Retail Partner,SMB,2433.46,13,5,4,5,0,56,1474.45,123.38,0,1
2025-03-03,East,Product C,Online,Enterprise,8360.68,19,5,4,5,0,83,5013.41,679.38,0,1
2025-03-03,East,Product C,Online,SMB,5601.14,13,5,4,5,0,59,3403.24,441.57,0,1
2025-03-03,East,Product C,Retail Partner,Enterprise,5709.53,13,4,3,4,0,63,3514.22,292.44,0,1
2025-03-03,East,Product C,Retail Partner,SMB,4089.61,9,4,3,4,0,40,2430.02,191.19,0,0
2025-03-03,West,Product A,Online,Enterprise,11383.22,41,12,9,12,1,195,6188.01,1043.25,1,2
2025-03-03,West,Product A,Online,SMB,8220.6,29,11,9,11,1,135,4468.05,797.72,1,1
2025-03-03,West,Product A,Retail Partner,Enterprise,8849.69,32,9,7,9,0,162,4890.66,482.13,0,1
2025-03-03,West,Product A,Retail Partner,SMB,5967.41,22,8,6,8,0,97,3232.75,336.83,0,1
2025-03-03,West,Product B,Online,Enterprise,6837.26,35,10,8,10,0,153,4023.3,650.28,1,1
2025-03-03,West,Product B,Online,SMB,4547.88,23,9,7,9,0,104,2758.92,374.01,0,2
2025-03-03,West,Product B,Retail Partner,Enterprise,4267.14,22,6,5,6,0,106,2522.84,245.0,0,1
2025-03-03,West,Product B,Retail Partner,SMB,3240.95,16,6,5,6,0,72,1918.17,191.07,1,1
2025-03-03,West,Product C,Online,Enterprise,11656.56,28,8,6,8,0,115,7117.2,1165.08,1,1
2025-03-03,West,Product C,Online,SMB,7193.71,17,6,5,6,0,79,4301.19,631.67,0,1
2025-03-03,West,Product C,Retail Partner,Enterprise,7654.2,18,5,4,5,0,78,4630.67,375.82,0,1
2025-03-03,West,Product C,Retail Partner,SMB,5115.45,12,5,4,5,0,54,3106.04,266.8,0,1
2025-03-10,North,Product A,Online,Enterprise,14161.54,51,15,11,15,1,217,7745.28,1200.67,1,2
2025-03-10,North,Product A,Online,SMB,9007.38,32,12,10,12,1,152,4793.96,740.02,1,2
2025-03-10,North,Product A,Retail Partner,Enterprise,10610.7,38,11,8,11,1,163,5625.18,517.79,1,1
2025-03-10,North,Product A,Retail Partner,SMB,6326.62,23,9,7,9,0,112,3496.63,372.53,0,1
2025-03-10,North,Product B,Online,Enterprise,7656.86,40,11,9,11,1,188,4681.73,729.14,1,1
2025-03-10,North,Product B,Online,SMB,4890.47,25,9,8,9,0,114,2957.3,475.72,1,1
2025-03-10,North,Product B,Retail Partner,Enterprise,4974.4,25,7,6,7,0,115,2923.53,266.79,1,1
2025-03-10,North,Product B,Retail Partner,SMB,3603.3,18,7,5,7,0,72,2161.22,188.11,0,1
2025-03-10,North,Product C,Online,Enterprise,11414.47,27,8,6,8,0,121,6896.71,1200.93,0,1
2025-03-10,North,Product C,Online,SMB,7477.24,17,7,5,7,0,78,4563.91,644.03,0,1
2025-03-10,North,Product C,Retail Partner,Enterprise,7554.18,18,5,4,5,0,88,4515.7,412.11,0,1
2025-03-10,North,Product C,Retail Partner,SMB,5395.16,12,5,4,5,0,59,3230.94,265.78,0,1
2025-03-10,South,Product A,Online,Enterprise,11355.01,40,11,8,11,0,176,6070.9,1075.75,1,1
2025-03-10,South,Product A,Online,SMB,7305.96,26,10,8,10,0,120,3941.4,628.61,1,2
2025-03-10,South,Product A,Retail Partner,Enterprise,7750.78,27,8,6,8,0,126,4047.78,399.5,0,1
2025-03-10,South,Product A,Retail Partner,SMB,5342.79,19,7,6,7,0,87,2829.34,315.59,0,1
2025-03-10,South,Product B,Online,Enterprise,5855.07,29,8,7,8,1,125,3427.36,626.76,1,1
2025-03-10,South,Product B,Online,SMB,3932.22,20,8,6,8,0,93,2371.81,303.25,0,1
2025-03-10,South,Product B,Retail Partner,Enterprise,4388.12,22,6,5,6,0,97,2626.27,239.31,0,1
2025-03-10,South,Product B,Retail Partner,SMB,2539.4,13,5,4,5,0,69,1513.26,132.18,0,1
2025-03-10,South,Product C,Online,Enterprise,9767.44,23,6,5,6,0,95,5953.46,866.73,0,1
2025-03-10,South,Product C,Online,SMB,6083.08,14,5,4,5,0,61,3636.56,547.27,0,1
2025-03-10,South,Product C,Retail Partner,Enterprise,7213.71,17,5,4,5,0,69,4312.25,327.23,0,1
2025-03-10,South,Product C,Retail Partner,SMB,4798.81,11,4,3,4,0,52,2850.8,240.54,0,1
2025-03-10,East,Product A,Online,Enterprise,9064.62,33,9,7,9,0,153,4906.3,922.13,1,1
2025-03-10,East,Product A,Online,SMB,6832.93,24,9,7,9,0,109,3682.97,563.66,1,2
2025-03-10,East,Product A,Retail Partner,Enterprise,7159.43,26,7,6,7,0,112,3893.86,399.89,1,1
2025-03-10,East,Product A,Retail Partner,SMB,4303.66,16,6,5,6,0,78,2358.05,205.08,0,1
2025-03-10,East,Product B,Online,Enterprise,5424.93,28,8,6,8,0,133,3278.27,505.3,0,1
2025-03-10,East,Product B,Online,SMB,3364.19,17,7,5,7,0,79,2035.18,309.33,0,1
2025-03-10,East,Product B,Retail Partner,Enterprise,3844.03,19,6,4,6,0,77,2265.67,194.2,0,1
2025-03-10,East,Product B,Retail Partner,SMB,2302.76,12,5,4,5,0,54,1413.64,127.99,0,0
2025-03-10,East,Product C,Online,Enterprise,7584.98,18,5,4,5,0,90,4633.41,672.56,0,1
2025-03-10,East,Product C,Online,SMB,5427.81,13,5,4,5,0,57,3274.14,542.79,0,1
2025-03-10,East,Product C,Retail Partner,Enterprise,5574.92,13,4,3,4,0,66,3358.31,314.66,0,1
2025-03-10,East,Product C,Retail Partner,SMB,4101.49,9,4,3,4,0,42,2431.41,197.62,0,1
2025-03-10,West,Product A,Online,Enterprise,12526.94,45,13,10,13,1,218,6844.85,1095.18,1,2
2025-03-10,West,Product A,Online,SMB,8041.37,29,11,9,11,0,140,4322.29,682.38,1,2
2025-03-10,West,Product A,Retail Partner,Enterprise,9001.46,32,9,7,9,0,137,4917.77,449.9,1,1
2025-03-10,West,Product A,Retail Partner,SMB,5554.57,20,8,6,8,0,93,3025.39,327.94,1,1
2025-03-10,West,Product B,Online,Enterprise,6485.61,33,9,8,9,0,150,3910.52,596.64,1,1
2025-03-10,West,Product B,Online,SMB,4411.76,22,9,6,9,0,102,2608.28,411.27,0,1
2025-03-10,West,Product B,Retail Partner,Enterprise,4657.42,24,7,5,7,0,103,2759.51,252.01,0,1
2025-03-10,West,Product B,Retail Partner,SMB,3004.43,15,6,5,6,0,76,1791.91,184.64,0,1
2025-03-10,West,Product C,Online,Enterprise,10932.67,26,7,6,7,0,112,6690.44,958.21,0,1
2025-03-10,West,Product C,Online,SMB,8075.81,18,7,6,7,0,73,4691.88,622.48,0,1
2025-03-10,West,Product C,Retail Partner,Enterprise,7946.12,19,5,4,5,0,82,4870.08,387.89,0,1
2025-03-10,West,Product C,Retail Partner,SMB,4764.09,11,4,3,4,0,54,2811.06,230.3,0,1
2025-03-17,North,Product A,Online,Enterprise,14397.16,51,15,11,15,1,219,7820.49,1397.45,1,2
2025-03-17,North,Product A,Online,SMB,9052.46,32,12,9,12,1,158,4924.43,910.48,1,2
2025-03-17,North,Product A,Retail Partner,Enterprise,10532.38,37,11,8,11,0,150,5649.09,558.26,1,1
2025-03-17,North,Product A,Retail Partner,SMB,6358.71,22,9,6,9,0,107,3377.27,326.82,0,1
2025-03-17,North,Product B,Online,Enterprise,6470.06,32,9,7,9,0,158,3724.9,545.61,1,1
2025-03-17,North,Product B,Online,SMB,4525.51,23,9,7,9,0,107,2695.15,424.41,1,1
2025-03-17,North,Product B,Retail Partner,Enterprise,4983.26,25,7,6,7,0,132,2936.65,248.88,0,1
2025-03-17,North,Product B,Retail Partner,SMB,3449.15,17,7,5,7,0,73,2052.64,181.68,1,1
2025-03-17,North,Product C,Online,Enterprise,11672.39,27,8,6,8,0,135,6872.34,1198.1,1,1
2025-03-17,North,Product C,Online,SMB,8029.42,18,7,6,7,0,82,4772.79,778.99,0,1
2025-03-17,North,Product C,Retail Partner,Enterprise,7924.04,18,5,4,5,0,84,4701.98,454.85,0,1
2025-03-17,North,Product C,Retail Partner,SMB,5441.16,13,5,4,5,0,55,3259.87,320.82,0,1
2025-03-17,South,Product A,Online,Enterprise,11470.31,41,12,9,12,1,190,6245.46,1149.36,1,2
2025-03-17,South,Product A,Online,SMB,7144.53,26,10,8,10,0,119,3813.35,639.47,0,1
2025-03-17,South,Product A,Retail Partner,Enterprise,7993.91,29,8,6,8,0,133,4288.37,448.33,0,1
2025-03-17,South,Product A,Retail Partner,SMB,5025.25,18,7,5,7,0,90,2740.29,308.98,0,1
2025-03-17,South,Product B,Online,Enterprise,6278.82,32,9,7,9,0,145,3793.84,565.7,1,1
2025-03-17,South,Product B,Online,SMB,4255.2,21,8,6,8,0,90,2482.55,373.7,0,1
2025-03-17,South,Product B,Retail Partner,Enterprise,4111.49,21,6,5,6,0,90,2417.01,230.34,0,1
2025-03-17,South,Product B,Retail Partner,SMB,2789.03,14,5,4,5,0,64,1663.7,136.14,0,1
2025-03-17,South,Product C,Online,Enterprise,9414.16,22,6,5,6,0,96,5715.47,862.17,0,1
2025-03-17,South,Product C,Online,SMB,6454.02,15,6,4,6,0,64,3919.33,652.7,0,1
2025-03-17,South,Product C,Retail Partner,Enterprise,6114.16,14,4,3,4,0,67,3744.81,309.77,0,0
2025-03-17,South,Product C,Retail Partner,SMB,4368.66,10,4,3,4,0,46,2600.15,225.87,0,1
2025-03-17,East,Product A,Online,Enterprise,10018.96,36,10,8,10,0,148,5466.89,961.04,1,1
2025-03-17,East,Product A,Online,SMB,6856.57,24,9,7,9,0,108,3609.76,635.16,1,1
2025-03-17,East,Product A,Retail Partner,Enterprise,7094.26,25,7,6,7,0,111,3776.89,341.14,1,1
2025-03-17,East,Product A,Retail Partner,SMB,4522.61,16,6,5,6,0,82,2399.37,245.74,0,1
2025-03-17,East,Product B,Online,Enterprise,5060.33,25,7,5,7,0,120,2955.38,551.15,0,1
2025-03-17,East,Product B,Online,SMB,3100.4,16,6,5,6,0,76,1847.06,303.39,0,1
2025-03-17,East,Product B,Retail Partner,Enterprise,3290.95,17,5,4,5,0,88,1999.08,192.6,0,1
2025-03-17,East,Product B,Retail Partner,SMB,2371.04,12,5,3,5,0,55,1380.71,114.51,0,1
2025-03-17,East,Product C,Online,Enterprise,7902.34,18,5,4,5,0,96,4604.28,771.33,0,1
2025-03-17,East,Product C,Online,SMB,5493.31,13,5,4,5,0,58,3251.26,560.98,0,1
2025-03-17,East,Product C,Retail Partner,Enterprise,6134.11,14,4,3,4,0,62,3722.66,360.76,0,1
2025-03-17,East,Product C,Retail Partner,SMB,4185.99,10,4,3,4,0,44,2579.89,195.81,0,0
2025-03-17,West,Product A,Online,Enterprise,12260.41,44,12,10,12,1,209,6616.83,1073.89,1,2
2025-03-17,West,Product A,Online,SMB,7985.15,29,11,8,11,1,136,4284.79,798.16,1,2
2025-03-17,West,Product A,Retail Partner,Enterprise,9332.94,33,9,8,9,1,156,5071.37,510.13,0,1
2025-03-17,West,Product A,Retail Partner,SMB,6265.32,22,9,7,9,0,96,3352.03,350.77,1,2
2025-03-17,West,Product B,Online,Enterprise,6785.23,34,10,8,10,0,162,3993.52,693.33,1,2
2025-03-17,West,Product B,Online,SMB,4645.96,24,9,7,9,0,106,2792.58,378.93,0,1
2025-03-17,West,Product B,Retail Partner,Enterprise,4777.2,24,7,5,7,0,114,2845.45,239.58,0,1
2025-03-17,West,Product B,Retail Partner,SMB,3159.09,16,6,4,6,0,80,1837.5,164.79,0,1
2025-03-17,West,Product C,Online,Enterprise,10795.49,25,7,6,7,0,116,6556.43,857.77,1,1
2025-03-17,West,Product C,Online,SMB,6475.9,15,6,4,6,0,80,3862.67,595.86,0,1
2025-03-17,West,Product C,Retail Partner,Enterprise,7629.92,18,5,4,5,0,81,4643.64,383.73,0,1
2025-03-17,West,Product C,Retail Partner,SMB,5185.77,12,5,4,5,0,49,3106.14,262.22,0,1
2025-03-24,North,Product A,Online,Enterprise,13840.5,50,14,11,14,0,210,7325.25,1425.21,1,2
2025-03-24,North,Product A,Online,SMB,8607.11,31,12,10,12,1,154,4799.72,806.02,1,2
2025-03-24,North,Product A,Retail Partner,Enterprise,9505.26,34,10,8,10,0,162,5199.97,453.72,1,2
2025-03-24,North,Product A,Retail Partner,SMB,6285.22,22,9,7,9,0,106,3329.9,307.66,1,2
2025-03-24,North,Product B,Online,Enterprise,7484.49,38,11,8,11,1,155,4483.3,661.13,1,1
2025-03-24,North,Product B,Online,SMB,4755.53,24,9,7,9,1,107,2825.32,391.95,1,2
2025-03-24,North,Product B,Retail Partner,Enterprise,5367.88,27,8,6,8,0,119,3191.68,290.32,0,1
2025-03-24,North,Product B,Retail Partner,SMB,3271.24,16,6,5,6,0,80,1922.49,156.27,0,1
2025-03-24,North,Product C,Online,Enterprise,11383.49,27,8,6,8,0,124,7074.27,1071.92,0,1
2025-03-24,North,Product C,Online,SMB,8039.21,19,7,6,7,0,86,4831.71,630.1,0,1
2025-03-24,North,Product C,Retail Partner,Enterprise,8422.69,20,6,4,6,0,90,5079.26,447.43,0,1
2025-03-24,North,Product C,Retail Partner,SMB,5627.18,13,5,4,5,0,56,3349.98,302.69,0,1
2025-03-24,South,Product A,Online,Enterprise,11061.24,40,11,9,11,1,188,6101.48,970.93,1,2
2025-03-24,South,Product A,Online,SMB,8242.02,29,11,8,11,1,109,4400.15,778.51,1,2
2025-03-24,South,Product A,Retail Partner,Enterprise,8864.04,32,9,7,9,1,142,4838.13,436.43,0,1
2025-03-24,South,Product A,Retail Partner,SMB,5369.5,19,7,6,7,0,86,2828.05,261.38,0,1
2025-03-24,South,Product B,Online,Enterprise,5275.94,26,7,6,7,0,133,3086.2,495.9,0,1
2025-03-24,South,Product B,Online,SMB,3789.45,19,7,6,7,0,84,2280.35,385.98,1,1
2025-03-24,South,Product B,Retail Partner,Enterprise,4063.64,21,6,5,6,0,95,2446.19,215.48,0,1
2025-03-24,South,Product B,Retail Partner,SMB,2599.27,13,5,4,5,0,66,1543.77,137.29,0,1
2025-03-24,South,Product C,Online,Enterprise,9845.58,23,6,5,6,0,105,5972.17,734.44,0,1
2025-03-24,South,Product C,Online,SMB,6376.87,15,6,5,6,0,63,3897.06,564.44,0,1
2025-03-24,South,Product C,Retail Partner,Enterprise,6454.01,15,4,3,4,0,78,3964.6,351.95,0,1
2025-03-24,South,Product C,Retail Partner,SMB,4242.07,10,4,3,4,0,46,2549.66,233.33,0,1
2025-03-24,East,Product A,Online,Enterprise,9396.44,33,9,7,9,0,155,5074.15,867.36,0,1
2025-03-24,East,Product A,Online,SMB,6099.16,22,8,6,8,0,111,3351.4,552.74,1,1
2025-03-24,East,Product A,Retail Partner,Enterprise,6909.27,25,7,5,7,0,122,3761.45,331.3,0,1
2025-03-24,East,Product A,Retail Partner,SMB,4481.38,16,6,5,6,0,79,2360.74,210.29,0,1
2025-03-24,East,Product B,Online,Enterprise,5115.47,26,7,6,7,0,113,3044.66,452.76,0,1
2025-03-24,East,Product B,Online,SMB,3476.62,18,7,5,7,0,78,2115.11,369.14,0,1
2025-03-24,East,Product B,Retail Partner,Enterprise,3811.11,19,5,4,5,0,77,2275.57,218.95,1,1
2025-03-24,East,Product B,Retail Partner,SMB,2500.43,12,5,4,5,0,54,1451.77,126.43,0,1
2025-03-24,East,Product C,Online,Enterprise,7923.98,18,5,4,5,0,80,4722.91,761.98,0,1
2025-03-24,East,Product C,Online,SMB,5692.03,13,5,4,5,0,59,3376.99,522.53,0,1
2025-03-24,East,Product C,Retail Partner,Enterprise,5895.71,13,4,3,4,0,61,3540.05,291.55,0,0
2025-03-24,East,Product C,Retail Partner,SMB,4035.11,9,4,3,4,0,43,2431.68,198.17,0,1
2025-03-24,West,Product A,Online,Enterprise,12927.61,47,13,10,13,1,221,7188.23,1353.08,1,2
2025-03-24,West,Product A,Online,SMB,8097.27,29,11,9,11,0,140,4337.78,808.34,1,2
2025-03-24,West,Product A,Retail Partner,Enterprise,9237.64,33,9,7,9,0,163,5063.62,484.73,1,1
2025-03-24,West,Product A,Retail Partner,SMB,6061.9,22,8,6,8,1,102,3311.32,312.83,0,1
2025-03-24,West,Product B,Online,Enterprise,7536.56,38,11,8,11,0,161,4527.68,719.43,1,2
2025-03-24,West,Product B,Online,SMB,4362.02,22,8,7,8,0,107,2553.13,328.14,1,1
2025-03-24,West,Product B,Retail Partner,Enterprise,5116.31,26,7,6,7,0,111,3070.91,299.4,0,1
2025-03-24,West,Product B,Retail Partner,SMB,3357.7,17,6,5,6,0,72,1935.29,172.62,0,1
2025-03-24,West,Product C,Online,Enterprise,10948.15,26,7,6,7,0,108,6606.77,1121.28,0,1
2025-03-24,West,Product C,Online,SMB,7064.41,16,6,5,6,0,70,4251.67,671.25,0,1
2025-03-24,West,Product C,Retail Partner,Enterprise,8723.47,20,6,4,6,0,77,5079.3,454.41,0,1
2025-03-24,West,Product C,Retail Partner,SMB,5038.04,12,4,4,4,0,52,3023.44,276.55,0,1
2025-03-31,North,Product A,Online,Enterprise,14616.01,52,15,12,15,1,224,7805.52,1487.79,1,2
2025-03-31,North,Product A,Online,SMB,8869.11,31,12,9,12,0,128,4689.6,949.43,1,2
2025-03-31,North,Product A,Retail Partner,Enterprise,9198.13,33,9,7,9,0,153,4979.14,505.87,1,1
2025-03-31,North,Product A,Retail Partner,SMB,6421.01,23,9,7,9,0,103,3399.04,326.18,1,1
2025-03-31,North,Product B,Online,Enterprise,6753.65,34,10,8,10,0,158,3995.6,684.09,1,1
2025-03-31,North,Product B,Online,SMB,4722.17,24,9,7,9,0,112,2863.73,368.52,1,2
2025-03-31,North,Product B,Retail Partner,Enterprise,5023.89,25,7,5,7,0,125,2931.21,269.63,1,1
2025-03-31,North,Product B,Retail Partner,SMB,3431.46,18,7,5,7,0,75,2076.35,164.45,0,1
2025-03-31,North,Product C,Online,Enterprise,11085.99,26,7,6,7,0,141,6676.45,1104.95,0,1
2025-03-31,North,Product C,Online,SMB,7372.68,17,7,5,7,0,87,4427.36,693.86,0,1
2025-03-31,North,Product C,Retail Partner,Enterprise,9303.64,21,6,5,6,0,93,5510.55,551.94,1,1
2025-03-31,North,Product C,Retail Partner,SMB,5197.53,12,5,4,5,0,59,3009.77,291.34,0,1
2025-03-31,South,Product A,Online,Enterprise,10942.86,38,11,9,11,0,168,5736.54,922.27,1,1
2025-03-31,South,Product A,Online,SMB,7167.27,26,10,8,10,0,125,3937.46,617.09,1,2
2025-03-31,South,Product A,Retail Partner,Enterprise,7690.86,28,8,6,8,0,135,4217.19,405.43,0,1
2025-03-31,South,Product A,Retail Partner,SMB,5148.61,18,7,5,7,0,89,2760.84,274.32,1,1
2025-03-31,South,Product B,Online,Enterprise,6054.15,31,9,7,9,0,120,3627.6,553.81,1,1
2025-03-31,South,Product B,Online,SMB,4157.54,21,8,7,8,0,94,2525.85,369.81,0,1
2025-03-31,South,Product B,Retail Partner,Enterprise,4191.15,21,6,5,6,0,102,2535.95,184.31,0,1
2025-03-31,South,Product B,Retail Partner,SMB,2907.17,15,6,4,6,0,61,1736.17,148.5,0,1
2025-03-31,South,Product C,Online,Enterprise,9506.28,22,6,5,6,0,102,5635.42,955.62,1,1
2025-03-31,South,Product C,Online,SMB,5697.38,13,5,4,5,0,67,3452.96,554.07,0,1
2025-03-31,South,Product C,Retail Partner,Enterprise,7135.49,16,5,4,5,0,73,4323.54,325.63,0,1
2025-03-31,South,Product C,Retail Partner,SMB,4081.13,10,4,3,4,0,48,2467.54,213.57,0,0
2025-03-31,East,Product A,Online,Enterprise,9661.01,35,10,8,10,1,139,5345.32,887.37,1,2
2025-03-31,East,Product A,Online,SMB,6350.85,23,9,7,9,0,103,3399.2,711.34,1,1
2025-03-31,East,Product A,Retail Partner,Enterprise,6810.78,24,7,5,7,0,125,3521.35,358.53,0,1
2025-03-31,East,Product A,Retail Partner,SMB,4866.59,17,7,5,7,0,76,2599.32,291.8,0,1
2025-03-31,East,Product B,Online,Enterprise,5020.49,25,7,6,7,0,121,2958.78,420.8,1,1
2025-03-31,East,Product B,Online,SMB,3381.56,17,7,5,7,0,78,2008.13,273.43,0,1
2025-03-31,East,Product B,Retail Partner,Enterprise,3777.88,19,5,4,5,0,80,2296.27,190.06,0,1
2025-03-31,East,Product B,Retail Partner,SMB,2418.26,12,5,4,5,0,58,1425.52,149.31,0,1
2025-03-31,East,Product C,Online,Enterprise,7388.27,17,5,4,5,0,90,4558.98,589.75,0,1
2025-03-31,East,Product C,Online,SMB,5114.93,12,5,4,5,0,56,3098.61,554.05,0,1
2025-03-31,East,Product C,Retail Partner,Enterprise,6016.55,14,4,3,4,0,62,3683.06,294.28,0,1
2025-03-31,East,Product C,Retail Partner,SMB,3595.14,8,3,3,3,0,37,2240.1,177.23,0,0
2025-03-31,West,Product A,Online,Enterprise,10686.16,38,11,8,11,0,202,5815.18,1027.15,1,2
2025-03-31,West,Product A,Online,SMB,8525.09,30,11,8,11,1,146,4491.78,882.92,1,2
2025-03-31,West,Product A,Retail Partner,Enterprise,9012.3,32,9,7,9,0,157,4911.84,454.66,1,1
2025-03-31,West,Product A,Retail Partner,SMB,5907.13,22,8,6,8,0,91,3242.46,287.21,1,1
2025-03-31,West,Product B,Online,Enterprise,6349.15,32,9,8,9,0,156,3783.55,570.74,0,1
2025-03-31,West,Product B,Online,SMB,4599.39,23,9,7,9,0,103,2732.74,421.44,1,1
2025-03-31,West,Product B,Retail Partner,Enterprise,4929.07,25,7,5,7,0,111,2889.76,221.48,0,1
2025-03-31,West,Product B,Retail Partner,SMB,3296.1,17,6,5,6,0,81,1971.88,153.33,0,1
2025-03-31,West,Product C,Online,Enterprise,10580.83,25,7,6,7,0,106,6490.31,935.68,0,1
2025-03-31,West,Product C,Online,SMB,7566.86,18,7,5,7,0,82,4654.1,710.67,0,1
2025-03-31,West,Product C,Retail Partner,Enterprise,7265.85,17,5,4,5,0,77,4296.64,385.56,0,1
2025-03-31,West,Product C,Retail Partner,SMB,4937.3,11,4,3,4,0,56,2992.55,276.66,0,1
2025-04-07,North,Product A,Online,Enterprise,15192.42,54,15,12,15,1,207,8196.26,1380.16,1,2
2025-04-07,North,Product A,Online,SMB,8590.88,31,12,9,12,0,140,4675.39,916.47,1,1
2025-04-07,North,Product A,Retail Partner,Enterprise,9802.66,35,10,8,10,0,167,5394.46,537.79,1,2
2025-04-07,North,Product A,Retail Partner,SMB,6303.22,23,9,7,9,0,107,3509.21,351.23,1,1
2025-04-07,North,Product B,Online,Enterprise,6990.42,36,10,8,10,0,169,4213.26,669.33,1,2
2025-04-07,North,Product B,Online,SMB,4586.33,23,9,7,9,0,105,2778.24,417.95,1,1
2025-04-07,North,Product B,Retail Partner,Enterprise,4756.92,24,7,5,7,0,123,2796.3,255.63,0,1
2025-04-07,North,Product B,Retail Partner,SMB,3380.54,17,7,5,7,0,86,2062.6,151.01,0,1
2025-04-07,North,Product C,Online,Enterprise,12185.38,29,8,7,8,0,130,7476.88,1064.3,0,1
2025-04-07,North,Product C,Online,SMB,7277.44,17,6,5,6,0,82,4330.6,706.42,0,1
2025-04-07,North,Product C,Retail Partner,Enterprise,8939.13,21,6,5,6,0,91,5508.1,464.1,1,1
2025-04-07,North,Product C,Retail Partner,SMB,5617.71,13,5,4,5,0,57,3490.83,300.78,0,1
2025-04-07,South,Product A,Online,Enterprise,10823.5,39,11,9,11,1,189,5802.42,1122.83,1,2
2025-04-07,South,Product A,Online,SMB,6951.54,25,10,8,10,0,110,3754.41,686.41,1,2
2025-04-07,South,Product A,Retail Partner,Enterprise,8832.46,32,9,7,9,0,133,4824.15,403.58,1,2
2025-04-07,South,Product A,Retail Partner,SMB,5277.96,19,7,6,7,0,91,2852.87,282.9,0,1
2025-04-07,South,Product B,Online,Enterprise,5947.51,30,9,7,9,0,136,3502.18,500.96,0,1
2025-04-07,South,Product B,Online,SMB,3791.23,19,7,6,7,0,91,2230.68,366.65,0,1
2025-04-07,South,Product B,Retail Partner,Enterprise,4393.96,22,6,5,6,0,98,2662.33,233.03,0,1
2025-04-07,South,Product B,Retail Partner,SMB,2713.61,14,5,4,5,0,65,1616.89,169.67,0,1
2025-04-07,South,Product C,Online,Enterprise,10481.59,25,7,5,7,0,99,6441.7,1016.49,0,1
2025-04-07,South,Product C,Online,SMB,6707.72,15,6,5,6,0,66,4020.27,644.18,0,1
2025-04-07,South,Product C,Retail Partner,Enterprise,6865.14,16,5,4,5,0,80,4218.64,296.29,0,1
2025-04-07,South,Product C,Retail Partner,SMB,4769.2,11,4,3,4,0,46,2860.87,243.24,0,1
2025-04-07,East,Product A,Online,Enterprise,10665.78,38,11,8,11,0,183,5749.59,1009.9,1,1
2025-04-07,East,Product A,Online,SMB,6234.64,22,9,7,9,0,111,3335.31,558.36,1,1
2025-04-07,East,Product A,Retail Partner,Enterprise,6829.01,24,7,5,7,0,116,3628.12,391.1,0,1
2025-04-07,East,Product A,Retail Partner,SMB,4131.14,15,6,4,6,0,68,2178.94,201.44,0,1
2025-04-07,East,Product B,Online,Enterprise,4943.46,25,7,5,7,0,105,2926.83,472.8,0,1
2025-04-07,East,Product B,Online,SMB,3124.3,16,6,5,6,0,87,1845.6,291.81,0,1
2025-04-07,East,Product B,Retail Partner,Enterprise,3632.97,18,5,4,5,0,89,2131.03,175.37,0,1
2025-04-07,East,Product B,Retail Partner,SMB,2639.02,13,5,4,5,0,55,1587.78,127.63,0,1
2025-04-07,East,Product C,Online,Enterprise,7978.65,19,5,4,5,0,85,4926.02,834.83,0,1
2025-04-07,East,Product C,Online,SMB,5856.05,14,5,4,5,0,59,3572.44,491.29,0,1
2025-04-07,East,Product C,Retail Partner,Enterprise,5833.11,13,4,3,4,0,61,3489.3,279.67,0,1
2025-04-07,East,Product C,Retail Partner,SMB,4240.47,10,4,3,4,0,44,2638.19,228.27,0,1
2025-04-07,West,Product A,Online,Enterprise,12469.46,45,13,10,13,1,207,6894.16,1179.88,1,3
2025-04-07,West,Product A,Online,SMB,8579.0,31,12,9,12,1,141,4724.96,790.01,1,2
2025-04-07,West,Product A,Retail Partner,Enterprise,9928.54,36,10,7,10,0,152,5452.41,521.69,1,1
2025-04-07,West,Product A,Retail Partner,SMB,6156.0,22,8,7,8,0,98,3347.47,288.75,0,1
2025-04-07,West,Product B,Online,Enterprise,7122.42,36,10,7,10,0,153,4202.83,669.87,1,1
2025-04-07,West,Product B,Online,SMB,4317.83,22,8,7,8,0,93,2620.43,373.55,1,1
2025-04-07,West,Product B,Retail Partner,Enterprise,4722.91,24,7,5,7,0,121,2828.61,241.04,0,1
2025-04-07,West,Product B,Retail Partner,SMB,3168.62,16,6,5,6,0,77,1839.15,168.0,1,1
2025-04-07,West,Product C,Online,Enterprise,12551.14,29,8,7,8,0,123,7563.48,1199.27,0,2
2025-04-07,West,Product C,Online,SMB,7020.12,16,6,5,6,0,75,4221.98,647.09,0,1
2025-04-07,West,Product C,Retail Partner,Enterprise,6853.44,16,5,3,5,0,85,4128.79,370.46,0,1
2025-04-07,West,Product C,Retail Partner,SMB,5967.86,14,5,4,5,0,57,3563.41,311.15,0,1
2025-04-14,North,Product A,Online,Enterprise,14100.49,50,14,11,14,0,237,7452.27,1312.25,1,2
2025-04-14,North,Product A,Online,SMB,9513.58,34,13,10,13,0,143,5112.35,933.21,1,2
2025-04-14,North,Product A,Retail Partner,Enterprise,10060.28,36,10,9,10,1,159,5441.37,567.96,0,2
2025-04-14,North,Product A,Retail Partner,SMB,6648.1,23,9,7,9,0,102,3487.15,391.65,1,1
2025-04-14,North,Product B,Online,Enterprise,7380.34,37,11,9,11,0,159,4340.06,674.44,1,2
2025-04-14,North,Product B,Online,SMB,4817.18,24,9,7,9,0,108,2848.39,400.1,1,1
2025-04-14,North,Product B,Retail Partner,Enterprise,5192.58,27,8,6,8,0,122,3145.05,214.99,0,1
2025-04-14,North,Product B,Retail Partner,SMB,3763.12,19,7,6,7,0,76,2209.13,210.06,1,1
2025-04-14,North,Product C,Online,Enterprise,12079.57,27,8,6,8,0,122,7042.41,1026.44,1,1
2025-04-14,North,Product C,Online,SMB,7241.37,17,6,5,6,0,81,4314.95,625.62,0,1
2025-04-14,North,Product C,Retail Partner,Enterprise,7589.03,18,5,4,5,0,93,4694.7,387.46,0,1
2025-04-14,North,Product C,Retail Partner,SMB,5425.87,13,5,4,5,0,57,3313.78,262.16,0,1
2025-04-14,South,Product A,Online,Enterprise,10838.64,38,11,9,11,0,188,5822.34,952.89,1,2
2025-04-14,South,Product A,Online,SMB,7627.96,27,10,8,10,0,126,4027.68,817.68,1,2
2025-04-14,South,Product A,Retail Partner,Enterprise,8232.3,30,9,7,9,0,137,4493.86,412.4,1,1
2025-04-14,South,Product A,Retail Partner,SMB,5592.24,20,8,6,8,0,88,3018.24,266.09,1,1
2025-04-14,South,Product B,Online,Enterprise,6368.69,32,9,7,9,1,138,3732.07,533.7,1,1
2025-04-14,South,Product B,Online,SMB,3760.18,19,7,6,7,0,94,2187.49,352.77,0,1
2025-04-14,South,Product B,Retail Partner,Enterprise,4402.35,22,6,5,6,0,99,2641.35,239.89,1,1
2025-04-14,South,Product B,Retail Partner,SMB,2879.75,14,6,5,6,0,68,1716.95,152.22,0,1
2025-04-14,South,Product C,Online,Enterprise,8746.53,21,6,5,6,0,104,5278.08,981.23,0,1
2025-04-14,South,Product C,Online,SMB,6798.97,16,6,4,6,0,63,3991.41,689.74,0,1
2025-04-14,South,Product C,Retail Partner,Enterprise,6902.0,16,5,4,5,0,76,4127.52,362.62,0,1
2025-04-14,South,Product C,Retail Partner,SMB,4260.94,10,4,3,4,0,48,2576.38,218.42,0,1
2025-04-14,East,Product A,Online,Enterprise,10187.65,37,10,8,10,1,174,5628.45,948.18,0,1
2025-04-14,East,Product A,Online,SMB,6108.93,22,8,7,8,0,104,3301.87,595.57,1,1
2025-04-14,East,Product A,Retail Partner,Enterprise,6514.63,23,7,5,7,0,119,3539.01,328.4,0,1
2025-04-14,East,Product A,Retail Partner,SMB,4438.19,16,6,5,6,0,77,2419.04,246.0,0,1
2025-04-14,East,Product B,Online,Enterprise,5380.11,27,8,6,8,0,110,3256.74,457.95,0,1
2025-04-14,East,Product B,Online,SMB,3674.06,19,7,6,7,0,77,2251.6,302.12,0,1
2025-04-14,East,Product B,Retail Partner,Enterprise,4020.25,21,6,5,6,0,90,2437.11,191.2,0,1
2025-04-14,East,Product B,Retail Partner,SMB,2571.73,13,5,4,5,0,54,1544.21,121.44,0,1
2025-04-14,East,Product C,Online,Enterprise,8109.17,19,5,4,5,0,94,4839.09,834.04,0,1
2025-04-14,East,Product C,Online,SMB,6038.54,14,5,4,5,0,60,3688.69,571.99,0,1
2025-04-14,East,Product C,Retail Partner,Enterprise,5231.67,12,3,3,3,0,61,3204.57,294.13,0,0
2025-04-14,East,Product C,Retail Partner,SMB,4213.06,10,4,3,4,0,43,2518.91,214.48,0,1
2025-04-14,West,Product A,Online,Enterprise,13531.62,47,13,10,13,1,211,7178.42,1109.38,1,2
2025-04-14,West,Product A,Online,SMB,8663.22,30,12,9,12,1,136,4543.45,831.34,1,2
2025-04-14,West,Product A,Retail Partner,Enterprise,9656.22,34,10,8,10,0,153,5237.26,475.67,1,1
2025-04-14,West,Product A,Retail Partner,SMB,5330.52,19,7,6,7,0,101,2859.59,250.72,1,1
2025-04-14,West,Product B,Online,Enterprise,5860.39,30,9,6,9,0,143,3640.39,577.85,1,1
2025-04-14,West,Product B,Online,SMB,4525.47,23,9,7,9,0,96,2685.76,375.96,1,1
2025-04-14,West,Product B,Retail Partner,Enterprise,5044.85,26,7,6,7,0,111,3038.62,255.5,0,1
2025-04-14,West,Product B,Retail Partner,SMB,3308.73,17,6,5,6,0,77,1944.11,144.27,0,1
2025-04-14,West,Product C,Online,Enterprise,11152.95,26,7,6,7,0,113,6770.3,917.38,1,1
2025-04-14,West,Product C,Online,SMB,7288.29,17,7,5,7,0,74,4447.68,652.07,0,1
2025-04-14,West,Product C,Retail Partner,Enterprise,7849.75,18,5,4,5,0,82,4674.15,455.12,0,1
2025-04-14,West,Product C,Retail Partner,SMB,5211.9,12,5,4,5,0,52,3165.67,245.43,0,1
2025-04-21,North,Product A,Online,Enterprise,12411.66,45,13,10,13,0,216,6806.2,1040.06,1,2
2025-04-21,North,Product A,Online,SMB,9316.87,33,13,10,13,1,154,4957.12,1008.56,1,2
2025-04-21,North,Product A,Retail Partner,Enterprise,10878.59,39,11,9,11,1,163,5913.7,621.76,1,2
2025-04-21,North,Product A,Retail Partner,SMB,6310.52,23,9,7,9,0,118,3378.89,345.02,1,1
2025-04-21,North,Product B,Online,Enterprise,7498.29,37,11,8,11,1,166,4384.92,697.33,1,2
2025-04-21,North,Product B,Online,SMB,4896.14,24,9,7,9,0,118,2883.71,455.29,0,2
2025-04-21,North,Product B,Retail Partner,Enterprise,4957.74,25,7,6,7,0,112,2913.85,244.6,0,1
2025-04-21,North,Product B,Retail Partner,SMB,3300.25,17,6,5,6,0,82,1959.81,178.63,0,1
2025-04-21,North,Product C,Online,Enterprise,10659.2,25,7,5,7,0,127,6488.34,1021.31,0,1
2025-04-21,North,Product C,Online,SMB,8302.91,19,7,6,7,0,81,4885.11,812.43,1,1
2025-04-21,North,Product C,Retail Partner,Enterprise,8067.07,19,5,4,5,0,94,4846.55,458.42,0,1
2025-04-21,North,Product C,Retail Partner,SMB,5674.46,13,5,4,5,0,60,3430.83,315.81,0,1
2025-04-21,South,Product A,Online,Enterprise,10815.81,38,11,8,11,1,186,5890.04,1066.75,1,1
2025-04-21,South,Product A,Online,SMB,7622.25,27,10,8,10,0,134,4147.69,712.46,1,1
2025-04-21,South,Product A,Retail Partner,Enterprise,7826.89,28,8,6,8,1,129,4357.97,389.26,1,1
2025-04-21,South,Product A,Retail Partner,SMB,5602.96,20,8,6,8,0,97,2975.83,288.73,0,1
2025-04-21,South,Product B,Online,Enterprise,5700.57,29,8,7,8,0,137,3412.1,423.47,0,1
2025-04-21,South,Product B,Online,SMB,3466.43,18,7,5,7,0,93,2095.18,321.47,0,1
2025-04-21,South,Product B,Retail Partner,Enterprise,4178.99,21,6,4,6,0,87,2473.91,211.49,0,1
2025-04-21,South,Product B,Retail Partner,SMB,2903.53,14,5,4,5,0,68,1691.7,126.56,0,1
2025-04-21,South,Product C,Online,Enterprise,10519.26,24,7,5,7,0,102,6513.44,927.83,0,1
2025-04-21,South,Product C,Online,SMB,7069.35,16,6,5,6,0,64,4291.49,675.13,0,1
2025-04-21,South,Product C,Retail Partner,Enterprise,7160.33,16,5,4,5,0,76,4290.12,310.12,0,1
2025-04-21,South,Product C,Retail Partner,SMB,3957.7,9,4,3,4,0,48,2395.83,216.36,0,0
2025-04-21,East,Product A,Online,Enterprise,10422.02,37,10,8,10,1,153,5548.07,829.27,1,2
2025-04-21,East,Product A,Online,SMB,6488.98,23,9,7,9,0,100,3432.14,668.89,0,1
2025-04-21,East,Product A,Retail Partner,Enterprise,6736.59,24,7,6,7,0,118,3719.87,340.53,1,1
2025-04-21,East,Product A,Retail Partner,SMB,4621.95,17,6,5,6,0,82,2519.94,239.15,0,1
2025-04-21,East,Product B,Online,Enterprise,5061.77,26,7,6,7,0,122,3040.54,488.43,0,1
2025-04-21,East,Product B,Online,SMB,3243.31,16,6,5,6,0,77,1919.95,274.7,0,1
2025-04-21,East,Product B,Retail Partner,Enterprise,3918.17,20,6,5,6,0,85,2395.78,205.95,0,1
2025-04-21,East,Product B,Retail Partner,SMB,2404.01,12,5,4,5,0,63,1420.93,127.14,0,1
2025-04-21,East,Product C,Online,Enterprise,8926.89,21,6,5,6,0,88,5532.61,765.85,0,1
2025-04-21,East,Product C,Online,SMB,6042.22,14,5,4,5,0,53,3648.23,549.38,0,1
2025-04-21,East,Product C,Retail Partner,Enterprise,5972.09,14,4,3,4,0,61,3607.83,301.64,0,1
2025-04-21,East,Product C,Retail Partner,SMB,3903.6,9,3,3,3,0,39,2306.9,196.38,0,0
2025-04-21,West,Product A,Online,Enterprise,12584.54,44,13,10,13,1,227,6678.01,1132.88,1,2
2025-04-21,West,Product A,Online,SMB,8550.71,30,12,9,12,0,129,4541.77,746.89,1,2
2025-04-21,West,Product A,Retail Partner,Enterprise,9212.91,33,9,7,9,0,160,4913.17,507.83,1,1
2025-04-21,West,Product A,Retail Partner,SMB,5972.33,21,8,6,8,0,98,3151.4,302.63,1,1
2025-04-21,West,Product B,Online,Enterprise,6832.95,35,10,8,10,0,158,4124.77,631.47,1,2
2025-04-21,West,Product B,Online,SMB,4596.5,23,9,7,9,0,99,2767.97,490.63,1,1
2025-04-21,West,Product B,Retail Partner,Enterprise,5102.71,25,7,6,7,0,117,2942.86,246.94,0,1
2025-04-21,West,Product B,Retail Partner,SMB,3446.24,18,7,5,7,0,76,2115.97,180.76,0,1
2025-04-21,West,Product C,Online,Enterprise,11160.86,26,7,6,7,0,111,6661.58,915.58,0,1
2025-04-21,West,Product C,Online,SMB,7159.09,17,6,5,6,0,76,4300.36,721.84,0,1
2025-04-21,West,Product C,Retail Partner,Enterprise,7520.27,17,5,4,5,0,82,4541.97,389.77,0,1
2025-04-21,West,Product C,Retail Partner,SMB,4794.09,11,4,3,4,0,55,2800.19,210.17,0,1
2025-04-28,North,Product A,Online,Enterprise,14097.68,51,14,11,14,1,225,7700.84,1337.01,1,3
2025-04-28,North,Product A,Online,SMB,9442.7,33,13,10,13,1,143,5013.41,855.71,1,2
2025-04-28,North,Product A,Retail Partner,Enterprise,10380.32,37,11,8,11,0,158,5598.64,494.74,1,1
2025-04-28,North,Product A,Retail Partner,SMB,6285.64,23,9,7,9,0,110,3412.96,342.2,0,1
2025-04-28,North,Product B,Online,Enterprise,7288.05,37,11,8,11,0,167,4357.11,592.46,0,1
2025-04-28,North,Product B,Online,SMB,5447.41,28,11,8,11,1,112,3293.54,507.77,1,1
2025-04-28,North,Product B,Retail Partner,Enterprise,5699.82,29,8,6,8,1,116,3419.34,372.87,0,2
2025-04-28,North,Product B,Retail Partner,SMB,3343.14,17,7,5,7,0,77,1981.45,200.78,0,1
2025-04-28,North,Product C,Online,Enterprise,12584.98,30,8,7,8,1,140,7752.05,1213.14,0,1
2025-04-28,North,Product C,Online,SMB,7969.72,18,7,5,7,0,87,4828.5,783.05,0,1
2025-04-28,North,Product C,Retail Partner,Enterprise,8596.05,20,6,5,6,0,83,5197.4,408.47,0,1
2025-04-28,North,Product C,Retail Partner,SMB,6144.86,14,5,4,5,0,64,3646.22,337.61,0,1
2025-04-28,South,Product A,Online,Enterprise,10240.29,36,10,8,10,0,200,5545.71,903.64,1,2
2025-04-28,South,Product A,Online,SMB,7003.43,25,10,7,10,1,128,3801.19,656.47,1,1
2025-04-28,South,Product A,Retail Partner,Enterprise,8005.53,28,8,6,8,1,123,4305.09,392.69,1,1
2025-04-28,South,Product A,Retail Partner,SMB,5429.61,19,7,5,7,0,98,2938.79,261.88,0,1
2025-04-28,South,Product B,Online,Enterprise,6135.46,31,9,7,9,0,142,3682.15,528.27,1,1
2025-04-28,South,Product B,Online,SMB,3696.01,19,7,6,7,0,89,2231.65,311.94,1,1
2025-04-28,South,Product B,Retail Partner,Enterprise,4614.32,23,6,5,6,0,92,2677.74,227.4,0,1
2025-04-28,South,Product B,Retail Partner,SMB,2772.62,14,5,4,5,0,65,1641.74,137.79,0,1
2025-04-28,South,Product C,Online,Enterprise,9848.71,23,6,5,6,0,101,5888.74,947.26,0,1
2025-04-28,South,Product C,Online,SMB,6337.18,15,6,5,6,0,59,3863.19,633.92,0,1
2025-04-28,South,Product C,Retail Partner,Enterprise,7308.1,17,5,4,5,0,72,4324.66,373.73,0,1
2025-04-28,South,Product C,Retail Partner,SMB,4397.86,10,4,3,4,0,51,2617.68,261.61,0,0
2025-04-28,East,Product A,Online,Enterprise,10675.6,38,11,8,11,1,163,5718.12,1107.03,0,2
2025-04-28,East,Product A,Online,SMB,6487.26,23,9,7,9,1,108,3541.41,577.8,1,1
2025-04-28,East,Product A,Retail Partner,Enterprise,7689.66,28,8,6,8,1,116,4173.01,370.42,0,1
2025-04-28,East,Product A,Retail Partner,SMB,4898.94,17,7,5,7,0,72,2624.74,256.01,1,1
2025-04-28,East,Product B,Online,Enterprise,4941.17,25,7,6,7,0,116,2944.04,557.59,1,1
2025-04-28,East,Product B,Online,SMB,3586.95,18,7,6,7,0,76,2128.61,363.19,0,1
2025-04-28,East,Product B,Retail Partner,Enterprise,3819.16,19,5,4,5,0,83,2226.06,180.48,0,1
2025-04-28,East,Product B,Retail Partner,SMB,2523.04,13,5,4,5,0,57,1501.48,119.32,0,1
2025-04-28,East,Product C,Online,Enterprise,9368.14,22,6,5,6,0,93,5718.88,924.99,0,1
2025-04-28,East,Product C,Online,SMB,5843.47,13,5,4,5,0,54,3476.06,517.51,0,1
2025-04-28,East,Product C,Retail Partner,Enterprise,5859.8,13,4,3,4,0,64,3527.64,293.69,0,1
2025-04-28,East,Product C,Retail Partner,SMB,4160.91,10,4,3,4,0,39,2535.33,203.71,0,0
2025-04-28,West,Product A,Online,Enterprise,12961.15,46,13,9,13,1,196,6982.16,1071.9,1,2
2025-04-28,West,Product A,Online,SMB,9031.45,32,12,9,12,1,144,4801.91,814.63,1,2
2025-04-28,West,Product A,Retail Partner,Enterprise,9575.18,34,10,8,10,0,158,5170.7,516.47,0,1
2025-04-28,West,Product A,Retail Partner,SMB,6288.09,23,9,7,9,0,100,3415.06,284.34,1,1
2025-04-28,West,Product B,Online,Enterprise,6982.22,36,10,9,10,1,157,4236.63,651.47,1,1
2025-04-28,West,Product B,Online,SMB,4473.97,23,9,7,9,0,100,2714.69,400.41,1,1
2025-04-28,West,Product B,Retail Partner,Enterprise,4833.13,25,7,5,7,0,107,2965.77,257.54,1,1
2025-04-28,West,Product B,Retail Partner,SMB,3547.52,18,7,5,7,0,76,2136.6,206.87,0,1
2025-04-28,West,Product C,Online,Enterprise,10894.74,25,7,6,7,0,119,6444.2,1008.06,0,1
2025-04-28,West,Product C,Online,SMB,7044.02,16,6,5,6,0,75,4285.61,698.74,1,1
2025-04-28,West,Product C,Retail Partner,Enterprise,7981.75,19,5,4,5,0,85,4770.55,389.98,0,1
2025-04-28,West,Product C,Retail Partner,SMB,5271.07,12,5,4,5,0,55,3151.59,264.7,0,1
2025-05-05,North,Product A,Online,Enterprise,13382.23,49,14,10,14,1,234,7482.98,1479.24,1,3
2025-05-05,North,Product A,Online,SMB,10335.71,37,14,11,14,1,146,5616.47,1070.88,1,2
2025-05-05,North,Product A,Retail Partner,Enterprise,10042.81,36,10,8,10,0,169,5354.46,512.48,1,2
2025-05-05,North,Product A,Retail Partner,SMB,6266.97,22,8,6,8,0,111,3345.38,307.27,0,1
2025-05-05,North,Product B,Online,Enterprise,7197.95,36,10,8,10,0,155,4305.77,643.34,1,1
2025-05-05,North,Product B,Online,SMB,4904.77,25,10,7,10,0,121,2992.37,503.05,1,1
2025-05-05,North,Product B,Retail Partner,Enterprise,5161.74,26,7,6,7,0,118,3054.34,251.04,0,1
2025-05-05,North,Product B,Retail Partner,SMB,3569.51,18,7,6,7,0,82,2167.41,201.3,0,1
2025-05-05,North,Product C,Online,Enterprise,11133.95,26,7,6,7,0,123,6832.1,966.23,0,2
2025-05-05,North,Product C,Online,SMB,7895.78,18,7,5,7,0,74,4709.65,685.49,0,1
2025-05-05,North,Product C,Retail Partner,Enterprise,9617.89,22,6,5,6,0,92,5681.89,519.61,0,1
2025-05-05,North,Product C,Retail Partner,SMB,5560.74,13,5,4,5,0,62,3389.32,305.31,0,1
2025-05-05,South,Product A,Online,Enterprise,10432.54,36,10,8,10,0,196,5495.16,1082.9,1,1
2025-05-05,South,Product A,Online,SMB,6931.66,25,9,7,9,1,123,3740.99,696.51,0,1
2025-05-05,South,Product A,Retail Partner,Enterprise,8238.0,29,8,6,8,0,125,4376.9,429.52,0,1
2025-05-05,South,Product A,Retail Partner,SMB,5913.74,21,8,6,8,0,92,3215.68,388.49,0,1
2025-05-05,South,Product B,Online,Enterprise,6167.51,31,9,7,9,0,140,3660.02,567.22,0,1
2025-05-05,South,Product B,Online,SMB,4103.84,21,8,6,8,0,91,2464.44,346.17,0,1
2025-05-05,South,Product B,Retail Partner,Enterprise,4156.71,21,6,5,6,0,96,2431.39,222.22,0,1
2025-05-05,South,Product B,Retail Partner,SMB,3149.18,16,6,4,6,0,62,1857.33,161.35,1,1
2025-05-05,South,Product C,Online,Enterprise,9652.31,22,6,5,6,0,95,5753.56,800.14,0,1
2025-05-05,South,Product C,Online,SMB,5922.1,14,5,4,5,0,66,3520.38,483.98,0,1
2025-05-05,South,Product C,Retail Partner,Enterprise,7187.2,16,5,4,5,0,78,4314.68,375.58,0,1
2025-05-05,South,Product C,Retail Partner,SMB,3890.29,9,3,3,3,0,49,2364.04,182.74,0,0
2025-05-05,East,Product A,Online,Enterprise,9950.8,36,10,8,10,0,157,5454.79,991.54,1,2
2025-05-05,East,Product A,Online,SMB,6184.3,22,9,7,9,0,99,3344.18,474.62,0,1
2025-05-05,East,Product A,Retail Partner,Enterprise,7353.77,26,7,6,7,0,123,3867.44,376.46,0,1
2025-05-05,East,Product A,Retail Partner,SMB,4382.95,16,6,5,6,0,80,2351.44,206.01,0,1
2025-05-05,East,Product B,Online,Enterprise,5313.32,26,8,6,8,0,117,3106.47,463.87,0,1
2025-05-05,East,Product B,Online,SMB,3495.02,17,7,5,7,0,81,2070.25,321.03,0,1
2025-05-05,East,Product B,Retail Partner,Enterprise,3645.97,19,5,4,5,0,94,2139.97,199.13,0,1
2025-05-05,East,Product B,Retail Partner,SMB,2422.7,12,5,4,5,0,56,1452.89,138.0,0,1
2025-05-05,East,Product C,Online,Enterprise,8652.59,20,6,5,6,0,96,5176.37,743.65,0,1
2025-05-05,East,Product C,Online,SMB,5769.33,13,5,4,5,0,61,3505.83,503.19,0,1
2025-05-05,East,Product C,Retail Partner,Enterprise,6278.96,14,4,3,4,0,68,3731.14,318.31,0,0
2025-05-05,East,Product C,Retail Partner,SMB,4272.08,10,4,3,4,0,43,2594.13,219.73,0,1
2025-05-05,West,Product A,Online,Enterprise,13239.01,48,14,10,14,1,210,7282.66,1303.9,1,2
2025-05-05,West,Product A,Online,SMB,8139.52,29,11,9,11,0,139,4496.43,765.09,1,2
2025-05-05,West,Product A,Retail Partner,Enterprise,8681.37,31,9,7,9,0,161,4648.6,493.39,1,1
2025-05-05,West,Product A,Retail Partner,SMB,6192.62,22,8,7,8,0,108,3350.87,288.76,0,1
2025-05-05,West,Product B,Online,Enterprise,6868.75,35,10,7,10,1,150,4073.24,656.0,1,1
2025-05-05,West,Product B,Online,SMB,3996.95,20,8,6,8,0,108,2354.46,342.58,0,1
2025-05-05,West,Product B,Retail Partner,Enterprise,4563.81,23,7,5,7,0,118,2686.39,245.56,0,1
2025-05-05,West,Product B,Retail Partner,SMB,3339.05,17,6,5,6,0,74,1948.74,189.58,0,1
2025-05-05,West,Product C,Online,Enterprise,10829.64,25,7,5,7,0,117,6671.41,936.78,0,1
2025-05-05,West,Product C,Online,SMB,7318.05,17,6,5,6,0,79,4273.99,714.21,0,1
2025-05-05,West,Product C,Retail Partner,Enterprise,8812.93,20,6,5,6,0,88,5176.6,467.45,0,1
2025-05-05,West,Product C,Retail Partner,SMB,5203.3,12,5,4,5,0,62,3194.52,272.93,0,1
2025-05-12,North,Product A,Online,Enterprise,13525.49,49,14,11,14,1,236,7371.26,1302.7,1,2
2025-05-12,North,Product A,Online,SMB,9659.3,34,13,10,13,1,145,5229.16,884.06,1,2
2025-05-12,North,Product A,Retail Partner,Enterprise,10151.6,36,10,8,10,0,164,5494.37,568.23,1,1
2025-05-12,North,Product A,Retail Partner,SMB,7202.66,26,10,7,10,1,105,3858.28,357.91,1,1
2025-05-12,North,Product B,Online,Enterprise,7176.78,36,10,8,10,0,165,4272.86,721.79,1,2
2025-05-12,North,Product B,Online,SMB,4820.15,24,9,7,9,0,115,2790.39,502.53,1,1
2025-05-12,North,Product B,Retail Partner,Enterprise,5585.53,28,8,6,8,0,133,3229.72,284.09,1,2
2025-05-12,North,Product B,Retail Partner,SMB,3540.72,18,7,6,7,0,75,2098.47,232.88,0,1
2025-05-12,North,Product C,Online,Enterprise,11904.54,27,8,6,8,0,124,7144.95,1228.03,1,2
2025-05-12,North,Product C,Online,SMB,8411.71,19,7,6,7,1,83,4951.18,738.31,0,1
2025-05-12,North,Product C,Retail Partner,Enterprise,8684.8,20,6,4,6,0,92,5147.58,465.96,0,1
2025-05-12,North,Product C,Retail Partner,SMB,5452.22,13,5,4,5,0,62,3249.24,294.46,0,1
2025-05-12,South,Product A,Online,Enterprise,11370.22,41,12,9,12,0,184,6181.64,967.9,1,1
2025-05-12,South,Product A,Online,SMB,8035.94,29,11,9,11,0,124,4335.56,663.76,1,2
2025-05-12,South,Product A,Retail Partner,Enterprise,7630.33,28,8,6,8,0,137,4227.83,454.34,1,1
2025-05-12,South,Product A,Retail Partner,SMB,5776.14,21,8,6,8,0,85,3065.95,310.48,0,1
2025-05-12,South,Product B,Online,Enterprise,5874.35,30,9,7,9,0,136,3560.15,595.8,0,1
2025-05-12,South,Product B,Online,SMB,4004.43,20,8,6,8,1,85,2442.64,345.88,0,1
2025-05-12,South,Product B,Retail Partner,Enterprise,4797.93,24,7,6,7,0,103,2808.29,271.29,0,1
2025-05-12,South,Product B,Retail Partner,SMB,2780.49,14,5,4,5,0,65,1633.11,143.52,0,1
2025-05-12,South,Product C,Online,Enterprise,10817.45,25,7,5,7,0,108,6436.65,929.4,1,1
2025-05-12,South,Product C,Online,SMB,6714.26,16,6,5,6,0,64,4100.08,602.47,0,1
2025-05-12,South,Product C,Retail Partner,Enterprise,6294.44,15,4,3,4,0,74,3832.2,291.64,0,1
2025-05-12,South,Product C,Retail Partner,SMB,4784.37,11,4,3,4,0,44,2897.75,267.92,0,1
2025-05-12,East,Product A,Online,Enterprise,10951.34,39,11,9,11,0,161,5812.29,1096.4,1,2
2025-05-12,East,Product A,Online,SMB,6479.9,23,9,7,9,1,102,3551.72,644.71,0,1
2025-05-12,East,Product A,Retail Partner,Enterprise,6873.76,25,7,6,7,0,126,3711.57,363.49,1,1
2025-05-12,East,Product A,Retail Partner,SMB,5462.38,19,7,6,7,0,78,2921.45,298.57,0,1
2025-05-12,East,Product B,Online,Enterprise,5376.98,28,8,6,8,0,138,3351.59,565.84,0,1
2025-05-12,East,Product B,Online,SMB,3702.54,19,7,6,7,0,84,2164.44,349.76,0,1
2025-05-12,East,Product B,Retail Partner,Enterprise,3796.36,19,5,4,5,0,93,2246.1,200.84,0,1
2025-05-12,East,Product B,Retail Partner,SMB,2369.52,12,5,3,5,0,56,1407.41,121.46,0,1
2025-05-12,East,Product C,Online,Enterprise,7994.34,18,5,4,5,0,95,4896.49,837.29,0,1
2025-05-12,East,Product C,Online,SMB,5654.23,13,5,4,5,0,58,3430.04,581.64,0,1
2025-05-12,East,Product C,Retail Partner,Enterprise,6922.67,16,5,4,5,0,64,4144.19,337.38,0,1
2025-05-12,East,Product C,Retail Partner,SMB,3907.52,9,3,3,3,0,41,2309.32,196.67,0,1
2025-05-12,West,Product A,Online,Enterprise,14404.69,51,15,12,15,1,209,7840.12,1460.17,1,2
2025-05-12,West,Product A,Online,SMB,10057.58,36,14,10,14,1,150,5475.82,1016.35,1,2
2025-05-12,West,Product A,Retail Partner,Enterprise,9939.33,36,10,8,10,0,147,5401.63,531.1,0,1
2025-05-12,West,Product A,Retail Partner,SMB,6514.24,23,9,7,9,0,104,3551.02,383.49,1,1
2025-05-12,West,Product B,Online,Enterprise,6821.51,34,10,8,10,1,157,4044.72,599.74,1,1
2025-05-12,West,Product B,Online,SMB,4395.85,22,9,7,9,0,110,2692.69,426.27,1,1
2025-05-12,West,Product B,Retail Partner,Enterprise,5075.48,26,7,6,7,0,118,3052.84,262.57,0,1
2025-05-12,West,Product B,Retail Partner,SMB,3417.33,17,7,5,7,0,74,2010.93,187.71,0,1
2025-05-12,West,Product C,Online,Enterprise,10709.96,25,7,5,7,0,119,6499.22,999.54,1,1
2025-05-12,West,Product C,Online,SMB,7727.58,18,7,6,7,0,83,4629.71,707.6,1,1
2025-05-12,West,Product C,Retail Partner,Enterprise,7638.53,18,5,4,5,0,79,4738.98,364.77,0,1
2025-05-12,West,Product C,Retail Partner,SMB,5174.87,12,5,4,5,0,55,3214.32,273.72,0,1
2025-05-19,North,Product A,Online,Enterprise,15404.03,55,16,12,16,1,231,8204.77,1265.59,1,3
2025-05-19,North,Product A,Online,SMB,9374.81,34,13,10,13,0,153,5072.77,923.83,1,1
2025-05-19,North,Product A,Retail Partner,Enterprise,8960.82,32,9,7,9,0,167,4862.14,471.48,1,1
2025-05-19,North,Product A,Retail Partner,SMB,6596.44,23,9,7,9,0,104,3563.06,335.62,1,1
2025-05-19,North,Product B,Online,Enterprise,7439.85,38,11,9,11,1,162,4432.9,720.53,1,1
2025-05-19,North,Product B,Online,SMB,4774.89,24,9,7,9,1,112,2855.13,525.64,1,1
2025-05-19,North,Product B,Retail Partner,Enterprise,5046.11,25,7,6,7,0,122,2941.95,237.07,1,1
2025-05-19,North,Product B,Retail Partner,SMB,3503.16,18,7,6,7,0,88,2076.38,177.69,0,1
2025-05-19,North,Product C,Online,Enterprise,12114.81,28,8,6,8,1,132,7389.24,1145.81,0,1
2025-05-19,North,Product C,Online,SMB,7328.92,17,7,5,7,0,90,4441.15,723.5,0,1
2025-05-19,North,Product C,Retail Partner,Enterprise,8532.91,20,6,4,6,0,88,5010.77,489.65,0,1
2025-05-19,North,Product C,Retail Partner,SMB,5800.27,14,5,4,5,0,58,3613.16,284.06,0,1
2025-05-19,South,Product A,Online,Enterprise,13032.97,45,13,10,13,0,184,6854.55,1163.53,1,2
2025-05-19,South,Product A,Online,SMB,8056.25,29,11,8,11,0,133,4274.38,734.41,0,2
2025-05-19,South,Product A,Retail Partner,Enterprise,8734.8,31,9,7,9,1,127,4741.23,522.58,1,1
2025-05-19,South,Product A,Retail Partner,SMB,5443.42,19,7,6,7,0,88,2885.36,263.08,1,1
2025-05-19,South,Product B,Online,Enterprise,5541.92,29,8,6,8,1,135,3385.86,420.42,0,1
2025-05-19,South,Product B,Online,SMB,4076.66,21,8,6,8,0,95,2413.71,360.26,0,1
2025-05-19,South,Product B,Retail Partner,Enterprise,4292.81,22,6,5,6,0,101,2556.1,247.37,0,1
2025-05-19,South,Product B,Retail Partner,SMB,2618.54,13,5,4,5,0,66,1514.32,122.55,0,1
2025-05-19,South,Product C,Online,Enterprise,10487.0,25,7,5,7,0,98,6520.74,888.58,0,1
2025-05-19,South,Product C,Online,SMB,6103.07,14,5,4,5,0,65,3615.38,649.28,0,1
2025-05-19,South,Product C,Retail Partner,Enterprise,7600.13,17,5,4,5,0,76,4535.05,355.8,0,1
2025-05-19,South,Product C,Retail Partner,SMB,4237.12,10,4,3,4,0,48,2578.3,206.72,0,1
2025-05-19,East,Product A,Online,Enterprise,9571.83,35,10,8,10,0,169,5247.35,861.02,1,2
2025-05-19,East,Product A,Online,SMB,6299.13,22,9,7,9,0,104,3349.84,601.32,0,1
2025-05-19,East,Product A,Retail Partner,Enterprise,7993.83,29,8,6,8,0,119,4271.32,405.91,1,1
2025-05-19,East,Product A,Retail Partner,SMB,4996.93,18,7,5,7,0,75,2625.02,281.59,0,1
2025-05-19,East,Product B,Online,Enterprise,5774.06,29,8,7,8,0,123,3419.22,559.97,0,1
2025-05-19,East,Product B,Online,SMB,3492.74,18,7,5,7,0,85,2065.84,339.44,0,1
2025-05-19,East,Product B,Retail Partner,Enterprise,3746.8,19,5,4,5,0,90,2244.87,211.28,0,1
2025-05-19,East,Product B,Retail Partner,SMB,2279.98,11,4,4,4,0,59,1342.39,130.52,0,0
2025-05-19,East,Product C,Online,Enterprise,8746.35,20,6,4,6,0,95,5191.06,731.08,0,1
2025-05-19,East,Product C,Online,SMB,5190.08,12,5,4,5,0,58,3114.26,471.59,0,1
2025-05-19,East,Product C,Retail Partner,Enterprise,6322.23,15,4,3,4,0,68,3789.54,316.84,0,1
2025-05-19,East,Product C,Retail Partner,SMB,3814.47,9,3,3,3,0,43,2308.33,214.79,0,0
2025-05-19,West,Product A,Online,Enterprise,13415.83,48,14,10,14,0,212,7175.72,1274.61,1,2
2025-05-19,West,Product A,Online,SMB,9227.83,33,13,10,13,1,145,5006.93,917.01,1,2
2025-05-19,West,Product A,Retail Partner,Enterprise,10427.09,37,11,9,11,0,154,5625.81,548.1,1,1
2025-05-19,West,Product A,Retail Partner,SMB,6759.64,24,9,7,9,1,107,3599.48,311.39,1,2
2025-05-19,West,Product B,Online,Enterprise,6293.81,32,9,7,9,1,147,3813.45,566.32,0,1
2025-05-19,West,Product B,Online,SMB,4668.27,23,9,7,9,0,104,2751.38,411.91,1,1
2025-05-19,West,Product B,Retail Partner,Enterprise,5168.53,26,8,6,8,0,118,3123.72,241.54,1,1
2025-05-19,West,Product B,Retail Partner,SMB,3260.74,16,6,5,6,0,72,1928.19,175.15,0,1
2025-05-19,West,Product C,Online,Enterprise,10998.55,26,7,5,7,0,110,6670.14,953.89,0,1
2025-05-19,West,Product C,Online,SMB,8205.39,19,7,6,7,0,71,4832.62,759.5,0,1
2025-05-19,West,Product C,Retail Partner,Enterprise,8104.19,18,5,4,5,0,75,4759.79,436.45,0,1
2025-05-19,West,Product C,Retail Partner,SMB,5450.03,13,5,4,5,0,55,3292.76,317.06,0,1
2025-05-26,North,Product A,Online,Enterprise,14248.52,51,15,11,15,0,227,7808.01,1213.12,1,2
2025-05-26,North,Product A,Online,SMB,9680.32,34,13,10,13,1,151,5115.25,921.43,1,2
2025-05-26,North,Product A,Retail Partner,Enterprise,10649.82,37,10,8,10,1,181,5614.87,561.79,1,2
2025-05-26,North,Product A,Retail Partner,SMB,7318.61,26,10,8,10,1,111,3965.79,387.45,1,2
2025-05-26,North,Product B,Online,Enterprise,7475.58,38,11,8,11,0,167,4362.96,629.03,1,2
2025-05-26,North,Product B,Online,SMB,5547.1,28,11,8,11,0,110,3347.02,530.96,0,2
2025-05-26,North,Product B,Retail Partner,Enterprise,5287.15,27,8,6,8,0,135,3135.84,261.13,1,1
2025-05-26,North,Product B,Retail Partner,SMB,3731.96,19,7,6,7,0,86,2252.45,226.21,0,1
2025-05-26,North,Product C,Online,Enterprise,12352.31,29,8,6,8,0,130,7457.93,1151.21,0,1
2025-05-26,North,Product C,Online,SMB,8481.84,20,8,6,8,0,82,5122.83,759.79,0,1
2025-05-26,North,Product C,Retail Partner,Enterprise,8628.94,20,6,4,6,0,92,5435.12,453.33,0,1
2025-05-26,North,Product C,Retail Partner,SMB,5645.86,13,5,4,5,0,58,3368.26,307.61,0,1
2025-05-26,South,Product A,Online,Enterprise,11763.42,41,12,9,12,0,187,6203.09,1225.7,1,2
2025-05-26,South,Product A,Online,SMB,7721.74,27,11,8,11,0,134,4134.72,681.63,1,1
2025-05-26,South,Product A,Retail Partner,Enterprise,8372.29,30,8,7,8,1,138,4505.57,424.32,1,1
2025-05-26,South,Product A,Retail Partner,SMB,4915.45,18,7,5,7,0,94,2650.95,246.08,0,1
2025-05-26,South,Product B,Online,Enterprise,5730.01,29,8,6,8,0,129,3405.58,573.73,0,1
2025-05-26,South,Product B,Online,SMB,4053.77,21,8,7,8,0,94,2417.47,404.32,1,1
2025-05-26,South,Product B,Retail Partner,Enterprise,4562.07,24,7,5,7,0,101,2878.13,227.02,0,1
2025-05-26,South,Product B,Retail Partner,SMB,2668.85,13,5,4,5,0,65,1569.64,124.82,0,1
2025-05-26,South,Product C,Online,Enterprise,10211.45,24,7,5,7,0,107,6157.1,1020.29,0,1
2025-05-26,South,Product C,Online,SMB,6399.77,14,5,4,5,0,62,3710.17,612.6,0,1
2025-05-26,South,Product C,Retail Partner,Enterprise,7402.79,17,5,4,5,0,74,4494.87,370.61,0,1
2025-05-26,South,Product C,Retail Partner,SMB,5021.94,11,4,4,4,0,48,2961.94,276.42,0,1
2025-05-26,East,Product A,Online,Enterprise,9670.64,35,10,8,10,1,164,5221.22,996.01,0,1
2025-05-26,East,Product A,Online,SMB,7121.71,26,10,8,10,0,109,3834.22,627.41,1,1
2025-05-26,East,Product A,Retail Partner,Enterprise,7621.45,26,7,6,7,0,115,3935.81,394.21,0,1
2025-05-26,East,Product A,Retail Partner,SMB,5079.18,18,7,5,7,0,77,2767.8,268.21,0,1
2025-05-26,East,Product B,Online,Enterprise,5148.04,26,7,6,7,0,126,3051.89,439.7,0,1
2025-05-26,East,Product B,Online,SMB,3745.36,19,7,5,7,0,76,2224.2,375.8,0,1
2025-05-26,East,Product B,Retail Partner,Enterprise,3968.25,20,6,4,6,0,91,2377.22,190.92,1,1
2025-05-26,East,Product B,Retail Partner,SMB,2368.72,12,5,4,5,0,53,1415.19,110.07,0,1
2025-05-26,East,Product C,Online,Enterprise,9553.9,21,6,5,6,0,93,5540.47,829.0,0,1
2025-05-26,East,Product C,Online,SMB,5822.07,14,5,4,5,0,56,3565.41,589.79,0,1
2025-05-26,East,Product C,Retail Partner,Enterprise,6193.76,14,4,3,4,0,60,3707.02,297.13,0,1
2025-05-26,East,Product C,Retail Partner,SMB,4077.79,9,4,3,4,0,42,2406.63,191.09,0,0
2025-05-26,West,Product A,Online,Enterprise,13236.71,47,13,11,13,1,216,7067.47,1041.98,1,2
2025-05-26,West,Product A,Online,SMB,8804.9,31,12,10,12,1,150,4731.85,731.89,1,2
2025-05-26,West,Product A,Retail Partner,Enterprise,8806.99,31,9,7,9,0,164,4788.16,418.18,0,1
2025-05-26,West,Product A,Retail Partner,SMB,6580.44,23,9,7,9,0,102,3495.6,332.81,1,2
2025-05-26,West,Product B,Online,Enterprise,7000.39,35,10,8,10,1,156,4109.1,656.28,1,2
2025-05-26,West,Product B,Online,SMB,4700.89,24,9,7,9,1,99,2778.99,435.55,1,2
2025-05-26,West,Product B,Retail Partner,Enterprise,4918.5,25,7,5,7,0,114,2957.07,264.87,1,1
2025-05-26,West,Product B,Retail Partner,SMB,3193.37,16,6,5,6,0,78,1858.46,162.73,0,1
2025-05-26,West,Product C,Online,Enterprise,11237.73,26,7,6,7,0,118,6718.79,1050.73,0,1
2025-05-26,West,Product C,Online,SMB,6938.39,16,6,5,6,0,80,4160.69,685.29,0,1
2025-05-26,West,Product C,Retail Partner,Enterprise,7283.32,17,5,4,5,0,91,4359.24,351.88,0,1
2025-05-26,West,Product C,Retail Partner,SMB,5675.61,13,5,4,5,0,53,3417.38,270.74,0,1
2025-06-02,North,Product A,Online,Enterprise,14203.32,50,14,11,14,0,225,7436.14,1550.91,1,2
2025-06-02,North,Product A,Online,SMB,8707.92,31,12,9,12,1,145,4822.73,855.33,1,1
2025-06-02,North,Product A,Retail Partner,Enterprise,9942.08,35,10,8,10,1,176,5180.15,511.57,1,1
2025-06-02,North,Product A,Retail Partner,SMB,7171.18,25,10,8,10,0,116,3773.93,386.2,1,1
2025-06-02,North,Product B,Online,Enterprise,7090.05,36,10,8,10,0,172,4138.73,582.56,1,1
2025-06-02,North,Product B,Online,SMB,4695.23,24,9,7,9,0,117,2774.96,458.37,1,1
2025-06-02,North,Product B,Retail Partner,Enterprise,4725.02,24,7,6,7,0,118,2824.76,234.2,0,1
2025-06-02,North,Product B,Retail Partner,SMB,3494.35,17,7,5,7,0,80,2043.74,173.7,0,1
2025-06-02,North,Product C,Online,Enterprise,11557.3,26,7,6,7,0,142,6818.47,1110.01,1,1
2025-06-02,North,Product C,Online,SMB,8657.69,20,8,6,8,0,88,5360.2,863.74,1,1
2025-06-02,North,Product C,Retail Partner,Enterprise,8822.83,20,6,4,6,0,98,5307.25,419.77,0,1
2025-06-02,North,Product C,Retail Partner,SMB,5380.56,12,5,4,5,0,56,3274.42,304.19,0,1
2025-06-02,South,Product A,Online,Enterprise,11663.67,41,12,10,12,1,193,6214.66,982.81,1,2
2025-06-02,South,Product A,Online,SMB,8153.94,29,11,9,11,0,123,4407.16,792.61,1,2
2025-06-02,South,Product A,Retail Partner,Enterprise,9712.8,34,10,7,10,0,137,5082.85,429.44,1,1
2025-06-02,South,Product A,Retail Partner,SMB,5481.31,20,8,6,8,0,90,2951.37,277.19,0,1
2025-06-02,South,Product B,Online,Enterprise,6064.59,31,9,7,9,0,136,3641.25,507.87,1,1
2025-06-02,South,Product B,Online,SMB,4251.76,22,8,7,8,1,95,2499.5,446.52,0,1
2025-06-02,South,Product B,Retail Partner,Enterprise,4167.77,21,6,5,6,0,99,2467.16,222.2,0,1
2025-06-02,South,Product B,Retail Partner,SMB,3019.99,15,6,4,6,0,67,1792.65,169.77,0,1
2025-06-02,South,Product C,Online,Enterprise,9892.85,23,7,5,7,0,99,5956.35,768.01,0,1
2025-06-02,South,Product C,Online,SMB,6615.42,15,6,5,6,0,67,4043.72,530.28,0,1
2025-06-02,South,Product C,Retail Partner,Enterprise,7269.77,17,5,4,5,0,78,4296.54,351.56,0,1
2025-06-02,South,Product C,Retail Partner,SMB,4511.27,11,4,3,4,0,51,2706.35,257.32,0,1
2025-06-02,East,Product A,Online,Enterprise,9708.18,33,10,8,10,0,156,5018.75,990.68,1,2
2025-06-02,East,Product A,Online,SMB,6817.31,25,9,7,9,1,107,3752.37,658.09,1,2
2025-06-02,East,Product A,Retail Partner,Enterprise,7165.32,25,7,6,7,0,118,3796.12,385.22,1,1
2025-06-02,East,Product A,Retail Partner,SMB,4910.09,18,7,5,7,0,80,2662.49,262.07,0,1
2025-06-02,East,Product B,Online,Enterprise,5578.18,27,8,6,8,0,128,3208.04,497.57,1,1
2025-06-02,East,Product B,Online,SMB,3622.88,19,7,6,7,0,75,2252.48,314.31,1,1
2025-06-02,East,Product B,Retail Partner,Enterprise,3862.87,20,6,4,6,0,90,2298.07,223.6,0,1
2025-06-02,East,Product B,Retail Partner,SMB,2382.96,12,5,4,5,0,59,1462.38,138.12,0,1
2025-06-02,East,Product C,Online,Enterprise,8231.42,19,5,4,5,0,94,4945.49,799.69,0,1
2025-06-02,East,Product C,Online,SMB,6008.34,14,5,4,5,0,61,3609.36,593.12,0,1
2025-06-02,East,Product C,Retail Partner,Enterprise,6466.93,15,4,3,4,0,62,3905.73,338.29,0,1
2025-06-02,East,Product C,Retail Partner,SMB,4523.46,10,4,3,4,0,46,2669.23,238.59,0,1
2025-06-02,West,Product A,Online,Enterprise,13517.4,48,14,11,14,1,209,7309.35,1215.37,1,2
2025-06-02,West,Product A,Online,SMB,8375.39,30,12,9,12,1,163,4648.12,830.82,1,1
2025-06-02,West,Product A,Retail Partner,Enterprise,9816.2,35,10,8,10,0,156,5278.52,481.72,1,2
2025-06-02,West,Product A,Retail Partner,SMB,6818.28,25,9,7,9,0,99,3742.7,357.98,0,2
2025-06-02,West,Product B,Online,Enterprise,6424.87,32,9,7,9,0,153,3848.19,541.29,1,1
2025-06-02,West,Product B,Online,SMB,5016.85,25,10,7,10,1,103,2968.14,419.63,1,1
2025-06-02,West,Product B,Retail Partner,Enterprise,4826.06,24,7,5,7,0,116,2814.84,260.52,0,1
2025-06-02,West,Product B,Retail Partner,SMB,3085.36,16,6,4,6,0,78,1828.07,129.31,0,1
2025-06-02,West,Product C,Online,Enterprise,11887.61,28,8,6,8,0,116,7153.23,1084.99,0,1
2025-06-02,West,Product C,Online,SMB,6973.15,16,6,5,6,0,77,4108.65,787.43,0,1
2025-06-02,West,Product C,Retail Partner,Enterprise,8471.38,20,6,5,6,0,87,5114.5,461.4,0,1
2025-06-02,West,Product C,Retail Partner,SMB,5543.55,13,5,4,5,0,57,3319.45,309.28,0,1
2025-06-09,North,Product A,Online,Enterprise,14448.83,51,15,11,15,1,248,7600.09,1473.57,1,2
2025-06-09,North,Product A,Online,SMB,9444.86,33,13,10,13,1,166,5036.53,861.35,1,2
2025-06-09,North,Product A,Retail Partner,Enterprise,10508.89,37,11,8,11,1,169,5721.27,579.44,1,2
2025-06-09,North,Product A,Retail Partner,SMB,7040.22,26,10,8,10,1,106,3831.08,367.43,1,1
2025-06-09,North,Product B,Online,Enterprise,7237.4,37,10,8,10,0,159,4351.04,622.53,0,2
2025-06-09,North,Product B,Online,SMB,4548.49,23,9,7,9,0,109,2693.66,440.59,1,2
2025-06-09,North,Product B,Retail Partner,Enterprise,4965.61,25,7,6,7,0,117,3027.87,247.68,0,1
2025-06-09,North,Product B,Retail Partner,SMB,3620.52,18,7,6,7,0,80,2120.12,183.02,0,1
2025-06-09,North,Product C,Online,Enterprise,12668.54,29,8,7,8,0,126,7465.78,1156.93,0,1
2025-06-09,North,Product C,Online,SMB,7894.52,18,7,6,7,0,87,4798.78,687.92,0,1
2025-06-09,North,Product C,Retail Partner,Enterprise,8630.04,20,6,4,6,0,97,5149.11,526.31,0,1
2025-06-09,North,Product C,Retail Partner,SMB,6041.7,14,5,4,5,0,61,3633.86,292.62,0,1
2025-06-09,South,Product A,Online,Enterprise,12897.04,45,13,10,13,1,184,6853.53,1169.74,1,3
2025-06-09,South,Product A,Online,SMB,7697.78,27,10,8,10,0,128,3993.84,677.2,1,2
2025-06-09,South,Product A,Retail Partner,Enterprise,8852.2,31,9,7,9,0,131,4673.19,452.65,0,1
2025-06-09,South,Product A,Retail Partner,SMB,6231.33,22,8,7,8,0,98,3342.05,357.67,1,1
2025-06-09,South,Product B,Online,Enterprise,6238.93,31,9,7,9,0,145,3725.93,599.67,0,1
2025-06-09,South,Product B,Online,SMB,3936.4,20,8,6,8,0,94,2310.69,394.22,1,1
2025-06-09,South,Product B,Retail Partner,Enterprise,4294.47,22,6,5,6,0,96,2580.3,229.79,0,1
2025-06-09,South,Product B,Retail Partner,SMB,3008.39,15,6,4,6,0,62,1768.24,148.25,0,1
2025-06-09,South,Product C,Online,Enterprise,10067.96,23,7,5,7,0,103,6050.2,824.87,0,1
2025-06-09,South,Product C,Online,SMB,6436.66,15,6,5,6,0,73,3841.64,633.3,0,1
2025-06-09,South,Product C,Retail Partner,Enterprise,6851.35,16,4,4,4,0,75,4126.34,375.67,0,1
2025-06-09,South,Product C,Retail Partner,SMB,4895.63,11,4,3,4,0,50,2975.07,233.69,0,0
2025-06-09,East,Product A,Online,Enterprise,10298.48,37,11,8,11,0,154,5665.82,966.9,1,1
2025-06-09,East,Product A,Online,SMB,6658.88,24,9,7,9,0,105,3653.88,589.89,1,1
2025-06-09,East,Product A,Retail Partner,Enterprise,6950.09,24,7,6,7,0,118,3680.36,370.27,0,1
2025-06-09,East,Product A,Retail Partner,SMB,4771.82,17,6,5,6,0,78,2517.05,224.75,0,1
2025-06-09,East,Product B,Online,Enterprise,5687.68,28,8,6,8,0,124,3352.35,518.9,1,1
2025-06-09,East,Product B,Online,SMB,3489.56,18,7,5,7,0,83,2076.33,320.94,1,1
2025-06-09,East,Product B,Retail Partner,Enterprise,4060.43,20,6,5,6,0,83,2405.6,197.56,0,1
2025-06-09,East,Product B,Retail Partner,SMB,2261.86,11,4,3,4,0,62,1347.09,126.52,0,1
2025-06-09,East,Product C,Online,Enterprise,8182.27,19,5,4,5,0,89,5040.38,646.85,0,1
2025-06-09,East,Product C,Online,SMB,5723.97,13,5,4,5,0,58,3439.0,490.57,0,1
2025-06-09,East,Product C,Retail Partner,Enterprise,5846.38,13,4,3,4,0,65,3451.93,279.64,0,1
2025-06-09,East,Product C,Retail Partner,SMB,4258.99,10,4,3,4,0,45,2573.44,244.85,0,1
2025-06-09,West,Product A,Online,Enterprise,12791.76,45,13,10,13,1,220,6716.0,1191.83,1,2
2025-06-09,West,Product A,Online,SMB,9112.35,32,12,9,12,1,135,4889.18,771.16,1,2
2025-06-09,West,Product A,Retail Partner,Enterprise,9409.16,33,9,7,9,0,158,4903.42,499.75,1,1
2025-06-09,West,Product A,Retail Partner,SMB,5840.89,21,8,6,8,0,101,3107.63,349.92,1,1
2025-06-09,West,Product B,Online,Enterprise,6663.18,34,10,7,10,0,165,3938.45,640.11,0,2
2025-06-09,West,Product B,Online,SMB,5074.75,25,10,8,10,0,100,2987.01,470.4,1,1
2025-06-09,West,Product B,Retail Partner,Enterprise,4788.78,25,7,5,7,0,105,2884.62,225.15,0,1
2025-06-09,West,Product B,Retail Partner,SMB,3370.32,17,6,5,6,0,73,1967.8,195.3,0,1
2025-06-09,West,Product C,Online,Enterprise,10565.67,24,7,5,7,0,119,6344.89,901.75,0,1
2025-06-09,West,Product C,Online,SMB,7784.39,18,7,5,7,0,71,4582.31,732.68,1,1
2025-06-09,West,Product C,Retail Partner,Enterprise,8313.52,19,5,4,5,0,90,4937.59,480.84,0,1
2025-06-09,West,Product C,Retail Partner,SMB,5696.8,13,5,4,5,0,57,3311.52,299.28,0,1
2025-06-16,North,Product A,Online,Enterprise,14152.99,50,14,11,14,0,249,7498.09,1247.43,1,2
2025-06-16,North,Product A,Online,SMB,8793.22,32,12,9,12,1,148,4797.2,909.44,1,3
2025-06-16,North,Product A,Retail Partner,Enterprise,9086.36,33,9,7,9,0,169,4914.53,511.42,1,1
2025-06-16,North,Product A,Retail Partner,SMB,6958.11,25,10,7,10,0,122,3755.67,344.51,1,1
2025-06-16,North,Product B,Online,Enterprise,7260.27,37,11,8,11,0,171,4413.17,636.83,1,1
2025-06-16,North,Product B,Online,SMB,4805.72,24,9,7,9,1,118,2916.81,438.9,1,1
2025-06-16,North,Product B,Retail Partner,Enterprise,5492.25,27,8,6,8,0,129,3268.16,321.05,1,1
2025-06-16,North,Product B,Retail Partner,SMB,3700.18,19,7,6,7,1,87,2211.96,207.84,1,1
2025-06-16,North,Product C,Online,Enterprise,13145.15,31,9,7,9,0,122,7942.31,1242.51,1,1
2025-06-16,North,Product C,Online,SMB,7870.1,18,7,6,7,0,87,4652.05,775.08,0,1
2025-06-16,North,Product C,Retail Partner,Enterprise,8702.65,20,6,5,6,0,91,5234.38,424.51,0,1
2025-06-16,North,Product C,Retail Partner,SMB,5653.23,13,5,4,5,0,63,3528.6,317.66,0,1
2025-06-16,South,Product A,Online,Enterprise,11531.76,41,12,9,12,1,185,6252.71,980.09,1,2
2025-06-16,South,Product A,Online,SMB,8069.03,29,11,8,11,0,131,4381.19,776.02,1,2
2025-06-16,South,Product A,Retail Partner,Enterprise,8626.46,31,9,7,9,0,137,4719.33,480.59,1,1
2025-06-16,South,Product A,Retail Partner,SMB,5302.85,19,7,6,7,0,90,2833.35,298.99,0,1
2025-06-16,South,Product B,Online,Enterprise,6032.12,31,9,7,9,1,134,3679.37,579.86,1,1
2025-06-16,South,Product B,Online,SMB,3863.05,20,8,6,8,0,94,2274.06,364.93,1,1
2025-06-16,South,Product B,Retail Partner,Enterprise,4713.67,24,7,5,7,0,107,2816.16,279.64,1,1
2025-06-16,South,Product B,Retail Partner,SMB,2940.22,15,6,5,6,0,66,1800.92,152.87,0,1
2025-06-16,South,Product C,Online,Enterprise,10116.14,23,7,5,7,0,97,6010.89,1003.76,1,1
2025-06-16,South,Product C,Online,SMB,7234.12,17,7,5,7,0,74,4356.58,633.1,0,1
2025-06-16,South,Product C,Retail Partner,Enterprise,6916.23,16,4,3,4,0,74,4146.8,374.0,0,1
2025-06-16,South,Product C,Retail Partner,SMB,4728.72,11,4,3,4,0,52,2897.62,234.02,0,1
2025-06-16,East,Product A,Online,Enterprise,10487.78,37,10,8,10,1,171,5527.67,975.84,1,2
2025-06-16,East,Product A,Online,SMB,7282.13,26,10,7,10,0,110,3889.22,634.2,0,1
2025-06-16,East,Product A,Retail Partner,Enterprise,7821.46,27,8,6,8,0,126,4117.75,424.54,0,1
2025-06-16,East,Product A,Retail Partner,SMB,4810.71,17,7,5,7,0,85,2591.48,250.03,0,1
2025-06-16,East,Product B,Online,Enterprise,5427.97,27,8,6,8,0,122,3197.62,546.19,0,1
2025-06-16,East,Product B,Online,SMB,3734.76,18,7,6,7,1,80,2186.95,368.17,0,1
2025-06-16,East,Product B,Retail Partner,Enterprise,3680.97,19,5,4,5,0,94,2192.7,211.44,0,1
2025-06-16,East,Product B,Retail Partner,SMB,2504.93,13,5,4,5,0,61,1491.61,113.71,0,1
2025-06-16,East,Product C,Online,Enterprise,8838.6,20,6,5,6,0,84,5419.0,800.73,0,1
2025-06-16,East,Product C,Online,SMB,5726.49,13,5,4,5,0,54,3352.58,465.96,0,1
2025-06-16,East,Product C,Retail Partner,Enterprise,5828.82,13,4,3,4,0,70,3420.42,328.11,0,0
2025-06-16,East,Product C,Retail Partner,SMB,4073.55,9,4,3,4,0,41,2431.32,193.46,0,1
2025-06-16,West,Product A,Online,Enterprise,13059.67,47,13,10,13,1,229,7150.97,1146.03,1,2
2025-06-16,West,Product A,Online,SMB,9014.51,32,12,9,12,1,138,4795.61,982.55,1,1
2025-06-16,West,Product A,Retail Partner,Enterprise,9340.18,33,9,7,9,0,151,4954.47,468.78,1,1
2025-06-16,West,Product A,Retail Partner,SMB,6387.12,22,9,7,9,0,99,3337.14,323.76,1,1
2025-06-16,West,Product B,Online,Enterprise,6483.95,33,9,8,9,0,162,3854.45,567.06,1,1
2025-06-16,West,Product B,Online,SMB,4621.32,23,9,7,9,0,112,2746.4,381.52,0,1
2025-06-16,West,Product B,Retail Partner,Enterprise,5244.61,27,8,6,8,0,108,3089.55,284.18,1,1
2025-06-16,West,Product B,Retail Partner,SMB,3607.84,18,7,5,7,0,74,2113.02,185.7,0,1
2025-06-16,West,Product C,Online,Enterprise,12403.66,28,8,6,8,0,118,7293.62,1148.94,0,1
2025-06-16,West,Product C,Online,SMB,7520.0,17,6,5,6,0,74,4380.78,677.52,0,1
2025-06-16,West,Product C,Retail Partner,Enterprise,8075.62,19,5,4,5,0,88,4855.92,416.18,0,1
2025-06-16,West,Product C,Retail Partner,SMB,5141.56,12,5,3,5,0,55,3029.51,298.48,0,1
2025-06-23,North,Product A,Online,Enterprise,14752.43,53,15,12,15,1,230,8068.14,1375.34,1,2
2025-06-23,North,Product A,Online,SMB,8558.67,31,12,9,12,0,142,4632.78,847.01,1,1
2025-06-23,North,Product A,Retail Partner,Enterprise,9914.79,36,10,8,10,0,159,5348.62,544.31,0,2
2025-06-23,North,Product A,Retail Partner,SMB,7099.23,25,10,8,10,1,108,3803.57,347.11,1,1
2025-06-23,North,Product B,Online,Enterprise,7296.62,36,10,8,10,1,171,4281.0,685.96,1,1
2025-06-23,North,Product B,Online,SMB,4990.38,25,9,7,9,1,115,2949.55,446.67,1,1
2025-06-23,North,Product B,Retail Partner,Enterprise,5475.56,28,8,6,8,1,114,3291.37,276.27,0,1
2025-06-23,North,Product B,Retail Partner,SMB,3768.87,19,7,6,7,0,83,2188.99,213.15,0,1
2025-06-23,North,Product C,Online,Enterprise,11489.63,27,8,6,8,0,136,6953.03,1039.92,0,1
2025-06-23,North,Product C,Online,SMB,9693.24,22,9,7,9,0,92,5817.69,916.3,0,1
2025-06-23,North,Product C,Retail Partner,Enterprise,8554.76,20,6,4,6,0,102,5180.64,403.19,1,1
2025-06-23,North,Product C,Retail Partner,SMB,5696.08,13,5,4,5,0,62,3365.84,272.99,0,1
2025-06-23,South,Product A,Online,Enterprise,10967.64,40,11,9,11,0,184,6073.81,987.89,0,2
2025-06-23,South,Product A,Online,SMB,8392.59,29,11,9,11,1,127,4382.44,751.82,1,1
2025-06-23,South,Product A,Retail Partner,Enterprise,8850.68,31,9,7,9,0,135,4762.39,468.92,1,2
2025-06-23,South,Product A,Retail Partner,SMB,5622.8,20,8,6,8,0,87,3003.23,308.46,1,1
2025-06-23,South,Product B,Online,Enterprise,6220.99,31,9,8,9,0,145,3647.06,489.86,0,2
2025-06-23,South,Product B,Online,SMB,4257.62,21,8,6,8,0,93,2477.03,396.09,1,1
2025-06-23,South,Product B,Retail Partner,Enterprise,4620.62,23,7,5,7,0,93,2670.44,189.43,0,1
2025-06-23,South,Product B,Retail Partner,SMB,2776.11,14,5,4,5,0,70,1661.12,155.19,0,1
2025-06-23,South,Product C,Online,Enterprise,10045.41,23,6,5,6,0,107,5976.36,815.89,0,1
2025-06-23,South,Product C,Online,SMB,6610.58,15,6,4,6,0,71,4036.74,623.91,0,1
2025-06-23,South,Product C,Retail Partner,Enterprise,7415.48,17,5,4,5,0,75,4525.52,339.49,0,1
2025-06-23,South,Product C,Retail Partner,SMB,4861.37,11,4,3,4,0,54,2933.08,295.77,0,1
2025-06-23,East,Product A,Online,Enterprise,10314.42,36,10,8,10,0,150,5414.52,827.48,1,2
2025-06-23,East,Product A,Online,SMB,6924.97,25,10,8,10,0,120,3773.4,636.04,1,2
2025-06-23,East,Product A,Retail Partner,Enterprise,7380.57,26,7,6,7,0,125,3886.04,386.98,0,1
2025-06-23,East,Product A,Retail Partner,SMB,5515.12,20,8,5,8,0,83,2999.46,311.47,0,1
2025-06-23,East,Product B,Online,Enterprise,5546.49,28,8,6,8,0,128,3261.98,540.42,0,1
2025-06-23,East,Product B,Online,SMB,3623.25,18,7,5,7,0,84,2160.9,420.51,0,1
2025-06-23,East,Product B,Retail Partner,Enterprise,3988.27,20,6,4,6,0,91,2371.16,190.67,0,1
2025-06-23,East,Product B,Retail Partner,SMB,2792.0,14,5,4,5,0,62,1672.66,141.45,0,1
2025-06-23,East,Product C,Online,Enterprise,8911.64,20,6,5,6,0,90,5377.93,757.73,0,1
2025-06-23,East,Product C,Online,SMB,5454.01,13,5,4,5,0,63,3291.04,589.09,0,1
2025-06-23,East,Product C,Retail Partner,Enterprise,7008.84,16,5,4,5,0,66,4346.77,338.64,0,1
2025-06-23,East,Product C,Retail Partner,SMB,4189.77,10,4,3,4,0,41,2493.18,248.56,0,1
2025-06-23,West,Product A,Online,Enterprise,14262.36,50,14,11,14,1,225,7531.63,1290.36,1,2
2025-06-23,West,Product A,Online,SMB,8643.01,30,12,9,12,1,140,4579.94,753.14,1,2
2025-06-23,West,Product A,Retail Partner,Enterprise,9291.58,33,9,7,9,0,144,5038.21,472.68,1,1
2025-06-23,West,Product A,Retail Partner,SMB,6244.95,22,9,7,9,0,95,3367.86,343.84,1,1
2025-06-23,West,Product B,Online,Enterprise,7396.84,37,11,8,11,1,164,4460.56,675.92,1,1
2025-06-23,West,Product B,Online,SMB,4996.35,25,9,7,9,0,113,2929.51,450.13,1,1
2025-06-23,West,Product B,Retail Partner,Enterprise,4957.31,25,7,6,7,0,128,3014.17,222.81,0,1
2025-06-23,West,Product B,Retail Partner,SMB,3100.81,16,6,5,6,0,71,1846.13,165.22,0,1
2025-06-23,West,Product C,Online,Enterprise,11781.26,27,8,6,8,0,112,7031.93,1190.0,0,1
2025-06-23,West,Product C,Online,SMB,7348.72,17,7,5,7,0,82,4463.42,825.95,1,1
2025-06-23,West,Product C,Retail Partner,Enterprise,8286.43,19,5,4,5,0,84,4972.98,493.97,0,1
2025-06-23,West,Product C,Retail Partner,SMB,6107.78,14,5,4,5,0,59,3705.97,305.69,0,1
2025-06-30,North,Product A,Online,Enterprise,15261.34,55,16,12,16,1,216,8192.07,1327.32,1,3
2025-06-30,North,Product A,Online,SMB,9227.33,33,13,10,13,1,151,4931.02,876.13,1,2
2025-06-30,North,Product A,Retail Partner,Enterprise,10046.07,35,10,8,10,1,169,5253.75,544.55,1,1
2025-06-30,North,Product A,Retail Partner,SMB,6769.77,24,9,7,9,0,109,3582.58,349.26,1,1
2025-06-30,North,Product B,Online,Enterprise,8200.13,41,12,9,12,0,165,4823.72,723.28,1,2
2025-06-30,North,Product B,Online,SMB,5277.43,26,10,8,10,0,115,3115.75,457.98,1,1
2025-06-30,North,Product B,Retail Partner,Enterprise,4998.15,26,7,6,7,0,145,3003.06,231.12,0,1
2025-06-30,North,Product B,Retail Partner,SMB,3476.54,18,7,5,7,0,80,2074.25,202.04,0,1
2025-06-30,North,Product C,Online,Enterprise,12025.1,28,8,6,8,0,124,7182.23,1162.83,0,1
2025-06-30,North,Product C,Online,SMB,7798.48,18,7,5,7,0,83,4703.48,781.04,0,1
2025-06-30,North,Product C,Retail Partner,Enterprise,8588.82,20,6,5,6,0,88,5183.48,469.04,0,1
2025-06-30,North,Product C,Retail Partner,SMB,5812.97,14,5,4,5,0,57,3535.81,313.87,0,1
2025-06-30,South,Product A,Online,Enterprise,11478.8,40,11,9,11,1,189,6181.63,1089.92,1,1
2025-06-30,South,Product A,Online,SMB,8209.32,29,11,9,11,0,124,4412.9,843.75,1,2
2025-06-30,South,Product A,Retail Partner,Enterprise,8337.56,30,8,6,8,1,131,4475.95,462.34,0,1
2025-06-30,South,Product A,Retail Partner,SMB,6246.8,22,8,7,8,0,84,3367.55,308.53,1,1
2025-06-30,South,Product B,Online,Enterprise,6857.83,35,10,8,10,1,137,4125.91,728.55,1,2
2025-06-30,South,Product B,Online,SMB,3798.59,19,7,6,7,0,97,2316.09,410.97,0,1
2025-06-30,South,Product B,Retail Partner,Enterprise,4708.31,24,7,5,7,0,100,2829.95,278.09,0,1
2025-06-30,South,Product B,Retail Partner,SMB,2814.58,14,5,4,5,0,65,1657.6,144.59,0,1
2025-06-30,South,Product C,Online,Enterprise,10084.88,23,7,5,7,0,97,6140.11,981.73,0,1
2025-06-30,South,Product C,Online,SMB,7401.32,17,7,5,7,0,72,4458.88,725.73,0,1
2025-06-30,South,Product C,Retail Partner,Enterprise,7599.61,17,5,4,5,0,76,4490.18,376.58,0,1
2025-06-30,South,Product C,Retail Partner,SMB,5022.0,12,4,3,4,0,54,3007.18,273.41,0,1
2025-06-30,East,Product A,Online,Enterprise,10942.6,38,11,8,11,0,161,5770.97,1009.68,1,2
2025-06-30,East,Product A,Online,SMB,7382.77,27,10,8,10,1,117,3927.3,764.89,1,1
2025-06-30,East,Product A,Retail Partner,Enterprise,6902.92,25,7,5,7,0,119,3808.56,380.45,0,1
2025-06-30,East,Product A,Retail Partner,SMB,5186.85,18,7,5,7,0,81,2738.74,284.72,1,1
2025-06-30,East,Product B,Online,Enterprise,5007.29,25,7,6,7,0,139,2987.55,425.16,0,1
2025-06-30,East,Product B,Online,SMB,3488.48,18,7,5,7,0,80,2101.15,273.1,1,1
2025-06-30,East,Product B,Retail Partner,Enterprise,3974.12,20,6,4,6,0,88,2339.14,205.13,0,1
2025-06-30,East,Product B,Retail Partner,SMB,2635.12,13,5,4,5,0,55,1581.21,136.87,0,1
2025-06-30,East,Product C,Online,Enterprise,7579.96,18,5,4,5,0,99,4482.42,777.93,0,1
2025-06-30,East,Product C,Online,SMB,5614.27,13,5,4,5,0,64,3351.07,477.85,0,1
2025-06-30,East,Product C,Retail Partner,Enterprise,6694.91,15,4,3,4,0,65,3914.93,343.83,0,1
2025-06-30,East,Product C,Retail Partner,SMB,4380.29,10,4,3,4,0,41,2595.51,237.92,0,1
2025-06-30,West,Product A,Online,Enterprise,13455.77,47,13,10,13,0,229,7113.1,1190.45,1,2
2025-06-30,West,Product A,Online,SMB,8457.28,30,12,9,12,1,155,4514.67,773.81,1,2
2025-06-30,West,Product A,Retail Partner,Enterprise,9593.62,34,10,8,10,0,161,5088.54,441.29,0,1
2025-06-30,West,Product A,Retail Partner,SMB,5967.19,22,8,6,8,0,106,3241.23,320.61,0,1
2025-06-30,West,Product B,Online,Enterprise,6790.72,34,10,7,10,1,157,3911.48,545.74,1,2
2025-06-30,West,Product B,Online,SMB,4632.65,23,9,7,9,0,99,2758.22,405.42,1,2
2025-06-30,West,Product B,Retail Partner,Enterprise,5541.44,28,8,6,8,0,112,3339.98,307.4,0,1
2025-06-30,West,Product B,Retail Partner,SMB,3501.19,18,7,5,7,0,80,2057.26,167.06,0,1
2025-06-30,West,Product C,Online,Enterprise,10637.58,25,7,6,7,0,125,6459.12,839.24,1,1
2025-06-30,West,Product C,Online,SMB,7803.01,18,7,6,7,0,78,4741.09,676.23,0,1
2025-06-30,West,Product C,Retail Partner,Enterprise,8324.36,19,6,4,6,0,81,5068.8,409.93,0,1
2025-06-30,West,Product C,Retail Partner,SMB,5050.27,12,5,3,5,0,58,3060.5,263.09,0,0
2025-07-07,North,Product A,Online,Enterprise,14165.15,50,14,11,14,1,223,7682.1,1341.61,1,3
2025-07-07,North,Product A,Online,SMB,10126.86,36,14,11,14,1,142,5441.98,1068.12,1,2
2025-07-07,North,Product A,Retail Partner,Enterprise,10550.47,38,11,8,11,1,159,5719.4,537.11,1,1
2025-07-07,North,Product A,Retail Partner,SMB,6194.08,22,9,7,9,0,107,3274.2,365.85,1,1
2025-07-07,North,Product B,Online,Enterprise,7831.69,40,11,9,11,0,173,4694.81,688.46,1,2
2025-07-07,North,Product B,Online,SMB,5016.28,25,10,8,10,1,113,2908.5,551.45,0,2
2025-07-07,North,Product B,Retail Partner,Enterprise,5930.05,29,8,6,8,1,123,3432.9,280.31,1,1
2025-07-07,North,Product B,Retail Partner,SMB,3324.3,17,6,5,6,0,80,1984.33,170.92,1,1
2025-07-07,North,Product C,Online,Enterprise,11633.17,27,8,6,8,0,132,6917.18,950.34,1,1
2025-07-07,North,Product C,Online,SMB,8728.63,20,8,6,8,0,89,5114.66,812.26,0,1
2025-07-07,North,Product C,Retail Partner,Enterprise,8964.04,21,6,4,6,0,97,5464.99,490.52,0,1
2025-07-07,North,Product C,Retail Partner,SMB,5376.05,13,5,4,5,0,61,3314.53,248.18,0,1
2025-07-07,South,Product A,Online,Enterprise,11522.19,41,12,9,12,0,194,6300.65,996.68,1,2
2025-07-07,South,Product A,Online,SMB,7597.18,27,10,8,10,0,132,4121.04,729.5,1,1
2025-07-07,South,Product A,Retail Partner,Enterprise,8111.12,28,8,6,8,0,142,4259.11,406.3,1,1
2025-07-07,South,Product A,Retail Partner,SMB,5531.07,20,8,6,8,0,88,2984.9,283.39,1,1
2025-07-07,South,Product B,Online,Enterprise,5821.66,29,8,7,8,0,144,3402.75,528.45,1,1
2025-07-07,South,Product B,Online,SMB,3950.43,20,8,6,8,0,98,2393.73,361.78,1,1
2025-07-07,South,Product B,Retail Partner,Enterprise,4866.9,25,7,6,7,0,106,2945.01,255.59,0,1
2025-07-07,South,Product B,Retail Partner,SMB,2951.29,15,6,4,6,0,64,1748.14,184.9,0,1
2025-07-07,South,Product C,Online,Enterprise,9255.86,21,6,4,6,0,107,5507.76,787.08,0,1
2025-07-07,South,Product C,Online,SMB,6732.07,16,6,5,6,0,71,4101.27,687.91,0,1
2025-07-07,South,Product C,Retail Partner,Enterprise,6838.33,16,5,3,5,0,75,4125.11,367.97,0,1
2025-07-07,South,Product C,Retail Partner,SMB,4946.56,12,4,3,4,0,50,3024.33,254.33,0,1
2025-07-07,East,Product A,Online,Enterprise,11637.04,40,12,9,12,1,172,6054.04,1107.31,1,2
2025-07-07,East,Product A,Online,SMB,6656.15,23,9,7,9,1,102,3583.8,614.62,1,1
2025-07-07,East,Product A,Retail Partner,Enterprise,7329.28,26,8,6,8,0,113,4014.1,409.19,0,1
2025-07-07,East,Product A,Retail Partner,SMB,4625.74,16,6,5,6,0,80,2448.91,247.85,0,1
2025-07-07,East,Product B,Online,Enterprise,5519.15,28,8,6,8,0,129,3260.86,636.07,1,1
2025-07-07,East,Product B,Online,SMB,4050.99,20,8,6,8,0,80,2433.58,363.01,1,1
2025-07-07,East,Product B,Retail Partner,Enterprise,3839.27,19,5,4,5,0,88,2280.81,189.67,0,1
2025-07-07,East,Product B,Retail Partner,SMB,2785.2,14,5,4,5,0,58,1633.2,161.38,0,1
2025-07-07,East,Product C,Online,Enterprise,8585.15,20,6,4,6,0,97,5172.09,859.26,0,1
2025-07-07,East,Product C,Online,SMB,6342.68,14,6,4,6,0,57,3691.79,682.64,0,1
2025-07-07,East,Product C,Retail Partner,Enterprise,6436.79,15,4,3,4,0,66,3784.23,323.05,0,1
2025-07-07,East,Product C,Retail Partner,SMB,4030.55,9,4,3,4,0,44,2425.61,226.03,0,1
2025-07-07,West,Product A,Online,Enterprise,13420.75,47,13,11,13,1,198,7074.11,1191.98,1,2
2025-07-07,West,Product A,Online,SMB,8302.46,29,11,8,11,0,149,4442.36,748.12,0,1
2025-07-07,West,Product A,Retail Partner,Enterprise,9599.0,33,9,7,9,1,153,5055.17,466.37,1,1
2025-07-07,West,Product A,Retail Partner,SMB,6264.02,22,9,7,9,0,99,3405.33,302.74,1,1
2025-07-07,West,Product B,Online,Enterprise,6930.08,35,10,8,10,1,176,4153.32,735.01,1,2
2025-07-07,West,Product B,Online,SMB,4598.67,23,9,7,9,1,102,2721.79,487.72,1,1
2025-07-07,West,Product B,Retail Partner,Enterprise,4699.83,23,7,5,7,0,113,2768.6,235.8,1,1
2025-07-07,West,Product B,Retail Partner,SMB,3307.75,17,7,5,7,0,70,1998.09,145.68,0,1
2025-07-07,West,Product C,Online,Enterprise,11128.15,26,7,6,7,0,125,6848.53,1054.73,1,1
2025-07-07,West,Product C,Online,SMB,6878.04,16,6,5,6,0,68,4163.2,639.93,0,1
2025-07-07,West,Product C,Retail Partner,Enterprise,8439.02,19,5,4,5,0,78,5016.96,467.75,0,1
2025-07-07,West,Product C,Retail Partner,SMB,5351.87,12,5,4,5,0,64,3248.82,303.38,0,1
2025-07-14,North,Product A,Online,Enterprise,14223.72,52,15,11,15,1,254,7766.63,1249.93,1,2
2025-07-14,North,Product A,Online,SMB,9125.55,32,12,10,12,1,149,4756.69,786.96,1,2
2025-07-14,North,Product A,Retail Partner,Enterprise,10354.16,37,10,8,10,0,184,5470.38,538.97,1,1
2025-07-14,North,Product A,Retail Partner,SMB,6863.97,24,9,7,9,0,112,3634.69,363.86,1,1
2025-07-14,North,Product B,Online,Enterprise,7503.53,37,11,8,11,0,174,4346.23,813.13,1,2
2025-07-14,North,Product B,Online,SMB,5216.39,26,10,8,10,1,120,3059.34,427.62,1,1
2025-07-14,North,Product B,Retail Partner,Enterprise,5778.38,29,8,7,8,0,132,3410.7,304.94,1,1
2025-07-14,North,Product B,Retail Partner,SMB,3307.99,17,7,5,7,0,81,2006.13,177.66,0,1
2025-07-14,North,Product C,Online,Enterprise,11475.09,27,8,6,8,0,135,6988.29,1006.09,0,1
2025-07-14,North,Product C,Online,SMB,8561.16,19,7,6,7,0,86,5076.37,796.32,0,1
2025-07-14,North,Product C,Retail Partner,Enterprise,9614.36,22,6,5,6,0,89,5723.97,572.87,0,1
2025-07-14,North,Product C,Retail Partner,SMB,5915.19,14,5,4,5,0,57,3557.23,302.77,0,1
2025-07-14,South,Product A,Online,Enterprise,11628.84,41,12,9,12,1,204,6229.28,1129.28,1,2
2025-07-14,South,Product A,Online,SMB,7933.77,29,11,8,11,0,124,4343.45,666.42,1,2
2025-07-14,South,Product A,Retail Partner,Enterprise,8961.99,32,9,7,9,1,128,4797.55,428.4,1,1
2025-07-14,South,Product A,Retail Partner,SMB,5974.57,22,8,7,8,0,99,3213.26,322.04,1,1
2025-07-14,South,Product B,Online,Enterprise,6722.34,34,10,7,10,0,135,3931.25,591.25,1,2
2025-07-14,South,Product B,Online,SMB,4498.31,23,9,7,9,0,93,2635.94,443.37,1,2
2025-07-14,South,Product B,Retail Partner,Enterprise,4595.59,23,7,5,7,0,99,2725.54,231.2,1,1
2025-07-14,South,Product B,Retail Partner,SMB,2882.54,15,6,4,6,0,65,1730.96,158.94,1,1
2025-07-14,South,Product C,Online,Enterprise,9167.31,22,6,5,6,0,107,5698.17,792.13,0,1
2025-07-14,South,Product C,Online,SMB,6698.26,15,6,5,6,0,74,3950.9,661.61,0,1
2025-07-14,South,Product C,Retail Partner,Enterprise,7298.65,17,5,4,5,0,73,4379.73,388.85,0,1
2025-07-14,South,Product C,Retail Partner,SMB,5718.44,13,5,4,5,0,48,3304.66,331.01,0,1
2025-07-14,East,Product A,Online,Enterprise,10917.39,39,11,8,11,1,164,5849.63,1180.96,1,2
2025-07-14,East,Product A,Online,SMB,7450.74,26,10,8,10,0,111,3946.97,706.59,1,2
2025-07-14,East,Product A,Retail Partner,Enterprise,7328.96,26,7,5,7,0,120,3880.7,445.5,0,1
2025-07-14,East,Product A,Retail Partner,SMB,5209.52,18,7,6,7,0,71,2791.42,297.05,0,1
2025-07-14,East,Product B,Online,Enterprise,5624.39,28,8,6,8,0,128,3316.51,490.38,1,1
2025-07-14,East,Product B,Online,SMB,3253.72,17,6,5,6,0,88,1979.35,282.25,0,1
2025-07-14,East,Product B,Retail Partner,Enterprise,4208.87,21,6,5,6,0,86,2512.88,254.77,0,1
2025-07-14,East,Product B,Retail Partner,SMB,2465.32,12,5,3,5,0,58,1461.58,141.07,0,1
2025-07-14,East,Product C,Online,Enterprise,9254.62,21,6,5,6,0,94,5608.75,897.07,0,1
2025-07-14,East,Product C,Online,SMB,5810.41,13,5,4,5,0,58,3458.94,531.53,0,1
2025-07-14,East,Product C,Retail Partner,Enterprise,6313.26,15,4,3,4,0,64,3798.48,309.78,0,1
2025-07-14,East,Product C,Retail Partner,SMB,4010.76,9,4,3,4,0,43,2405.27,213.26,0,0
2025-07-14,West,Product A,Online,Enterprise,13755.0,50,14,11,14,1,226,7446.44,1199.55,1,2
2025-07-14,West,Product A,Online,SMB,8904.04,32,12,10,12,1,146,4803.14,871.67,1,2
2025-07-14,West,Product A,Retail Partner,Enterprise,9341.66,33,10,7,10,0,149,5076.89,488.95,1,1
2025-07-14,West,Product A,Retail Partner,SMB,7013.03,26,10,7,10,0,103,3830.76,420.16,1,1
2025-07-14,West,Product B,Online,Enterprise,7216.12,36,10,8,10,1,170,4237.26,610.25,1,1
2025-07-14,West,Product B,Online,SMB,5064.94,26,10,8,10,0,102,3076.48,493.87,1,1
2025-07-14,West,Product B,Retail Partner,Enterprise,4775.52,24,7,5,7,0,118,2868.28,261.9,0,1
2025-07-14,West,Product B,Retail Partner,SMB,3296.52,17,6,5,6,0,75,1974.96,177.93,0,1
2025-07-14,West,Product C,Online,Enterprise,11275.68,26,7,5,7,0,115,6842.2,1250.35,1,1
2025-07-14,West,Product C,Online,SMB,7694.88,18,7,5,7,0,80,4767.89,696.53,0,1
2025-07-14,West,Product C,Retail Partner,Enterprise,8240.3,19,5,4,5,0,86,4989.29,440.04,0,1
2025-07-14,West,Product C,Retail Partner,SMB,5257.49,12,5,4,5,0,57,3126.73,291.67,0,1
2025-07-21,North,Product A,Online,Enterprise,14646.09,52,15,12,15,1,233,7921.52,1353.92,1,2
2025-07-21,North,Product A,Online,SMB,9253.08,32,12,9,12,1,157,4929.02,908.64,1,3
2025-07-21,North,Product A,Retail Partner,Enterprise,11120.47,39,11,9,11,0,191,5825.5,559.4,1,2
2025-07-21,North,Product A,Retail Partner,SMB,7658.05,27,11,8,11,1,115,4172.08,413.53,1,2
2025-07-21,North,Product B,Online,Enterprise,7820.62,40,11,9,11,0,167,4698.19,804.41,1,2
2025-07-21,North,Product B,Online,SMB,5135.36,26,10,7,10,0,120,3025.95,515.05,0,2
2025-07-21,North,Product B,Retail Partner,Enterprise,5296.07,26,8,6,8,0,132,3144.57,329.54,0,1
2025-07-21,North,Product B,Retail Partner,SMB,3741.63,19,7,5,7,0,73,2245.66,175.88,1,1
2025-07-21,North,Product C,Online,Enterprise,11588.6,27,8,6,8,0,125,6942.95,992.61,0,1
2025-07-21,North,Product C,Online,SMB,8043.61,19,7,6,7,0,84,4871.3,848.18,0,1
2025-07-21,North,Product C,Retail Partner,Enterprise,9364.76,21,6,5,6,0,92,5493.08,573.85,0,1
2025-07-21,North,Product C,Retail Partner,SMB,5710.59,13,5,4,5,0,66,3413.86,334.67,0,1
2025-07-21,South,Product A,Online,Enterprise,12563.01,45,13,9,13,1,193,6728.76,1078.62,1,2
2025-07-21,South,Product A,Online,SMB,8506.17,31,12,10,12,1,122,4624.29,763.29,1,2
2025-07-21,South,Product A,Retail Partner,Enterprise,8652.61,30,9,7,9,1,119,4559.35,481.55,1,1
2025-07-21,South,Product A,Retail Partner,SMB,5506.22,20,8,6,8,0,80,3005.02,324.78,0,1
2025-07-21,South,Product B,Online,Enterprise,5862.62,29,8,6,8,0,153,3480.57,516.11,0,1
2025-07-21,South,Product B,Online,SMB,3872.25,20,8,6,8,0,93,2318.59,404.45,0,1
2025-07-21,South,Product B,Retail Partner,Enterprise,4283.34,22,6,5,6,0,107,2568.05,198.51,0,1
2025-07-21,South,Product B,Retail Partner,SMB,3073.16,15,6,4,6,0,68,1827.7,135.12,0,1
2025-07-21,South,Product C,Online,Enterprise,9324.32,22,6,5,6,0,113,5662.66,913.6,0,1
2025-07-21,South,Product C,Online,SMB,6306.52,15,6,4,6,0,71,3798.63,563.36,0,1
2025-07-21,South,Product C,Retail Partner,Enterprise,7615.42,18,5,4,5,0,72,4642.77,374.67,0,1
2025-07-21,South,Product C,Retail Partner,SMB,5016.63,12,4,4,4,0,55,3035.34,264.49,0,1
2025-07-21,East,Product A,Online,Enterprise,10868.72,39,11,9,11,1,160,5737.02,990.32,1,2
2025-07-21,East,Product A,Online,SMB,7460.35,26,10,8,10,0,112,3995.91,622.92,1,1
2025-07-21,East,Product A,Retail Partner,Enterprise,7243.58,26,7,6,7,0,117,3857.97,388.93,1,1
2025-07-21,East,Product A,Retail Partner,SMB,4703.67,16,6,5,6,0,79,2477.24,269.0,0,1
2025-07-21,East,Product B,Online,Enterprise,5215.43,26,8,6,8,0,128,3085.86,580.93,1,1
2025-07-21,East,Product B,Online,SMB,3537.07,18,7,5,7,0,80,2097.73,336.05,0,1
2025-07-21,East,Product B,Retail Partner,Enterprise,3893.82,19,6,4,6,0,84,2334.56,228.08,0,1
2025-07-21,East,Product B,Retail Partner,SMB,2426.96,12,5,4,5,0,57,1444.0,161.49,0,1
2025-07-21,East,Product C,Online,Enterprise,8398.07,19,6,4,6,0,100,5021.4,745.51,0,1
2025-07-21,East,Product C,Online,SMB,5661.72,13,5,4,5,0,59,3414.76,517.83,0,1
2025-07-21,East,Product C,Retail Partner,Enterprise,6583.03,15,4,3,4,0,66,3973.66,315.72,0,1
2025-07-21,East,Product C,Retail Partner,SMB,3938.0,9,3,3,3,0,43,2361.9,206.21,0,0
2025-07-21,West,Product A,Online,Enterprise,14290.55,50,14,11,14,1,206,7590.59,1424.76,1,2
2025-07-21,West,Product A,Online,SMB,9094.15,32,12,9,12,1,156,4721.53,850.78,1,1
2025-07-21,West,Product A,Retail Partner,Enterprise,9591.75,34,10,7,10,0,147,5146.26,468.98,1,1
2025-07-21,West,Product A,Retail Partner,SMB,5958.8,21,8,6,8,0,103,3256.27,289.55,1,1
2025-07-21,West,Product B,Online,Enterprise,7350.59,37,11,8,11,0,158,4354.97,723.67,1,2
2025-07-21,West,Product B,Online,SMB,4597.22,23,9,7,9,0,107,2760.12,461.8,0,2
2025-07-21,West,Product B,Retail Partner,Enterprise,5630.77,29,8,6,8,0,113,3425.21,281.91,0,1
2025-07-21,West,Product B,Retail Partner,SMB,3476.47,18,7,5,7,0,76,2052.4,171.55,0,1
2025-07-21,West,Product C,Online,Enterprise,12075.63,28,8,6,8,0,122,7297.82,1048.12,0,1
2025-07-21,West,Product C,Online,SMB,7951.01,18,7,5,7,0,80,4620.09,735.2,0,1
2025-07-21,West,Product C,Retail Partner,Enterprise,9119.89,21,6,5,6,0,80,5381.14,449.68,0,1
2025-07-21,West,Product C,Retail Partner,SMB,5727.65,13,5,4,5,0,55,3430.14,355.97,0,1
2025-07-28,North,Product A,Online,Enterprise,14591.77,52,15,11,15,1,246,7830.61,1522.26,1,2
2025-07-28,North,Product A,Online,SMB,9682.85,34,13,10,13,0,150,5094.57,991.2,1,2
2025-07-28,North,Product A,Retail Partner,Enterprise,9874.79,35,10,8,10,1,166,5381.45,539.29,1,1
2025-07-28,North,Product A,Retail Partner,SMB,6601.17,23,9,7,9,0,113,3491.1,361.67,0,1
2025-07-28,North,Product B,Online,Enterprise,7521.47,38,11,9,11,1,173,4544.52,712.06,1,2
2025-07-28,North,Product B,Online,SMB,6014.41,30,12,9,12,1,117,3588.73,580.45,1,2
2025-07-28,North,Product B,Retail Partner,Enterprise,5249.11,27,8,6,8,0,124,3221.42,268.01,1,1
2025-07-28,North,Product B,Retail Partner,SMB,3557.92,18,7,5,7,0,86,2096.21,202.15,0,1
2025-07-28,North,Product C,Online,Enterprise,11269.19,26,7,6,7,0,122,6639.55,1040.02,1,1
2025-07-28,North,Product C,Online,SMB,8534.01,19,7,6,7,0,84,4986.68,864.93,0,1
2025-07-28,North,Product C,Retail Partner,Enterprise,9343.53,22,6,5,6,0,94,5809.14,458.65,0,1
2025-07-28,North,Product C,Retail Partner,SMB,6398.19,15,6,5,6,0,64,3758.68,344.54,0,1
2025-07-28,South,Product A,Online,Enterprise,13669.9,48,14,11,14,0,206,7350.75,1171.88,1,2
2025-07-28,South,Product A,Online,SMB,7841.85,28,11,8,11,0,129,4215.38,744.42,1,2
2025-07-28,South,Product A,Retail Partner,Enterprise,9943.94,35,10,8,10,1,136,5345.31,547.84,1,1
2025-07-28,South,Product A,Retail Partner,SMB,5893.76,20,8,6,8,0,94,3086.9,305.4,1,1
2025-07-28,South,Product B,Online,Enterprise,6794.38,35,10,8,10,1,148,4156.81,555.28,1,1
2025-07-28,South,Product B,Online,SMB,3957.7,20,8,6,8,0,94,2366.01,322.57,0,1
2025-07-28,South,Product B,Retail Partner,Enterprise,4752.55,24,7,5,7,0,101,2861.44,267.98,0,1
2025-07-28,South,Product B,Retail Partner,SMB,3178.73,16,6,5,6,0,74,1884.1,184.24,0,1
2025-07-28,South,Product C,Online,Enterprise,10354.26,24,7,5,7,0,114,6235.13,1010.2,1,1
2025-07-28,South,Product C,Online,SMB,6343.31,15,6,4,6,0,66,3815.08,694.63,0,1
2025-07-28,South,Product C,Retail Partner,Enterprise,7864.93,18,5,4,5,0,77,4673.63,374.31,0,1
2025-07-28,South,Product C,Retail Partner,SMB,4532.22,10,4,3,4,0,55,2677.48,204.04,0,1
2025-07-28,East,Product A,Online,Enterprise,10401.28,37,10,8,10,1,170,5539.56,934.92,0,2
2025-07-28,East,Product A,Online,SMB,6194.43,22,8,6,8,0,110,3306.17,601.98,1,1
2025-07-28,East,Product A,Retail Partner,Enterprise,7707.83,27,8,6,8,0,121,4007.85,465.03,0,1
2025-07-28,East,Product A,Retail Partner,SMB,5472.09,19,7,5,7,0,80,2890.47,294.53,0,1
2025-07-28,East,Product B,Online,Enterprise,5476.78,27,8,6,8,0,121,3167.13,504.77,1,1
2025-07-28,East,Product B,Online,SMB,3711.74,19,7,6,7,0,87,2196.75,384.49,0,1
2025-07-28,East,Product B,Retail Partner,Enterprise,3397.91,17,5,4,5,0,83,2080.22,203.42,0,1
2025-07-28,East,Product B,Retail Partner,SMB,2707.35,13,5,4,5,0,58,1578.78,135.71,0,1
2025-07-28,East,Product C,Online,Enterprise,8774.6,20,6,5,6,0,89,5349.41,738.4,0,1
2025-07-28,East,Product C,Online,SMB,5704.64,13,5,4,5,0,58,3399.92,506.24,0,1
2025-07-28,East,Product C,Retail Partner,Enterprise,6044.85,14,4,3,4,0,61,3650.58,317.07,0,1
2025-07-28,East,Product C,Retail Partner,SMB,4039.63,9,4,3,4,0,41,2430.04,189.32,0,1
2025-07-28,West,Product A,Online,Enterprise,13083.84,46,13,11,13,1,230,7017.36,1145.99,1,2
2025-07-28,West,Product A,Online,SMB,9375.23,33,13,10,13,0,143,5086.32,840.63,1,2
2025-07-28,West,Product A,Retail Partner,Enterprise,10432.24,37,10,8,10,0,149,5613.15,624.87,1,2
2025-07-28,West,Product A,Retail Partner,SMB,6653.23,23,9,7,9,0,105,3566.95,359.71,1,1
2025-07-28,West,Product B,Online,Enterprise,7054.54,36,10,8,10,1,157,4188.13,648.56,0,2
2025-07-28,West,Product B,Online,SMB,4715.18,23,9,7,9,0,113,2741.29,426.38,1,1
2025-07-28,West,Product B,Retail Partner,Enterprise,4772.91,24,7,5,7,0,120,2893.72,227.57,0,1
2025-07-28,West,Product B,Retail Partner,SMB,3778.76,19,7,6,7,0,73,2249.79,205.27,0,1
2025-07-28,West,Product C,Online,Enterprise,11587.95,27,8,6,8,0,121,6978.06,980.18,0,1
2025-07-28,West,Product C,Online,SMB,8014.93,19,7,6,7,0,80,4893.66,658.44,0,1
2025-07-28,West,Product C,Retail Partner,Enterprise,7855.94,18,5,4,5,0,90,4754.49,396.16,0,1
2025-07-28,West,Product C,Retail Partner,SMB,5715.74,13,5,4,5,0,55,3392.05,272.11,0,1
2025-08-04,North,Product A,Online,Enterprise,15248.09,54,15,12,15,1,211,8059.67,1353.77,1,2
2025-08-04,North,Product A,Online,SMB,9892.54,35,13,10,13,1,152,5328.42,962.29,1,2
2025-08-04,North,Product A,Retail Partner,Enterprise,9920.49,35,10,8,10,0,173,5275.18,442.51,1,1
2025-08-04,North,Product A,Retail Partner,SMB,6491.36,23,9,7,9,0,114,3504.5,333.51,0,1
2025-08-04,North,Product B,Online,Enterprise,7637.8,39,11,9,11,0,154,4546.57,694.82,1,2
2025-08-04,North,Product B,Online,SMB,4997.25,25,10,7,10,1,116,2927.69,485.62,1,1
2025-08-04,North,Product B,Retail Partner,Enterprise,5392.95,27,8,6,8,0,124,3166.57,258.34,1,1
2025-08-04,North,Product B,Retail Partner,SMB,3950.32,20,8,6,8,0,78,2322.63,229.28,0,1
2025-08-04,North,Product C,Online,Enterprise,11579.61,27,8,6,8,0,130,6958.71,1133.28,0,1
2025-08-04,North,Product C,Online,SMB,7897.21,18,7,5,7,0,83,4759.49,703.7,0,1
2025-08-04,North,Product C,Retail Partner,Enterprise,8676.06,20,6,5,6,0,103,5156.33,435.98,0,1
2025-08-04,North,Product C,Retail Partner,SMB,5492.04,13,5,4,5,0,62,3192.73,308.75,0,1
2025-08-04,South,Product A,Online,Enterprise,11694.58,41,12,9,12,1,219,6328.14,1135.13,1,2
2025-08-04,South,Product A,Online,SMB,7671.86,27,10,8,10,0,118,4103.6,789.27,1,2
2025-08-04,South,Product A,Retail Partner,Enterprise,8733.3,31,9,7,9,0,144,4744.94,386.5,1,1
2025-08-04,South,Product A,Retail Partner,SMB,5890.39,21,8,6,8,0,93,3090.27,324.57,1,1
2025-08-04,South,Product B,Online,Enterprise,6099.24,31,9,7,9,0,156,3576.21,575.92,0,1
2025-08-04,South,Product B,Online,SMB,4364.63,21,8,7,8,0,81,2555.47,397.47,1,1
2025-08-04,South,Product B,Retail Partner,Enterprise,4416.99,22,6,5,6,0,98,2605.24,247.7,0,1
2025-08-04,South,Product B,Retail Partner,SMB,2748.69,14,5,4,5,0,75,1648.75,150.71,0,1
2025-08-04,South,Product C,Online,Enterprise,10012.35,23,6,5,6,0,103,5796.36,736.89,0,1
2025-08-04,South,Product C,Online,SMB,6232.31,14,5,4,5,0,69,3733.62,583.76,0,1
2025-08-04,South,Product C,Retail Partner,Enterprise,6953.89,16,5,3,5,0,73,4075.21,363.86,0,1
2025-08-04,South,Product C,Retail Partner,SMB,4859.71,11,4,3,4,0,49,2936.86,248.73,0,1
2025-08-04,East,Product A,Online,Enterprise,10010.16,36,10,8,10,1,165,5393.7,901.17,1,2
2025-08-04,East,Product A,Online,SMB,7484.11,26,10,8,10,0,104,3833.7,755.36,1,1
2025-08-04,East,Product A,Retail Partner,Enterprise,6679.8,24,7,5,7,0,119,3635.53,347.65,0,1
2025-08-04,East,Product A,Retail Partner,SMB,5327.14,19,7,6,7,0,81,2784.04,295.72,0,1
2025-08-04,East,Product B,Online,Enterprise,4787.43,25,7,5,7,0,120,2904.19,443.3,0,1
2025-08-04,East,Product B,Online,SMB,3774.54,19,7,6,7,0,82,2263.51,312.3,1,1
2025-08-04,East,Product B,Retail Partner,Enterprise,3800.36,19,5,4,5,0,89,2269.99,182.68,0,1
2025-08-04,East,Product B,Retail Partner,SMB,2769.28,14,5,4,5,0,57,1621.54,162.1,0,1
2025-08-04,East,Product C,Online,Enterprise,8669.36,20,6,5,6,0,95,5285.15,805.07,0,1
2025-08-04,East,Product C,Online,SMB,5978.43,14,5,4,5,0,58,3568.66,601.62,0,1
2025-08-04,East,Product C,Retail Partner,Enterprise,6902.76,15,4,4,4,0,68,4006.7,334.24,0,1
2025-08-04,East,Product C,Retail Partner,SMB,3706.94,8,3,3,3,0,47,2151.1,171.58,0,1
2025-08-04,West,Product A,Online,Enterprise,15186.99,53,15,12,15,1,220,7990.62,1460.23,1,2
2025-08-04,West,Product A,Online,SMB,8872.04,31,12,10,12,0,137,4661.67,706.17,1,2
2025-08-04,West,Product A,Retail Partner,Enterprise,10891.46,38,11,9,11,0,142,5718.48,612.51,1,1
2025-08-04,West,Product A,Retail Partner,SMB,6026.29,21,8,6,8,0,107,3249.85,305.24,1,1
2025-08-04,West,Product B,Online,Enterprise,6734.64,33,10,7,10,0,167,3995.18,623.05,0,1
2025-08-04,West,Product B,Online,SMB,4672.57,23,9,7,9,0,106,2723.22,464.65,0,1
2025-08-04,West,Product B,Retail Partner,Enterprise,5345.33,26,7,6,7,0,118,3139.52,255.19,1,1
2025-08-04,West,Product B,Retail Partner,SMB,3186.34,16,6,5,6,0,70,1889.6,167.31,0,1
2025-08-04,West,Product C,Online,Enterprise,11466.89,26,7,6,7,0,126,6740.2,1010.56,0,1
2025-08-04,West,Product C,Online,SMB,8194.25,18,7,6,7,0,73,4809.99,819.3,0,1
2025-08-04,West,Product C,Retail Partner,Enterprise,7676.81,18,5,4,5,0,85,4568.51,356.11,0,1
2025-08-04,West,Product C,Retail Partner,SMB,5527.88,13,5,4,5,0,61,3314.9,284.1,0,1
2025-08-11,North,Product A,Online,Enterprise,14410.94,52,15,11,15,1,247,7894.54,1501.5,1,2
2025-08-11,North,Product A,Online,SMB,9639.2,34,13,10,13,1,155,5023.08,914.75,1,2
2025-08-11,North,Product A,Retail Partner,Enterprise,9886.56,35,10,8,10,0,165,5225.53,584.93,1,1
2025-08-11,North,Product A,Retail Partner,SMB,7160.97,25,10,8,10,1,120,3746.88,360.72,1,1
2025-08-11,North,Product B,Online,Enterprise,7631.57,39,11,9,11,1,173,4603.05,700.63,1,1
2025-08-11,North,Product B,Online,SMB,5223.39,26,10,8,10,0,101,3048.99,462.52,1,1
2025-08-11,North,Product B,Retail Partner,Enterprise,5070.59,25,7,6,7,0,124,2985.03,235.74,0,1
2025-08-11,North,Product B,Retail Partner,SMB,3434.25,17,7,5,7,0,87,2085.68,160.87,0,1
2025-08-11,North,Product C,Online,Enterprise,13227.22,31,9,7,9,0,130,7955.93,1223.65,1,1
2025-08-11,North,Product C,Online,SMB,8471.48,19,7,6,7,0,76,5021.29,768.97,0,1
2025-08-11,North,Product C,Retail Partner,Enterprise,9540.82,22,6,5,6,0,100,5573.81,547.94,0,1
2025-08-11,North,Product C,Retail Partner,SMB,5784.55,13,5,4,5,0,56,3402.57,328.61,0,1
2025-08-11,South,Product A,Online,Enterprise,13182.65,46,13,10,13,1,176,6950.45,1296.46,1,2
2025-08-11,South,Product A,Online,SMB,7534.85,27,10,8,10,1,118,4049.16,753.51,1,1
2025-08-11,South,Product A,Retail Partner,Enterprise,8349.05,29,8,6,8,0,139,4433.9,437.35,1,1
2025-08-11,South,Product A,Retail Partner,SMB,5895.34,21,8,6,8,0,94,3160.52,293.91,0,1
2025-08-11,South,Product B,Online,Enterprise,6954.76,34,10,7,10,0,141,3994.65,635.89,1,2
2025-08-11,South,Product B,Online,SMB,4020.99,21,8,6,8,0,85,2473.27,396.32,0,1
2025-08-11,South,Product B,Retail Partner,Enterprise,3941.22,20,6,5,6,0,108,2335.05,223.21,0,1
2025-08-11,South,Product B,Retail Partner,SMB,3029.92,15,6,5,6,0,69,1770.87,160.82,1,1
2025-08-11,South,Product C,Online,Enterprise,10037.81,23,7,6,7,0,109,6116.52,847.61,0,1
2025-08-11,South,Product C,Online,SMB,6687.21,15,6,5,6,0,71,4029.92,639.3,0,1
2025-08-11,South,Product C,Retail Partner,Enterprise,7352.3,17,5,4,5,0,76,4421.34,359.86,0,1
2025-08-11,South,Product C,Retail Partner,SMB,4559.65,11,4,3,4,0,49,2768.53,222.59,0,0
2025-08-11,East,Product A,Online,Enterprise,10358.19,36,10,8,10,0,158,5432.85,1083.51,1,2
2025-08-11,East,Product A,Online,SMB,6908.82,25,9,7,9,0,109,3678.95,649.28,0,2
2025-08-11,East,Product A,Retail Partner,Enterprise,7611.93,27,8,6,8,0,123,4055.1,346.11,1,1
2025-08-11,East,Product A,Retail Partner,SMB,4722.3,17,6,5,6,0,74,2519.14,289.97,0,1
2025-08-11,East,Product B,Online,Enterprise,5416.28,27,8,6,8,0,122,3202.18,546.81,0,1
2025-08-11,East,Product B,Online,SMB,3299.87,16,6,5,6,0,83,1951.57,275.46,0,1
2025-08-11,East,Product B,Retail Partner,Enterprise,4087.39,20,6,5,6,0,80,2452.9,227.35,0,1
2025-08-11,East,Product B,Retail Partner,SMB,2421.57,12,5,4,5,0,55,1435.93,123.32,0,1
2025-08-11,East,Product C,Online,Enterprise,8615.58,20,6,4,6,0,97,5166.72,776.43,0,1
2025-08-11,East,Product C,Online,SMB,6326.4,15,6,5,6,0,60,3780.98,497.6,0,1
2025-08-11,East,Product C,Retail Partner,Enterprise,6218.29,14,4,3,4,0,64,3729.99,314.04,0,1
2025-08-11,East,Product C,Retail Partner,SMB,4220.65,10,4,3,4,0,45,2552.64,205.7,0,1
2025-08-11,West,Product A,Online,Enterprise,13976.09,50,14,11,14,0,220,7429.58,1091.22,1,2
2025-08-11,West,Product A,Online,SMB,9186.39,33,13,10,13,0,149,4933.39,938.21,1,2
2025-08-11,West,Product A,Retail Partner,Enterprise,10161.87,36,10,8,10,1,137,5489.44,536.14,1,2
2025-08-11,West,Product A,Retail Partner,SMB,6693.76,24,9,7,9,0,99,3560.33,355.43,1,1
2025-08-11,West,Product B,Online,Enterprise,7019.9,35,10,7,10,1,157,4082.88,653.77,1,1
2025-08-11,West,Product B,Online,SMB,4794.9,24,9,7,9,0,110,2817.59,422.85,1,2
2025-08-11,West,Product B,Retail Partner,Enterprise,4851.36,24,7,5,7,0,120,2828.52,241.23,0,1
2025-08-11,West,Product B,Retail Partner,SMB,3687.23,19,7,6,7,0,75,2176.28,171.52,1,1
2025-08-11,West,Product C,Online,Enterprise,11491.12,26,8,6,8,0,128,6764.62,1179.7,1,1
2025-08-11,West,Product C,Online,SMB,7824.1,18,7,5,7,0,78,4658.37,760.99,1,1
2025-08-11,West,Product C,Retail Partner,Enterprise,7884.67,18,5,4,5,0,81,4654.43,410.44,0,1
2025-08-11,West,Product C,Retail Partner,SMB,5351.19,12,5,4,5,0,56,3256.37,304.02,0,1
2025-08-18,North,Product A,Online,Enterprise,15268.09,53,15,12,15,1,244,7990.21,1558.65,1,3
2025-08-18,North,Product A,Online,SMB,9924.2,35,14,11,14,0,163,5330.4,933.74,1,2
2025-08-18,North,Product A,Retail Partner,Enterprise,10782.75,38,11,8,11,0,156,5708.06,509.83,1,2
2025-08-18,North,Product A,Retail Partner,SMB,6910.18,24,9,7,9,0,105,3595.06,356.32,0,1
2025-08-18,North,Product B,Online,Enterprise,7493.27,38,11,8,11,0,183,4465.56,613.7,1,2
2025-08-18,North,Product B,Online,SMB,4550.02,23,9,7,9,0,117,2738.16,369.36,1,1
2025-08-18,North,Product B,Retail Partner,Enterprise,5368.65,27,8,6,8,0,130,3228.11,273.75,1,1
2025-08-18,North,Product B,Retail Partner,SMB,3905.43,20,8,6,8,0,83,2364.91,212.4,1,1
2025-08-18,North,Product C,Online,Enterprise,11467.25,27,8,6,8,0,127,6950.72,1035.56,0,1
2025-08-18,North,Product C,Online,SMB,8198.83,19,7,6,7,0,77,4955.92,836.02,0,1
2025-08-18,North,Product C,Retail Partner,Enterprise,8430.28,19,6,4,6,0,96,5020.75,447.29,0,1
2025-08-18,North,Product C,Retail Partner,SMB,5527.42,13,5,4,5,0,59,3328.28,293.27,0,1
2025-08-18,South,Product A,Online,Enterprise,11727.81,42,12,10,12,0,180,6266.83,1148.13,1,1
2025-08-18,South,Product A,Online,SMB,7382.46,26,10,8,10,1,125,3850.82,753.76,1,1
2025-08-18,South,Product A,Retail Partner,Enterprise,8256.88,29,8,7,8,0,143,4376.96,447.44,1,1
2025-08-18,South,Product A,Retail Partner,SMB,5690.98,20,8,6,8,0,94,3022.61,297.82,0,1
2025-08-18,South,Product B,Online,Enterprise,6112.72,30,9,7,9,0,138,3613.27,557.32,0,1
2025-08-18,South,Product B,Online,SMB,3950.49,20,8,7,8,0,91,2378.98,399.25,0,1
2025-08-18,South,Product B,Retail Partner,Enterprise,4872.36,24,7,5,7,0,103,2786.42,257.72,0,1
2025-08-18,South,Product B,Retail Partner,SMB,2828.08,14,5,4,5,0,64,1659.29,131.06,0,1
2025-08-18,South,Product C,Online,Enterprise,9389.93,22,6,5,6,0,106,5743.38,802.66,0,1
2025-08-18,South,Product C,Online,SMB,6436.67,15,6,4,6,0,69,3840.53,584.65,0,1
2025-08-18,South,Product C,Retail Partner,Enterprise,6666.04,16,4,3,4,0,71,4098.29,328.72,0,1
2025-08-18,South,Product C,Retail Partner,SMB,5130.1,12,5,3,5,0,49,3020.67,247.25,0,1
2025-08-18,East,Product A,Online,Enterprise,10163.3,36,10,8,10,1,156,5442.03,894.61,1,2
2025-08-18,East,Product A,Online,SMB,6978.85,25,10,7,10,0,113,3759.4,699.7,1,1
2025-08-18,East,Product A,Retail Partner,Enterprise,7790.26,28,8,6,8,0,112,4152.36,453.72,0,1
2025-08-18,East,Product A,Retail Partner,SMB,5585.79,19,7,6,7,0,81,2967.73,285.06,0,1
2025-08-18,East,Product B,Online,Enterprise,5366.45,27,8,6,8,1,135,3188.42,481.24,0,1
2025-08-18,East,Product B,Online,SMB,3476.87,17,7,5,7,1,76,2062.05,312.9,1,1
2025-08-18,East,Product B,Retail Partner,Enterprise,4094.99,20,6,5,6,0,82,2474.06,253.55,0,1
2025-08-18,East,Product B,Retail Partner,SMB,2717.2,14,5,4,5,0,58,1609.13,120.25,0,1
2025-08-18,East,Product C,Online,Enterprise,9238.66,21,6,5,6,0,96,5462.43,972.43,0,1
2025-08-18,East,Product C,Online,SMB,5798.61,13,5,4,5,0,57,3458.49,483.88,0,1
2025-08-18,East,Product C,Retail Partner,Enterprise,6599.9,15,4,3,4,0,64,3986.96,317.42,0,1
2025-08-18,East,Product C,Retail Partner,SMB,3716.42,8,3,3,3,0,41,2182.46,175.89,0,0
2025-08-18,West,Product A,Online,Enterprise,12141.27,43,12,9,12,0,213,6488.5,1126.97,1,2
2025-08-18,West,Product A,Online,SMB,7802.35,28,11,8,11,1,136,4271.92,705.56,1,2
2025-08-18,West,Product A,Retail Partner,Enterprise,9694.35,34,10,8,10,0,164,5149.77,595.74,1,1
2025-08-18,West,Product A,Retail Partner,SMB,5932.59,21,8,6,8,0,96,3231.27,277.15,0,1
2025-08-18,West,Product B,Online,Enterprise,6339.48,32,9,7,9,1,167,3730.4,558.09,1,1
2025-08-18,West,Product B,Online,SMB,4576.45,23,9,7,9,0,104,2651.42,488.36,0,1
2025-08-18,West,Product B,Retail Partner,Enterprise,5131.27,26,7,6,7,0,122,3093.75,286.69,1,1
2025-08-18,West,Product B,Retail Partner,SMB,3550.47,18,7,5,7,0,69,2083.53,198.16,1,1
2025-08-18,West,Product C,Online,Enterprise,10123.11,23,7,5,7,0,109,6022.48,990.96,0,1
2025-08-18,West,Product C,Online,SMB,7441.41,17,7,5,7,0,73,4450.18,684.12,1,1
2025-08-18,West,Product C,Retail Partner,Enterprise,8514.33,20,6,5,6,0,94,5103.82,446.64,0,1
2025-08-18,West,Product C,Retail Partner,SMB,5700.94,13,5,4,5,0,57,3350.53,303.69,0,1
2025-08-25,North,Product A,Online,Enterprise,14774.58,52,15,12,15,1,220,7851.26,1434.4,1,2
2025-08-25,North,Product A,Online,SMB,8984.76,32,12,10,12,1,147,4867.24,958.52,1,2
2025-08-25,North,Product A,Retail Partner,Enterprise,10347.04,37,11,8,11,0,176,5572.09,554.59,1,1
2025-08-25,North,Product A,Retail Partner,SMB,6723.78,24,9,7,9,0,107,3722.29,328.13,1,1
2025-08-25,North,Product B,Online,Enterprise,6928.0,35,10,8,10,1,173,4077.65,688.17,1,1
2025-08-25,North,Product B,Online,SMB,5062.35,25,10,8,10,0,104,2924.1,405.59,0,2
2025-08-25,North,Product B,Retail Partner,Enterprise,5661.09,28,8,7,8,0,134,3272.28,298.88,1,1
2025-08-25,North,Product B,Retail Partner,SMB,3496.88,18,7,5,7,0,81,2079.39,172.01,0,1
2025-08-25,North,Product C,Online,Enterprise,12040.74,28,8,6,8,0,134,7242.62,1052.42,1,1
2025-08-25,North,Product C,Online,SMB,7836.86,18,7,5,7,0,91,4579.47,654.42,0,1
2025-08-25,North,Product C,Retail Partner,Enterprise,9195.04,21,6,5,6,0,94,5463.96,466.72,0,1
2025-08-25,North,Product C,Retail Partner,SMB,6790.25,15,6,5,6,0,60,3987.69,371.8,0,1
2025-08-25,South,Product A,Online,Enterprise,11539.8,40,12,9,12,1,174,6079.18,1175.68,1,2
2025-08-25,South,Product A,Online,SMB,8003.71,28,11,9,11,0,113,4220.94,815.02,1,1
2025-08-25,South,Product A,Retail Partner,Enterprise,8512.16,30,9,7,9,0,145,4530.07,380.25,1,2
2025-08-25,South,Product A,Retail Partner,SMB,5299.62,18,7,6,7,0,89,2723.31,288.68,0,1
2025-08-25,South,Product B,Online,Enterprise,5885.61,30,8,7,8,0,129,3499.43,617.1,1,1
2025-08-25,South,Product B,Online,SMB,3970.29,20,8,6,8,0,97,2377.9,333.87,0,1
2025-08-25,South,Product B,Retail Partner,Enterprise,4355.1,22,6,5,6,0,101,2586.27,224.83,0,1
2025-08-25,South,Product B,Retail Partner,SMB,3754.13,18,7,6,7,0,72,2175.47,203.05,0,1
2025-08-25,South,Product C,Online,Enterprise,10046.78,23,7,5,7,0,98,6152.25,1026.43,0,1
2025-08-25,South,Product C,Online,SMB,6974.94,16,6,5,6,0,64,4130.81,682.74,0,1
2025-08-25,South,Product C,Retail Partner,Enterprise,7509.34,17,5,4,5,0,74,4506.29,378.84,0,1
2025-08-25,South,Product C,Retail Partner,SMB,4852.77,11,4,3,4,0,49,2909.12,246.45,0,1
2025-08-25,East,Product A,Online,Enterprise,9222.02,33,9,8,9,0,165,4951.32,870.77,1,1
2025-08-25,East,Product A,Online,SMB,7193.2,25,10,7,10,1,110,3816.99,672.89,0,1
2025-08-25,East,Product A,Retail Partner,Enterprise,7594.03,27,8,6,8,0,126,3978.44,385.87,0,1
2025-08-25,East,Product A,Retail Partner,SMB,4581.35,17,6,5,6,0,74,2488.38,268.8,0,1
2025-08-25,East,Product B,Online,Enterprise,5772.0,29,8,6,8,0,122,3527.97,526.24,1,1
2025-08-25,East,Product B,Online,SMB,3550.52,18,7,5,7,0,81,2035.57,331.13,1,1
2025-08-25,East,Product B,Retail Partner,Enterprise,4092.15,21,6,5,6,0,91,2458.83,206.93,0,1
2025-08-25,East,Product B,Retail Partner,SMB,2624.24,13,5,4,5,0,57,1526.49,146.78,0,1
2025-08-25,East,Product C,Online,Enterprise,8360.28,19,5,4,5,0,86,4920.4,791.35,0,1
2025-08-25,East,Product C,Online,SMB,5656.97,13,5,4,5,0,65,3330.5,471.13,0,1
2025-08-25,East,Product C,Retail Partner,Enterprise,6493.34,15,4,3,4,0,74,3897.8,305.87,0,1
2025-08-25,East,Product C,Retail Partner,SMB,4647.0,11,4,3,4,0,42,2721.16,267.88,0,1
2025-08-25,West,Product A,Online,Enterprise,13789.11,48,14,11,14,1,210,7348.31,1193.15,1,3
2025-08-25,West,Product A,Online,SMB,9319.62,33,13,9,13,1,131,4990.0,955.47,1,2
2025-08-25,West,Product A,Retail Partner,Enterprise,9715.83,34,10,8,10,1,153,5243.66,462.83,1,1
2025-08-25,West,Product A,Retail Partner,SMB,6832.17,24,9,7,9,0,104,3595.8,410.4,1,1
2025-08-25,West,Product B,Online,Enterprise,7463.93,38,11,9,11,1,151,4496.45,701.34,1,2
2025-08-25,West,Product B,Online,SMB,4716.5,24,9,7,9,0,98,2779.63,406.6,1,1
2025-08-25,West,Product B,Retail Partner,Enterprise,5046.58,26,7,6,7,0,123,3024.15,238.64,0,1
2025-08-25,West,Product B,Retail Partner,SMB,3496.06,18,7,5,7,0,73,2057.2,164.39,0,1
2025-08-25,West,Product C,Online,Enterprise,11832.19,27,8,6,8,0,116,7091.07,1074.68,1,2
2025-08-25,West,Product C,Online,SMB,7474.32,17,7,5,7,0,76,4559.65,660.71,0,1
2025-08-25,West,Product C,Retail Partner,Enterprise,9267.39,21,6,5,6,0,80,5465.65,510.57,0,1
2025-08-25,West,Product C,Retail Partner,SMB,5705.59,13,5,4,5,0,54,3353.99,281.37,0,1
2025-09-01,North,Product A,Online,Enterprise,15233.92,53,15,12,15,1,219,8091.03,1395.99,1,2
2025-09-01,North,Product A,Online,SMB,8865.67,31,12,9,12,1,144,4720.4,827.25,1,2
2025-09-01,North,Product A,Retail Partner,Enterprise,10418.06,37,11,8,11,1,166,5494.92,553.9,1,2
2025-09-01,North,Product A,Retail Partner,SMB,7077.38,24,9,7,9,0,109,3672.94,361.86,1,1
2025-09-01,North,Product B,Online,Enterprise,7775.62,39,11,8,11,1,163,4608.19,759.43,1,1
2025-09-01,North,Product B,Online,SMB,5053.42,25,10,7,10,0,124,2921.08,453.19,1,1
2025-09-01,North,Product B,Retail Partner,Enterprise,5588.8,28,8,6,8,0,135,3332.01,314.55,1,1
2025-09-01,North,Product B,Retail Partner,SMB,3699.47,19,7,6,7,0,84,2249.25,176.66,1,1
2025-09-01,North,Product C,Online,Enterprise,13043.52,29,8,7,8,0,130,7477.09,1202.96,1,1
2025-09-01,North,Product C,Online,SMB,8113.61,18,7,6,7,0,81,4767.15,702.26,0,1
2025-09-01,North,Product C,Retail Partner,Enterprise,9571.12,22,6,5,6,0,87,5825.32,448.7,0,1
2025-09-01,North,Product C,Retail Partner,SMB,5702.25,13,5,4,5,0,58,3357.39,294.24,0,1
2025-09-01,South,Product A,Online,Enterprise,11932.4,42,12,9,12,1,179,6388.07,979.62,1,2
2025-09-01,South,Product A,Online,SMB,7833.62,27,11,8,11,0,124,4198.01,744.86,1,1
2025-09-01,South,Product A,Retail Partner,Enterprise,8737.71,30,9,7,9,0,138,4562.19,424.01,1,1
2025-09-01,South,Product A,Retail Partner,SMB,5872.86,21,8,6,8,0,91,3146.33,295.23,1,1
2025-09-01,South,Product B,Online,Enterprise,6822.34,33,10,7,10,1,135,3926.81,612.11,1,2
2025-09-01,South,Product B,Online,SMB,4113.63,20,8,7,8,0,99,2447.31,321.63,0,1
2025-09-01,South,Product B,Retail Partner,Enterprise,4714.44,24,7,5,7,0,92,2800.43,260.76,0,1
2025-09-01,South,Product B,Retail Partner,SMB,2792.6,14,5,4,5,0,64,1633.11,143.71,0,1
2025-09-01,South,Product C,Online,Enterprise,9869.89,23,7,5,7,0,92,5892.17,921.25,0,1
2025-09-01,South,Product C,Online,SMB,6283.44,14,6,4,6,0,67,3754.54,652.63,0,1
2025-09-01,South,Product C,Retail Partner,Enterprise,6997.47,16,5,4,5,0,75,4131.04,366.99,0,1
2025-09-01,South,Product C,Retail Partner,SMB,4823.41,11,4,3,4,0,47,2913.68,272.08,0,1
2025-09-01,East,Product A,Online,Enterprise,9804.45,35,10,8,10,0,160,5222.18,865.85,0,2
2025-09-01,East,Product A,Online,SMB,6668.39,24,9,7,9,1,100,3597.23,694.76,1,1
2025-09-01,East,Product A,Retail Partner,Enterprise,7781.42,27,8,6,8,0,109,4005.15,474.96,0,1
2025-09-01,East,Product A,Retail Partner,SMB,4935.84,18,7,6,7,0,72,2691.78,258.63,1,1
2025-09-01,East,Product B,Online,Enterprise,5823.8,28,8,6,8,0,122,3321.21,523.59,1,1
2025-09-01,East,Product B,Online,SMB,3806.7,19,7,6,7,0,76,2265.84,347.9,0,1
2025-09-01,East,Product B,Retail Partner,Enterprise,4226.98,21,6,5,6,0,80,2454.02,202.3,0,1
2025-09-01,East,Product B,Retail Partner,SMB,2560.07,13,5,4,5,0,54,1522.31,135.78,0,1
2025-09-01,East,Product C,Online,Enterprise,8353.02,19,6,4,6,0,89,5023.1,665.18,0,1
2025-09-01,East,Product C,Online,SMB,5738.82,13,5,4,5,0,58,3409.5,548.84,0,1
2025-09-01,East,Product C,Retail Partner,Enterprise,6299.01,14,4,3,4,0,64,3758.51,308.07,0,1
2025-09-01,East,Product C,Retail Partner,SMB,4055.31,9,4,3,4,0,41,2398.36,176.06,0,1
2025-09-01,West,Product A,Online,Enterprise,14811.54,51,15,11,15,1,226,7710.64,1450.24,1,2
2025-09-01,West,Product A,Online,SMB,9394.13,34,13,10,13,1,136,5120.11,822.85,1,2
2025-09-01,West,Product A,Retail Partner,Enterprise,9611.4,34,10,7,10,0,160,5176.53,437.45,1,1
2025-09-01,West,Product A,Retail Partner,SMB,6583.37,23,9,7,9,0,100,3406.11,348.29,0,1
2025-09-01,West,Product B,Online,Enterprise,7309.63,37,10,8,10,1,148,4300.21,749.03,0,1
2025-09-01,West,Product B,Online,SMB,5198.2,26,10,8,10,1,94,3154.36,510.86,1,2
2025-09-01,West,Product B,Retail Partner,Enterprise,4649.14,24,7,5,7,0,122,2803.79,244.96,0,1
2025-09-01,West,Product B,Retail Partner,SMB,3152.78,16,6,5,6,0,75,1893.67,153.69,0,1
2025-09-01,West,Product C,Online,Enterprise,12208.35,28,8,6,8,0,122,7284.82,1031.94,1,1
2025-09-01,West,Product C,Online,SMB,7045.02,16,6,5,6,0,74,4282.07,554.98,0,1
2025-09-01,West,Product C,Retail Partner,Enterprise,9011.86,21,6,4,6,0,87,5383.39,438.39,1,1
2025-09-01,West,Product C,Retail Partner,SMB,5564.5,13,5,4,5,0,58,3333.54,344.01,0,1
2025-09-08,North,Product A,Online,Enterprise,14714.72,53,15,12,15,1,225,7788.03,1437.11,1,2
2025-09-08,North,Product A,Online,SMB,9384.96,33,13,10,13,0,149,5061.28,845.02,1,2
2025-09-08,North,Product A,Retail Partner,Enterprise,9448.25,34,10,8,10,1,158,5003.5,506.93,1,1
2025-09-08,North,Product A,Retail Partner,SMB,6589.08,24,9,7,9,0,106,3544.06,339.41,1,2
2025-09-08,North,Product B,Online,Enterprise,7108.99,35,10,8,10,0,180,4236.94,691.31,1,2
2025-09-08,North,Product B,Online,SMB,5308.7,26,10,8,10,0,112,3068.3,524.14,1,2
2025-09-08,North,Product B,Retail Partner,Enterprise,5533.83,28,8,7,8,0,124,3290.88,265.36,1,1
2025-09-08,North,Product B,Retail Partner,SMB,3396.23,17,7,5,7,0,73,1997.01,189.69,0,1
2025-09-08,North,Product C,Online,Enterprise,12601.39,29,8,7,8,0,120,7518.15,1138.99,1,1
2025-09-08,North,Product C,Online,SMB,7814.46,18,7,5,7,0,93,4766.53,692.98,1,1
2025-09-08,North,Product C,Retail Partner,Enterprise,8384.96,19,5,4,5,0,93,4874.03,462.79,0,1
2025-09-08,North,Product C,Retail Partner,SMB,5969.75,14,5,4,5,0,60,3537.88,279.8,0,1
2025-09-08,South,Product A,Online,Enterprise,11427.98,41,12,9,12,0,164,6070.54,1208.16,1,2
2025-09-08,South,Product A,Online,SMB,8498.12,29,11,8,11,1,125,4410.19,792.94,1,1
2025-09-08,South,Product A,Retail Partner,Enterprise,9114.8,32,9,7,9,0,130,4766.28,443.58,0,1
2025-09-08,South,Product A,Retail Partner,SMB,5888.23,21,8,6,8,0,89,3127.64,292.17,0,1
2025-09-08,South,Product B,Online,Enterprise,5945.83,30,9,7,9,0,131,3479.69,540.35,0,1
2025-09-08,South,Product B,Online,SMB,4153.08,21,8,6,8,0,90,2386.84,343.24,0,1
2025-09-08,South,Product B,Retail Partner,Enterprise,4912.01,24,7,6,7,0,91,2929.19,235.43,1,1
2025-09-08,South,Product B,Retail Partner,SMB,2978.6,15,6,5,6,0,65,1765.54,166.77,0,1
2025-09-08,South,Product C,Online,Enterprise,10284.71,24,7,5,7,0,111,6207.24,828.52,0,1
2025-09-08,South,Product C,Online,SMB,7083.95,16,6,5,6,0,65,4205.16,654.64,0,1
2025-09-08,South,Product C,Retail Partner,Enterprise,6772.03,15,4,3,4,0,72,4031.46,352.76,0,1
2025-09-08,South,Product C,Retail Partner,SMB,5590.93,13,5,4,5,0,52,3354.72,332.0,0,1
2025-09-08,East,Product A,Online,Enterprise,10394.36,36,10,8,10,1,159,5504.46,928.59,1,2
2025-09-08,East,Product A,Online,SMB,6542.67,23,9,7,9,0,112,3489.61,612.08,1,1
2025-09-08,East,Product A,Retail Partner,Enterprise,8436.55,30,8,7,8,0,119,4497.64,406.31,1,1
2025-09-08,East,Product A,Retail Partner,SMB,4361.48,16,6,5,6,0,76,2332.08,203.6,0,1
2025-09-08,East,Product B,Online,Enterprise,5678.73,28,8,6,8,0,113,3368.8,519.17,1,1
2025-09-08,East,Product B,Online,SMB,3679.81,18,7,5,7,0,82,2125.24,365.8,0,1
2025-09-08,East,Product B,Retail Partner,Enterprise,3758.72,19,5,4,5,0,87,2250.4,181.12,0,1
2025-09-08,East,Product B,Retail Partner,SMB,2607.84,13,5,4,5,0,57,1496.12,113.67,0,1
2025-09-08,East,Product C,Online,Enterprise,8223.2,19,5,4,5,0,86,4939.56,852.15,0,1
2025-09-08,East,Product C,Online,SMB,5933.77,14,5,4,5,0,63,3562.32,548.61,0,1
2025-09-08,East,Product C,Retail Partner,Enterprise,6269.06,14,4,3,4,0,62,3796.7,289.69,0,1
2025-09-08,East,Product C,Retail Partner,SMB,3973.43,9,4,3,4,0,44,2381.52,208.91,0,1
2025-09-08,West,Product A,Online,Enterprise,13990.87,51,14,11,14,0,218,7681.61,1303.47,1,2
2025-09-08,West,Product A,Online,SMB,8973.52,32,12,10,12,1,135,4999.39,826.75,1,3
2025-09-08,West,Product A,Retail Partner,Enterprise,9186.83,33,9,7,9,0,159,4923.24,430.54,1,2
2025-09-08,West,Product A,Retail Partner,SMB,6494.39,23,9,7,9,1,108,3446.35,322.79,1,1
2025-09-08,West,Product B,Online,Enterprise,7156.26,35,10,8,10,0,157,4164.26,693.67,1,1
2025-09-08,West,Product B,Online,SMB,4594.07,23,9,7,9,0,101,2760.98,489.25,1,1
2025-09-08,West,Product B,Retail Partner,Enterprise,5077.58,25,7,6,7,0,113,2951.78,252.35,1,1
2025-09-08,West,Product B,Retail Partner,SMB,3516.9,18,7,5,7,0,74,2081.61,179.89,1,1
2025-09-08,West,Product C,Online,Enterprise,10829.2,25,7,6,7,1,114,6755.35,1000.59,0,1
2025-09-08,West,Product C,Online,SMB,7171.32,16,6,5,6,0,73,4294.45,638.92,0,1
2025-09-08,West,Product C,Retail Partner,Enterprise,8117.93,18,5,4,5,0,82,4757.92,439.65,0,1
2025-09-08,West,Product C,Retail Partner,SMB,5193.11,12,5,3,5,0,55,3095.25,283.67,0,1
2025-09-15,North,Product A,Online,Enterprise,14790.9,53,15,12,15,0,223,7875.04,1498.71,1,2
2025-09-15,North,Product A,Online,SMB,9204.62,33,13,10,13,1,148,4930.75,980.75,1,2
2025-09-15,North,Product A,Retail Partner,Enterprise,11337.64,40,12,10,12,1,186,6123.9,629.68,1,2
2025-09-15,North,Product A,Retail Partner,SMB,7459.25,26,10,8,10,1,115,3929.3,378.66,1,1
2025-09-15,North,Product B,Online,Enterprise,6892.57,34,10,7,10,0,168,4023.61,684.15,1,2
2025-09-15,North,Product B,Online,SMB,5221.39,26,10,8,10,1,107,3142.99,504.42,1,2
2025-09-15,North,Product B,Retail Partner,Enterprise,4989.25,25,7,6,7,0,116,2923.52,233.28,0,1
2025-09-15,North,Product B,Retail Partner,SMB,3157.11,16,6,5,6,0,78,1894.35,143.58,0,1
2025-09-15,North,Product C,Online,Enterprise,12310.87,29,8,6,8,0,120,7304.68,1183.46,1,1
2025-09-15,North,Product C,Online,SMB,8674.07,20,8,6,8,0,79,4993.52,798.27,0,1
2025-09-15,North,Product C,Retail Partner,Enterprise,8095.23,19,5,4,5,0,91,4828.86,460.41,0,1
2025-09-15,North,Product C,Retail Partner,SMB,6131.02,14,5,4,5,0,58,3721.28,316.34,0,1
2025-09-15,South,Product A,Online,Enterprise,12540.53,43,12,9,12,1,195,6639.04,1147.08,1,2
2025-09-15,South,Product A,Online,SMB,7723.9,27,10,8,10,0,119,4015.54,871.72,1,1
2025-09-15,South,Product A,Retail Partner,Enterprise,9020.89,31,9,7,9,0,134,4696.1,450.55,1,1
2025-09-15,South,Product A,Retail Partner,SMB,5377.39,19,7,6,7,0,87,2857.77,257.95,0,1
2025-09-15,South,Product B,Online,Enterprise,6108.43,30,9,7,9,0,138,3543.13,616.78,0,1
2025-09-15,South,Product B,Online,SMB,4413.15,22,8,6,8,0,85,2593.75,442.01,0,1
2025-09-15,South,Product B,Retail Partner,Enterprise,4656.82,24,7,5,7,0,95,2828.74,238.98,0,1
2025-09-15,South,Product B,Retail Partner,SMB,2973.99,15,6,4,6,0,68,1764.5,190.38,0,1
2025-09-15,South,Product C,Online,Enterprise,9955.39,23,7,5,7,0,95,6109.72,781.8,0,1
2025-09-15,South,Product C,Online,SMB,6852.42,16,6,5,6,0,68,4164.65,672.92,0,1
2025-09-15,South,Product C,Retail Partner,Enterprise,7510.76,17,5,4,5,0,78,4520.59,421.42,0,1
2025-09-15,South,Product C,Retail Partner,SMB,4289.26,10,4,3,4,0,54,2632.9,214.86,0,1
2025-09-15,East,Product A,Online,Enterprise,9887.2,35,10,8,10,1,165,5290.17,929.69,1,2
2025-09-15,East,Product A,Online,SMB,6141.96,22,8,6,8,0,105,3319.5,567.75,1,1
2025-09-15,East,Product A,Retail Partner,Enterprise,7400.01,26,7,6,7,0,116,3898.21,349.58,1,1
2025-09-15,East,Product A,Retail Partner,SMB,4894.26,17,7,5,7,0,77,2587.84,269.06,1,1
2025-09-15,East,Product B,Online,Enterprise,5427.6,27,8,6,8,0,125,3232.67,487.36,0,1
2025-09-15,East,Product B,Online,SMB,3481.94,18,7,5,7,0,74,2061.7,358.19,0,1
2025-09-15,East,Product B,Retail Partner,Enterprise,4028.34,20,6,4,6,0,87,2325.86,214.48,0,1
2025-09-15,East,Product B,Retail Partner,SMB,2436.88,12,5,3,5,0,56,1418.71,120.92,0,1
2025-09-15,East,Product C,Online,Enterprise,8709.19,20,6,4,6,0,92,5175.5,743.84,0,1
2025-09-15,East,Product C,Online,SMB,6161.95,14,5,4,5,0,62,3667.07,544.55,0,1
2025-09-15,East,Product C,Retail Partner,Enterprise,5957.48,14,4,3,4,0,62,3470.98,290.85,0,1
2025-09-15,East,Product C,Retail Partner,SMB,4146.15,9,4,3,4,0,47,2487.98,231.74,0,1
2025-09-15,West,Product A,Online,Enterprise,14378.65,51,14,11,14,1,228,7624.14,1385.48,1,2
2025-09-15,West,Product A,Online,SMB,8531.04,30,12,9,12,0,135,4541.36,732.14,0,1
2025-09-15,West,Product A,Retail Partner,Enterprise,10005.32,35,10,8,10,0,146,5330.4,522.01,1,1
2025-09-15,West,Product A,Retail Partner,SMB,6670.29,23,9,7,9,0,90,3444.85,369.44,0,1
2025-09-15,West,Product B,Online,Enterprise,7559.63,38,11,8,11,0,158,4529.09,711.78,1,2
2025-09-15,West,Product B,Online,SMB,4737.7,24,9,7,9,0,110,2786.54,450.56,1,1
2025-09-15,West,Product B,Retail Partner,Enterprise,5221.06,26,8,6,8,0,120,3049.35,282.89,1,1
2025-09-15,West,Product B,Retail Partner,SMB,3757.28,19,7,6,7,0,80,2244.96,211.71,1,1
2025-09-15,West,Product C,Online,Enterprise,10800.69,25,7,6,7,0,115,6420.85,1008.63,0,1
2025-09-15,West,Product C,Online,SMB,7353.53,17,7,5,7,0,75,4464.59,666.07,1,1
2025-09-15,West,Product C,Retail Partner,Enterprise,8097.84,19,5,4,5,0,83,4884.21,416.02,0,1
2025-09-15,West,Product C,Retail Partner,SMB,5218.91,12,5,4,5,0,60,3071.46,290.04,0,1
2025-09-22,North,Product A,Online,Enterprise,14298.75,51,14,11,14,1,241,7682.61,1400.52,1,3
2025-09-22,North,Product A,Online,SMB,10558.68,37,14,11,14,0,143,5568.82,915.77,1,2
2025-09-22,North,Product A,Retail Partner,Enterprise,9431.19,33,10,7,10,0,170,5042.41,513.03,1,1
2025-09-22,North,Product A,Retail Partner,SMB,7157.05,25,10,8,10,0,116,3755.69,402.48,1,1
2025-09-22,North,Product B,Online,Enterprise,7131.3,35,10,8,10,0,173,4147.1,753.55,0,1
2025-09-22,North,Product B,Online,SMB,4839.44,24,9,7,9,0,114,2801.59,449.82,0,1
2025-09-22,North,Product B,Retail Partner,Enterprise,5224.43,26,7,6,7,1,139,3056.09,289.5,0,1
2025-09-22,North,Product B,Retail Partner,SMB,3520.32,17,7,5,7,0,82,2050.38,162.46,1,1
2025-09-22,North,Product C,Online,Enterprise,12870.02,29,8,6,8,0,126,7651.76,1035.12,0,1
2025-09-22,North,Product C,Online,SMB,9151.94,21,8,6,8,0,79,5398.51,810.93,0,1
2025-09-22,North,Product C,Retail Partner,Enterprise,9041.64,21,6,4,6,0,98,5322.65,475.43,1,1
2025-09-22,North,Product C,Retail Partner,SMB,6152.37,14,5,4,5,0,59,3715.75,337.69,0,1
2025-09-22,South,Product A,Online,Enterprise,11613.38,41,12,9,12,1,182,6351.05,930.41,1,1
2025-09-22,South,Product A,Online,SMB,7969.05,28,11,8,11,0,122,4197.62,766.95,1,2
2025-09-22,South,Product A,Retail Partner,Enterprise,9078.51,32,9,7,9,0,137,4748.23,488.94,1,1
2025-09-22,South,Product A,Retail Partner,SMB,5527.22,20,8,6,8,0,85,3015.11,289.78,1,1
2025-09-22,South,Product B,Online,Enterprise,6195.0,31,9,7,9,0,153,3720.69,627.54,0,1
2025-09-22,South,Product B,Online,SMB,4170.93,21,8,7,8,0,90,2470.23,396.56,1,1
2025-09-22,South,Product B,Retail Partner,Enterprise,4556.22,23,7,5,7,0,103,2708.91,229.33,0,1
2025-09-22,South,Product B,Retail Partner,SMB,3046.18,15,6,5,6,0,65,1788.97,145.89,0,1
2025-09-22,South,Product C,Online,Enterprise,9914.86,23,6,5,6,0,100,5892.26,1045.62,0,1
2025-09-22,South,Product C,Online,SMB,6285.33,14,5,4,5,0,72,3662.41,685.47,0,1
2025-09-22,South,Product C,Retail Partner,Enterprise,7099.32,16,5,4,5,0,76,4156.1,338.8,0,1
2025-09-22,South,Product C,Retail Partner,SMB,4872.43,11,4,3,4,0,44,2952.2,235.6,0,1
2025-09-22,East,Product A,Online,Enterprise,11637.48,40,11,9,11,1,173,6207.86,1136.65,1,2
2025-09-22,East,Product A,Online,SMB,6539.57,23,9,7,9,0,111,3541.13,635.14,0,1
2025-09-22,East,Product A,Retail Partner,Enterprise,7696.94,27,8,6,8,0,118,4149.98,381.76,1,1
2025-09-22,East,Product A,Retail Partner,SMB,5396.49,19,7,6,7,0,84,2795.7,291.89,0,1
2025-09-22,East,Product B,Online,Enterprise,5524.14,28,8,6,8,0,115,3279.96,562.47,0,1
2025-09-22,East,Product B,Online,SMB,3334.34,17,7,5,7,0,83,1995.3,302.04,0,1
2025-09-22,East,Product B,Retail Partner,Enterprise,4510.68,22,6,5,6,0,89,2686.88,276.16,0,1
2025-09-22,East,Product B,Retail Partner,SMB,2635.7,13,5,4,5,0,55,1574.36,134.73,0,1
2025-09-22,East,Product C,Online,Enterprise,9010.82,21,6,5,6,0,90,5546.36,932.03,1,1
2025-09-22,East,Product C,Online,SMB,5688.72,13,5,4,5,0,56,3369.7,520.84,0,1
2025-09-22,East,Product C,Retail Partner,Enterprise,5908.22,13,4,3,4,0,68,3428.19,308.99,0,1
2025-09-22,East,Product C,Retail Partner,SMB,3980.24,9,4,3,4,0,46,2352.92,232.95,0,1
2025-09-22,West,Product A,Online,Enterprise,14428.81,51,15,11,15,1,208,7683.32,1372.9,1,3
2025-09-22,West,Product A,Online,SMB,9597.21,33,13,10,13,1,136,5027.91,866.67,1,2
2025-09-22,West,Product A,Retail Partner,Enterprise,10643.52,37,11,8,11,1,166,5542.59,529.26,1,1
2025-09-22,West,Product A,Retail Partner,SMB,7050.92,25,10,8,10,0,111,3691.36,343.25,1,1
2025-09-22,West,Product B,Online,Enterprise,8048.42,40,11,9,11,0,151,4734.87,776.61,1,2
2025-09-22,West,Product B,Online,SMB,5253.8,27,10,8,10,1,108,3178.32,532.79,1,1
2025-09-22,West,Product B,Retail Partner,Enterprise,5033.93,25,7,5,7,0,112,2965.41,296.25,1,1
2025-09-22,West,Product B,Retail Partner,SMB,3641.09,18,7,5,7,0,81,2194.77,193.59,1,1
2025-09-22,West,Product C,Online,Enterprise,12318.35,28,8,6,8,0,120,7261.46,1242.39,0,1
2025-09-22,West,Product C,Online,SMB,7523.82,17,7,5,7,0,79,4539.36,700.12,0,1
2025-09-22,West,Product C,Retail Partner,Enterprise,7464.99,17,5,4,5,0,84,4506.85,416.3,0,1
2025-09-22,West,Product C,Retail Partner,SMB,5281.03,12,5,3,5,0,56,3136.37,295.3,0,1
2025-09-29,North,Product A,Online,Enterprise,14636.5,50,14,11,14,1,218,7573.17,1503.05,1,2
2025-09-29,North,Product A,Online,SMB,9061.51,32,12,9,12,0,149,4820.38,810.0,1,2
2025-09-29,North,Product A,Retail Partner,Enterprise,10104.73,36,10,8,10,0,182,5339.11,525.43,1,2
2025-09-29,North,Product A,Retail Partner,SMB,7385.68,26,10,7,10,0,99,3868.83,376.24,1,1
2025-09-29,North,Product B,Online,Enterprise,7451.38,37,11,9,11,0,180,4367.93,727.76,1,2
2025-09-29,North,Product B,Online,SMB,4751.9,23,9,7,9,0,109,2753.19,463.2,0,1
2025-09-29,North,Product B,Retail Partner,Enterprise,5808.52,29,8,6,8,0,116,3432.33,277.59,0,1
2025-09-29,North,Product B,Retail Partner,SMB,3765.87,18,7,6,7,0,80,2172.04,218.01,0,1
2025-09-29,North,Product C,Online,Enterprise,12619.01,29,8,6,8,0,136,7663.0,1096.19,0,1
2025-09-29,North,Product C,Online,SMB,7877.11,18,7,5,7,0,83,4807.98,682.68,0,1
2025-09-29,North,Product C,Retail Partner,Enterprise,9336.26,22,6,5,6,0,88,5568.04,505.85,0,1
2025-09-29,North,Product C,Retail Partner,SMB,6159.34,14,5,4,5,0,58,3728.79,340.48,0,1
2025-09-29,South,Product A,Online,Enterprise,11706.47,41,12,9,12,0,217,6124.96,1144.12,1,2
2025-09-29,South,Product A,Online,SMB,7472.12,26,10,8,10,0,126,3936.77,749.74,0,1
2025-09-29,South,Product A,Retail Partner,Enterprise,9165.82,31,9,7,9,0,133,4681.66,506.25,1,1
2025-09-29,South,Product A,Retail Partner,SMB,5874.61,21,8,6,8,0,81,3184.4,325.22,0,1
2025-09-29,South,Product B,Online,Enterprise,6537.02,33,9,7,9,1,143,3906.68,491.48,1,1
2025-09-29,South,Product B,Online,SMB,4255.77,21,8,6,8,0,97,2511.86,372.0,0,1
2025-09-29,South,Product B,Retail Partner,Enterprise,4434.55,22,6,5,6,0,103,2574.18,228.03,0,1
2025-09-29,South,Product B,Retail Partner,SMB,2889.46,15,6,5,6,0,65,1720.82,137.34,0,1
2025-09-29,South,Product C,Online,Enterprise,9847.03,23,7,5,7,0,112,5986.61,795.74,1,1
2025-09-29,South,Product C,Online,SMB,7212.94,16,6,5,6,0,70,4269.97,734.69,1,1
2025-09-29,South,Product C,Retail Partner,Enterprise,7668.72,18,5,4,5,0,72,4590.52,407.14,0,1
2025-09-29,South,Product C,Retail Partner,SMB,5026.9,12,4,4,4,0,49,3063.3,269.09,0,1
2025-09-29,East,Product A,Online,Enterprise,10224.77,37,10,8,10,1,171,5583.93,1103.37,0,2
2025-09-29,East,Product A,Online,SMB,6614.72,23,9,7,9,0,103,3545.78,628.76,1,2
2025-09-29,East,Product A,Retail Partner,Enterprise,7482.13,26,8,6,8,0,123,4021.52,352.95,1,1
2025-09-29,East,Product A,Retail Partner,SMB,4871.09,17,7,5,7,0,88,2577.86,239.12,0,1
2025-09-29,East,Product B,Online,Enterprise,5357.72,27,8,6,8,1,120,3203.44,489.87,0,1
2025-09-29,East,Product B,Online,SMB,3585.43,18,7,6,7,1,80,2151.01,352.56,0,1
2025-09-29,East,Product B,Retail Partner,Enterprise,3699.65,19,5,4,5,0,99,2216.28,193.69,0,1
2025-09-29,East,Product B,Retail Partner,SMB,2726.73,13,5,4,5,0,56,1541.69,146.62,0,1
2025-09-29,East,Product C,Online,Enterprise,8725.57,20,6,4,6,0,86,5285.48,888.65,0,1
2025-09-29,East,Product C,Online,SMB,5483.93,13,5,4,5,0,62,3281.83,495.64,0,1
2025-09-29,East,Product C,Retail Partner,Enterprise,6219.46,14,4,3,4,0,64,3600.24,322.67,0,1
2025-09-29,East,Product C,Retail Partner,SMB,5027.8,12,4,4,4,0,42,2989.91,290.05,0,1
2025-09-29,West,Product A,Online,Enterprise,14726.93,52,15,12,15,1,241,7934.76,1564.64,1,2
2025-09-29,West,Product A,Online,SMB,9147.95,32,12,10,12,0,146,4864.59,823.69,0,2
2025-09-29,West,Product A,Retail Partner,Enterprise,8807.31,31,9,6,9,1,157,4733.06,541.94,0,1
2025-09-29,West,Product A,Retail Partner,SMB,6756.57,24,9,7,9,0,106,3672.18,368.73,1,2
2025-09-29,West,Product B,Online,Enterprise,7184.69,36,10,8,10,0,161,4318.14,716.75,1,1
2025-09-29,West,Product B,Online,SMB,4946.0,25,9,7,9,1,98,2916.66,432.72,1,1
2025-09-29,West,Product B,Retail Partner,Enterprise,5067.23,25,7,6,7,0,114,2975.3,281.34,1,1
2025-09-29,West,Product B,Retail Partner,SMB,3335.85,17,6,5,6,0,72,1946.25,180.5,1,1
2025-09-29,West,Product C,Online,Enterprise,11448.39,26,7,6,7,0,115,6894.22,975.31,1,1
2025-09-29,West,Product C,Online,SMB,8565.66,20,8,6,8,0,77,5162.92,725.31,0,1
2025-09-29,West,Product C,Retail Partner,Enterprise,8225.51,19,5,4,5,0,84,4804.75,401.1,0,1
2025-09-29,West,Product C,Retail Partner,SMB,5332.28,12,5,3,5,0,53,3103.35,279.32,0,0
2025-10-06,North,Product A,Online,Enterprise,15249.28,54,15,13,15,1,236,8134.22,1359.54,1,3
2025-10-06,North,Product A,Online,SMB,9969.43,35,14,11,14,0,147,5325.83,966.72,1,2
2025-10-06,North,Product A,Retail Partner,Enterprise,10648.93,37,11,8,11,1,165,5543.46,569.78,1,2
2025-10-06,North,Product A,Retail Partner,SMB,7684.99,27,10,8,10,1,107,4056.39,379.71,1,2
2025-10-06,North,Product B,Online,Enterprise,7969.42,39,11,8,11,0,173,4689.98,667.65,1,1
2025-10-06,North,Product B,Online,SMB,5170.68,26,10,8,10,1,107,3011.83,490.57,0,1
2025-10-06,North,Product B,Retail Partner,Enterprise,4904.6,25,7,5,7,0,116,2925.91,235.62,1,1
2025-10-06,North,Product B,Retail Partner,SMB,3357.59,17,6,5,6,0,80,1968.54,164.98,0,1
2025-10-06,North,Product C,Online,Enterprise,12593.58,29,8,6,8,0,125,7333.5,1094.72,0,1
2025-10-06,North,Product C,Online,SMB,7650.01,18,7,5,7,0,77,4550.83,700.48,0,1
2025-10-06,North,Product C,Retail Partner,Enterprise,8133.3,19,5,4,5,0,89,4829.99,420.71,0,1
2025-10-06,North,Product C,Retail Partner,SMB,6305.41,14,6,4,6,0,61,3717.38,353.93,0,1
2025-10-06,South,Product A,Online,Enterprise,11201.71,40,11,9,11,1,179,5985.59,1033.14,1,2
2025-10-06,South,Product A,Online,SMB,8158.58,28,11,9,11,0,127,4291.04,754.25,1,1
2025-10-06,South,Product A,Retail Partner,Enterprise,8128.07,29,8,6,8,0,141,4322.41,466.27,0,1
2025-10-06,South,Product A,Retail Partner,SMB,5907.53,21,8,6,8,0,96,3122.44,267.6,0,2
2025-10-06,South,Product B,Online,Enterprise,6316.85,32,9,7,9,1,144,3763.98,501.85,1,2
2025-10-06,South,Product B,Online,SMB,4004.23,20,8,6,8,0,94,2315.2,353.28,1,1
2025-10-06,South,Product B,Retail Partner,Enterprise,4529.52,23,6,5,6,0,95,2663.6,250.48,0,1
2025-10-06,South,Product B,Retail Partner,SMB,3307.26,16,6,5,6,0,60,1855.92,176.93,0,1
2025-10-06,South,Product C,Online,Enterprise,10436.78,24,7,6,7,0,95,6168.22,1104.34,0,1
2025-10-06,South,Product C,Online,SMB,6165.08,14,6,4,6,0,69,3731.61,612.41,0,1
2025-10-06,South,Product C,Retail Partner,Enterprise,7466.16,17,5,4,5,0,71,4404.75,379.49,0,1
2025-10-06,South,Product C,Retail Partner,SMB,4874.88,11,4,3,4,0,50,2879.5,291.54,0,1
2025-10-06,East,Product A,Online,Enterprise,9341.15,33,9,7,9,0,155,5104.06,886.65,1,1
2025-10-06,East,Product A,Online,SMB,6466.59,23,9,7,9,1,113,3388.69,580.67,1,1
2025-10-06,East,Product A,Retail Partner,Enterprise,7320.06,26,7,6,7,0,114,3917.34,369.52,1,1
2025-10-06,East,Product A,Retail Partner,SMB,5306.73,18,7,6,7,1,76,2787.89,259.34,1,1
2025-10-06,East,Product B,Online,Enterprise,5500.45,27,8,6,8,1,114,3213.66,547.38,1,1
2025-10-06,East,Product B,Online,SMB,3232.83,16,6,5,6,0,80,1889.66,308.36,0,1
2025-10-06,East,Product B,Retail Partner,Enterprise,3746.88,19,5,4,5,0,94,2225.29,159.32,0,1
2025-10-06,East,Product B,Retail Partner,SMB,2314.68,12,4,4,4,0,60,1376.23,114.37,0,1
2025-10-06,East,Product C,Online,Enterprise,8393.07,19,5,4,5,0,85,4899.33,790.05,0,1
2025-10-06,East,Product C,Online,SMB,6081.33,14,5,4,5,0,56,3566.8,521.79,0,1
2025-10-06,East,Product C,Retail Partner,Enterprise,6891.3,16,4,3,4,0,61,4031.79,358.14,0,1
2025-10-06,East,Product C,Retail Partner,SMB,4010.75,9,3,3,3,0,43,2330.94,184.6,0,0
2025-10-06,West,Product A,Online,Enterprise,13357.8,49,14,10,14,0,206,7295.05,1263.03,1,2
2025-10-06,West,Product A,Online,SMB,9380.71,33,13,9,13,0,143,4935.11,884.37,1,2
2025-10-06,West,Product A,Retail Partner,Enterprise,9049.19,32,9,7,9,1,150,4870.31,396.8,1,1
2025-10-06,West,Product A,Retail Partner,SMB,6035.78,21,8,6,8,0,105,3226.52,307.3,1,1
2025-10-06,West,Product B,Online,Enterprise,7247.05,37,11,8,11,0,150,4290.06,719.49,1,2
2025-10-06,West,Product B,Online,SMB,4863.53,24,9,7,9,1,107,2810.21,477.79,0,1
2025-10-06,West,Product B,Retail Partner,Enterprise,4868.67,24,7,5,7,0,115,2879.9,256.98,0,1
2025-10-06,West,Product B,Retail Partner,SMB,3324.42,17,6,5,6,0,73,1985.1,168.34,0,1
2025-10-06,West,Product C,Online,Enterprise,11377.5,25,7,6,7,0,113,6633.6,1025.85,0,1
2025-10-06,West,Product C,Online,SMB,7904.01,18,7,6,7,0,81,4745.97,700.77,0,1
2025-10-06,West,Product C,Retail Partner,Enterprise,8989.65,21,6,4,6,0,88,5351.44,444.37,0,1
2025-10-06,West,Product C,Retail Partner,SMB,5466.9,13,5,4,5,0,54,3308.79,261.09,0,1
2025-10-13,North,Product A,Online,Enterprise,15102.4,53,15,12,15,1,239,7985.81,1447.03,1,2
2025-10-13,North,Product A,Online,SMB,9867.64,35,13,10,13,0,152,5341.63,1009.01,1,2
2025-10-13,North,Product A,Retail Partner,Enterprise,9856.1,35,10,7,10,1,156,5168.04,415.68,0,1
2025-10-13,North,Product A,Retail Partner,SMB,7670.45,26,10,8,10,0,110,4003.24,412.09,1,1
2025-10-13,North,Product B,Online,Enterprise,7975.04,40,11,9,11,0,155,4730.83,623.41,1,2
2025-10-13,North,Product B,Online,SMB,5167.58,26,10,8,10,0,107,3064.04,439.64,1,2
2025-10-13,North,Product B,Retail Partner,Enterprise,5650.87,29,8,7,8,0,117,3376.27,317.46,0,1
2025-10-13,North,Product B,Retail Partner,SMB,3335.43,17,6,5,6,0,81,1955.69,201.88,0,1
2025-10-13,North,Product C,Online,Enterprise,11973.29,28,8,6,8,0,131,7205.14,1117.28,0,1
2025-10-13,North,Product C,Online,SMB,8341.97,19,7,6,7,0,76,5033.28,716.95,0,1
2025-10-13,North,Product C,Retail Partner,Enterprise,8960.63,21,6,5,6,0,84,5454.45,439.94,0,1
2025-10-13,North,Product C,Retail Partner,SMB,5671.49,13,5,4,5,0,60,3460.8,306.78,0,1
2025-10-13,South,Product A,Online,Enterprise,11218.06,39,11,8,11,0,186,5918.09,890.0,1,1
2025-10-13,South,Product A,Online,SMB,7197.61,26,10,8,10,1,117,3839.88,648.68,1,2
2025-10-13,South,Product A,Retail Partner,Enterprise,8035.8,29,8,6,8,0,139,4402.22,428.43,1,1
2025-10-13,South,Product A,Retail Partner,SMB,5587.74,19,7,6,7,0,79,2872.33,314.13,0,1
2025-10-13,South,Product B,Online,Enterprise,6272.39,31,9,7,9,0,135,3614.41,586.21,0,1
2025-10-13,South,Product B,Online,SMB,4266.81,22,8,7,8,0,90,2536.21,386.99,0,1
2025-10-13,South,Product B,Retail Partner,Enterprise,4428.21,22,6,5,6,0,94,2593.89,196.45,0,1
2025-10-13,South,Product B,Retail Partner,SMB,3031.48,15,6,5,6,0,66,1804.07,157.67,0,1
2025-10-13,South,Product C,Online,Enterprise,11579.53,26,7,6,7,0,95,6713.47,1165.81,0,1
2025-10-13,South,Product C,Online,SMB,6429.56,15,6,4,6,0,64,3904.03,588.27,0,1
2025-10-13,South,Product C,Retail Partner,Enterprise,7648.27,17,5,4,5,0,82,4449.89,426.49,0,1
2025-10-13,South,Product C,Retail Partner,SMB,5023.52,11,4,3,4,0,48,2948.35,274.64,0,1
2025-10-13,East,Product A,Online,Enterprise,9740.4,34,10,7,10,1,179,5201.06,1065.37,1,1
2025-10-13,East,Product A,Online,SMB,7241.9,26,10,8,10,1,113,3925.32,700.54,1,1
2025-10-13,East,Product A,Retail Partner,Enterprise,7515.51,26,8,6,8,0,111,3963.11,418.04,1,1
2025-10-13,East,Product A,Retail Partner,SMB,4541.97,16,6,5,6,0,78,2457.48,255.23,0,1
2025-10-13,East,Product B,Online,Enterprise,5333.47,27,8,6,8,0,112,3277.6,482.01,0,1
2025-10-13,East,Product B,Online,SMB,3534.18,18,7,5,7,1,71,2090.51,367.29,0,1
2025-10-13,East,Product B,Retail Partner,Enterprise,3366.49,17,5,4,5,0,82,1977.05,177.62,0,0
2025-10-13,East,Product B,Retail Partner,SMB,2523.19,13,5,4,5,0,56,1495.01,112.72,0,1
2025-10-13,East,Product C,Online,Enterprise,8789.4,20,6,4,6,0,87,5216.62,822.85,0,1
2025-10-13,East,Product C,Online,SMB,5480.16,12,5,4,5,0,57,3260.69,514.61,0,1
2025-10-13,East,Product C,Retail Partner,Enterprise,5654.14,13,4,3,4,0,67,3331.5,302.29,0,1
2025-10-13,East,Product C,Retail Partner,SMB,3932.81,9,4,3,4,0,42,2385.38,210.21,0,0
2025-10-13,West,Product A,Online,Enterprise,15438.81,54,15,12,15,1,195,8010.97,1495.8,1,2
2025-10-13,West,Product A,Online,SMB,8881.79,31,12,9,12,1,134,4556.12,778.49,1,2
2025-10-13,West,Product A,Retail Partner,Enterprise,9588.36,34,10,8,10,1,144,5043.4,513.03,1,1
2025-10-13,West,Product A,Retail Partner,SMB,6230.73,22,9,7,9,0,102,3389.18,363.03,0,1
2025-10-13,West,Product B,Online,Enterprise,6607.37,34,10,7,10,1,157,3986.24,615.7,1,2
2025-10-13,West,Product B,Online,SMB,4514.36,22,9,7,9,0,101,2606.29,396.97,1,2
2025-10-13,West,Product B,Retail Partner,Enterprise,5087.37,26,7,6,7,0,114,3026.65,220.9,0,1
2025-10-13,West,Product B,Retail Partner,SMB,3412.16,17,7,5,7,0,72,2028.38,173.04,0,1
2025-10-13,West,Product C,Online,Enterprise,11689.06,27,8,6,8,0,120,6967.45,1049.49,1,1
2025-10-13,West,Product C,Online,SMB,7552.47,17,7,5,7,0,75,4456.96,809.27,0,1
2025-10-13,West,Product C,Retail Partner,Enterprise,8326.09,19,5,4,5,0,88,4968.81,484.08,0,1
2025-10-13,West,Product C,Retail Partner,SMB,5747.36,13,5,4,5,0,54,3323.18,285.45,0,1
2025-10-20,North,Product A,Online,Enterprise,14195.06,50,14,11,14,1,238,7374.35,1290.81,1,3
2025-10-20,North,Product A,Online,SMB,9232.33,32,12,10,12,0,154,4849.21,884.16,1,2
2025-10-20,North,Product A,Retail Partner,Enterprise,10611.5,38,11,8,11,1,164,5651.3,595.96,1,1
2025-10-20,North,Product A,Retail Partner,SMB,6775.1,23,9,7,9,0,103,3502.67,347.62,0,1
2025-10-20,North,Product B,Online,Enterprise,7961.39,40,11,9,11,1,166,4721.43,761.33,1,2
2025-10-20,North,Product B,Online,SMB,4815.5,24,9,8,9,0,110,2863.67,421.78,1,1
2025-10-20,North,Product B,Retail Partner,Enterprise,5383.79,26,8,6,8,0,130,3141.85,314.77,0,1
2025-10-20,North,Product B,Retail Partner,SMB,3887.87,19,7,6,7,0,80,2227.3,210.04,0,1
2025-10-20,North,Product C,Online,Enterprise,11355.07,26,7,6,7,0,134,6609.44,950.84,0,1
2025-10-20,North,Product C,Online,SMB,7326.59,17,7,5,7,0,89,4412.58,743.11,0,1
2025-10-20,North,Product C,Retail Partner,Enterprise,9038.25,21,6,5,6,0,95,5438.04,400.28,0,1
2025-10-20,North,Product C,Retail Partner,SMB,5711.66,13,5,4,5,0,56,3382.89,289.51,0,1
2025-10-20,South,Product A,Online,Enterprise,11369.58,41,12,9,12,0,180,6137.25,1071.75,1,3
2025-10-20,South,Product A,Online,SMB,7036.24,25,10,7,10,0,121,3770.8,666.95,0,1
2025-10-20,South,Product A,Retail Partner,Enterprise,9167.93,32,9,7,9,1,135,4917.19,456.66,1,1
2025-10-20,South,Product A,Retail Partner,SMB,5457.61,19,7,6,7,0,86,2919.99,327.08,0,1
2025-10-20,South,Product B,Online,Enterprise,5932.19,30,9,7,9,0,161,3618.25,626.04,1,2
2025-10-20,South,Product B,Online,SMB,4541.36,22,9,6,9,0,95,2610.62,430.91,1,1
2025-10-20,South,Product B,Retail Partner,Enterprise,4180.51,21,6,4,6,0,99,2411.84,215.52,0,1
2025-10-20,South,Product B,Retail Partner,SMB,3002.74,15,6,4,6,0,65,1736.44,150.77,0,1
2025-10-20,South,Product C,Online,Enterprise,10444.93,24,7,6,7,0,101,6238.13,1103.48,1,1
2025-10-20,South,Product C,Online,SMB,6925.03,16,6,5,6,0,68,4183.9,642.83,0,1
2025-10-20,South,Product C,Retail Partner,Enterprise,7343.57,17,5,4,5,0,73,4332.04,431.15,0,1
2025-10-20,South,Product C,Retail Partner,SMB,4745.18,11,4,3,4,0,48,2834.08,293.28,0,1
2025-10-20,East,Product A,Online,Enterprise,10094.05,35,10,8,10,0,165,5307.15,950.2,1,2
2025-10-20,East,Product A,Online,SMB,6448.45,23,9,7,9,0,107,3369.97,597.54,1,2
2025-10-20,East,Product A,Retail Partner,Enterprise,7528.5,26,8,6,8,0,111,4028.99,328.33,0,1
2025-10-20,East,Product A,Retail Partner,SMB,5297.93,19,7,6,7,0,71,2805.41,286.05,0,1
2025-10-20,East,Product B,Online,Enterprise,5024.11,25,7,5,7,0,113,2886.79,456.22,0,1
2025-10-20,East,Product B,Online,SMB,3632.79,18,7,5,7,0,77,2146.24,293.7,0,1
2025-10-20,East,Product B,Retail Partner,Enterprise,3882.32,19,5,4,5,0,88,2268.06,204.82,0,1
2025-10-20,East,Product B,Retail Partner,SMB,2573.09,13,5,4,5,0,59,1483.08,131.99,0,1
2025-10-20,East,Product C,Online,Enterprise,9121.09,21,6,5,6,0,85,5413.85,862.38,0,1
2025-10-20,East,Product C,Online,SMB,6252.78,14,5,4,5,0,61,3661.01,697.89,0,1
2025-10-20,East,Product C,Retail Partner,Enterprise,5742.96,13,4,3,4,0,60,3429.93,276.28,0,1
2025-10-20,East,Product C,Retail Partner,SMB,4139.11,10,4,3,4,0,39,2488.85,225.16,0,1
2025-10-20,West,Product A,Online,Enterprise,12430.75,44,12,10,12,0,218,6619.09,961.31,1,2
2025-10-20,West,Product A,Online,SMB,9114.92,32,12,9,12,1,140,4751.67,919.83,1,1
2025-10-20,West,Product A,Retail Partner,Enterprise,9833.12,35,10,8,10,0,146,5169.79,441.51,1,1
2025-10-20,West,Product A,Retail Partner,SMB,6034.97,21,8,6,8,1,102,3208.53,347.33,1,1
2025-10-20,West,Product B,Online,Enterprise,7321.55,36,10,8,10,1,149,4362.41,679.74,1,1
2025-10-20,West,Product B,Online,SMB,5032.15,24,9,7,9,1,101,2891.82,502.5,1,1
2025-10-20,West,Product B,Retail Partner,Enterprise,5730.16,28,8,6,8,0,113,3412.6,271.49,1,1
2025-10-20,West,Product B,Retail Partner,SMB,3692.18,18,7,5,7,0,80,2141.34,206.75,0,1
2025-10-20,West,Product C,Online,Enterprise,11345.4,25,7,5,7,0,118,6609.27,1091.01,1,1
2025-10-20,West,Product C,Online,SMB,7504.82,17,7,5,7,0,70,4474.33,695.94,0,1
2025-10-20,West,Product C,Retail Partner,Enterprise,7679.67,18,5,4,5,0,84,4574.29,443.87,0,1
2025-10-20,West,Product C,Retail Partner,SMB,5548.35,13,5,4,5,0,49,3284.53,302.54,0,1
2025-10-27,North,Product A,Online,Enterprise,13878.63,48,14,11,14,0,218,7228.27,1154.73,1,2
2025-10-27,North,Product A,Online,SMB,9607.21,34,13,10,13,0,143,5148.24,784.17,1,2
2025-10-27,North,Product A,Retail Partner,Enterprise,9911.14,35,10,8,10,1,151,5274.14,573.91,1,1
2025-10-27,North,Product A,Retail Partner,SMB,7112.75,25,10,8,10,0,103,3764.31,335.41,0,1
2025-10-27,North,Product B,Online,Enterprise,7953.48,41,12,9,12,0,174,4722.11,744.4,1,2
2025-10-27,North,Product B,Online,SMB,4886.91,24,9,7,9,0,108,2833.28,469.68,0,1
2025-10-27,North,Product B,Retail Partner,Enterprise,5614.52,28,8,6,8,1,117,3360.38,309.56,1,1
2025-10-27,North,Product B,Retail Partner,SMB,3516.86,18,7,5,7,0,80,2069.86,173.31,1,1
2025-10-27,North,Product C,Online,Enterprise,11838.59,27,8,6,8,0,126,7034.31,1102.07,0,1
2025-10-27,North,Product C,Online,SMB,8441.57,19,7,6,7,0,81,5078.29,781.84,1,1
2025-10-27,North,Product C,Retail Partner,Enterprise,8647.51,19,6,4,6,0,92,4992.34,456.43,0,1
2025-10-27,North,Product C,Retail Partner,SMB,5715.78,13,5,4,5,0,57,3463.13,343.41,0,1
2025-10-27,South,Product A,Online,Enterprise,11508.77,41,12,9,12,1,180,6139.31,1041.91,1,1
2025-10-27,South,Product A,Online,SMB,7667.51,27,10,8,10,0,125,3982.04,698.83,1,1
2025-10-27,South,Product A,Retail Partner,Enterprise,8823.58,31,9,7,9,0,142,4747.86,526.9,1,1
2025-10-27,South,Product A,Retail Partner,SMB,5233.75,19,7,6,7,0,89,2829.54,267.22,0,1
2025-10-27,South,Product B,Online,Enterprise,5417.03,28,8,6,8,0,134,3311.24,464.72,1,1
2025-10-27,South,Product B,Online,SMB,3812.71,19,7,6,7,0,88,2289.87,358.6,1,1
2025-10-27,South,Product B,Retail Partner,Enterprise,4591.46,23,7,5,7,0,99,2695.77,282.05,0,1
2025-10-27,South,Product B,Retail Partner,SMB,2988.95,15,6,4,6,0,65,1719.49,136.89,0,1
2025-10-27,South,Product C,Online,Enterprise,9698.04,22,6,5,6,0,101,5583.38,857.23,0,1
2025-10-27,South,Product C,Online,SMB,6338.46,15,6,5,6,0,67,3838.35,589.29,0,1
2025-10-27,South,Product C,Retail Partner,Enterprise,7447.36,17,5,4,5,0,71,4425.89,411.74,0,1
2025-10-27,South,Product C,Retail Partner,SMB,5360.13,12,5,4,5,0,46,3161.17,318.08,0,1
2025-10-27,East,Product A,Online,Enterprise,9452.61,33,9,8,9,0,163,4898.5,847.9,1,1
2025-10-27,East,Product A,Online,SMB,6658.8,24,9,7,9,0,109,3547.63,611.02,0,1
2025-10-27,East,Product A,Retail Partner,Enterprise,7277.77,26,7,6,7,0,111,3952.46,417.95,0,1
2025-10-27,East,Product A,Retail Partner,SMB,4839.64,17,7,5,7,0,76,2567.82,237.15,0,1
2025-10-27,East,Product B,Online,Enterprise,4914.96,25,7,6,7,0,127,2909.0,498.29,1,1
2025-10-27,East,Product B,Online,SMB,3715.33,18,7,5,7,0,78,2181.62,372.3,1,1
2025-10-27,East,Product B,Retail Partner,Enterprise,3341.32,17,5,4,5,0,83,1957.81,147.74,0,1
2025-10-27,East,Product B,Retail Partner,SMB,2571.03,13,5,4,5,0,54,1516.14,144.49,0,1
2025-10-27,East,Product C,Online,Enterprise,9024.27,21,6,5,6,0,84,5442.9,745.69,0,1
2025-10-27,East,Product C,Online,SMB,5914.39,14,5,4,5,0,56,3569.87,621.28,0,1
2025-10-27,East,Product C,Retail Partner,Enterprise,6148.69,14,4,3,4,0,57,3611.89,311.86,0,1
2025-10-27,East,Product C,Retail Partner,SMB,4235.23,10,4,3,4,0,41,2416.86,210.06,0,0
2025-10-27,West,Product A,Online,Enterprise,11773.04,42,12,9,12,0,210,6264.67,1014.98,1,2
2025-10-27,West,Product A,Online,SMB,9362.19,32,12,10,12,1,148,4843.37,861.59,1,1
2025-10-27,West,Product A,Retail Partner,Enterprise,10254.66,36,10,8,10,1,155,5476.68,488.24,1,2
2025-10-27,West,Product A,Retail Partner,SMB,6127.79,22,8,7,8,0,99,3285.04,285.06,1,1
2025-10-27,West,Product B,Online,Enterprise,7550.28,37,10,8,10,1,157,4402.88,716.37,1,2
2025-10-27,West,Product B,Online,SMB,4639.58,23,9,7,9,0,98,2717.7,451.26,1,1
2025-10-27,West,Product B,Retail Partner,Enterprise,4941.36,24,7,5,7,0,116,2869.75,279.01,0,1
2025-10-27,West,Product B,Retail Partner,SMB,3344.03,17,6,5,6,0,78,1991.06,150.11,0,1
2025-10-27,West,Product C,Online,Enterprise,11533.47,27,8,6,8,0,124,7038.21,978.09,1,1
2025-10-27,West,Product C,Online,SMB,7792.03,18,7,5,7,0,75,4509.86,674.36,1,1
2025-10-27,West,Product C,Retail Partner,Enterprise,7497.82,17,5,4,5,0,81,4384.46,397.01,0,1
2025-10-27,West,Product C,Retail Partner,SMB,5186.5,12,5,4,5,0,53,3063.26,274.45,0,1
2025-11-03,North,Product A,Online,Enterprise,14572.45,51,15,11,15,0,198,7841.02,1384.39,1,2
2025-11-03,North,Product A,Online,SMB,10604.39,37,14,11,14,1,149,5570.51,935.61,1,2
2025-11-03,North,Product A,Retail Partner,Enterprise,10557.66,37,10,8,10,0,170,5562.14,589.49,1,2
2025-11-03,North,Product A,Retail Partner,SMB,6745.31,24,9,7,9,0,114,3560.23,339.05,1,1
2025-11-03,North,Product B,Online,Enterprise,7803.61,40,11,9,11,1,152,4746.59,682.2,1,1
2025-11-03,North,Product B,Online,SMB,5407.11,27,10,8,10,0,105,3208.93,502.76,1,1
2025-11-03,North,Product B,Retail Partner,Enterprise,5177.46,26,7,6,7,0,116,3085.59,260.05,0,1
2025-11-03,North,Product B,Retail Partner,SMB,3488.95,17,7,5,7,0,83,2030.12,175.8,0,1
2025-11-03,North,Product C,Online,Enterprise,11555.8,27,8,6,8,0,115,6991.89,1015.66,1,1
2025-11-03,North,Product C,Online,SMB,8139.49,19,7,6,7,0,83,4830.71,788.15,0,1
2025-11-03,North,Product C,Retail Partner,Enterprise,8188.08,19,5,4,5,0,90,4802.35,418.59,0,1
2025-11-03,North,Product C,Retail Partner,SMB,5377.99,12,5,4,5,0,64,3198.28,255.85,0,1
2025-11-03,South,Product A,Online,Enterprise,11887.4,42,12,9,12,1,181,6337.93,1191.78,1,2
2025-11-03,South,Product A,Online,SMB,7394.58,26,10,8,10,1,116,4032.42,750.47,1,1
2025-11-03,South,Product A,Retail Partner,Enterprise,8298.49,30,8,7,8,0,129,4494.57,441.76,1,1
2025-11-03,South,Product A,Retail Partner,SMB,5883.65,21,8,6,8,0,86,3101.47,348.45,0,1
2025-11-03,South,Product B,Online,Enterprise,5938.31,30,9,7,9,0,137,3596.18,524.2,0,1
2025-11-03,South,Product B,Online,SMB,4184.72,21,8,7,8,0,92,2468.21,398.48,0,1
2025-11-03,South,Product B,Retail Partner,Enterprise,4255.93,21,6,5,6,0,102,2531.04,202.3,0,1
2025-11-03,South,Product B,Retail Partner,SMB,2677.56,13,5,4,5,0,60,1563.91,164.93,0,1
2025-11-03,South,Product C,Online,Enterprise,10640.31,24,7,5,7,0,105,6298.68,1015.26,0,1
2025-11-03,South,Product C,Online,SMB,7448.88,17,6,5,6,0,72,4277.68,763.56,1,1
2025-11-03,South,Product C,Retail Partner,Enterprise,6840.65,16,4,4,4,0,70,4106.67,339.33,0,0
2025-11-03,South,Product C,Retail Partner,SMB,4569.34,11,4,3,4,0,53,2772.5,244.28,0,1
2025-11-03,East,Product A,Online,Enterprise,9526.72,34,10,7,10,0,162,5160.25,956.7,1,1
2025-11-03,East,Product A,Online,SMB,6997.46,25,10,8,10,1,108,3770.61,708.49,1,1
2025-11-03,East,Product A,Retail Partner,Enterprise,7124.43,25,7,6,7,0,114,3826.26,357.13,1,1
2025-11-03,East,Product A,Retail Partner,SMB,4545.23,16,6,5,6,0,75,2378.33,277.04,0,1
2025-11-03,East,Product B,Online,Enterprise,5290.81,27,8,6,8,0,126,3124.17,479.27,1,1
2025-11-03,East,Product B,Online,SMB,3379.94,17,6,5,6,0,79,1932.15,316.8,1,1
2025-11-03,East,Product B,Retail Partner,Enterprise,3730.69,19,5,4,5,0,81,2189.63,227.57,0,1
2025-11-03,East,Product B,Retail Partner,SMB,2600.52,13,5,4,5,0,57,1536.65,136.49,0,1
2025-11-03,East,Product C,Online,Enterprise,8955.3,21,6,5,6,0,82,5505.45,915.19,0,1
2025-11-03,East,Product C,Online,SMB,5843.58,13,5,4,5,0,53,3427.33,613.8,0,1
2025-11-03,East,Product C,Retail Partner,Enterprise,6349.62,15,4,3,4,0,65,3739.22,340.05,0,1
2025-11-03,East,Product C,Retail Partner,SMB,4076.18,9,3,3,3,0,47,2367.76,216.97,0,0
2025-11-03,West,Product A,Online,Enterprise,11467.28,40,12,8,12,1,213,6101.79,1160.75,1,2
2025-11-03,West,Product A,Online,SMB,9330.27,33,13,9,13,1,139,4874.36,875.24,1,2
2025-11-03,West,Product A,Retail Partner,Enterprise,10469.32,37,11,8,11,1,134,5655.42,577.35,0,2
2025-11-03,West,Product A,Retail Partner,SMB,5976.64,21,8,6,8,0,107,3105.59,296.72,0,1
2025-11-03,West,Product B,Online,Enterprise,6962.94,35,10,8,10,1,155,4151.1,613.98,1,2
2025-11-03,West,Product B,Online,SMB,4285.32,22,8,7,8,1,113,2551.43,394.08,0,1
2025-11-03,West,Product B,Retail Partner,Enterprise,4604.56,23,7,5,7,0,110,2758.36,277.97,0,1
2025-11-03,West,Product B,Retail Partner,SMB,3449.64,17,6,5,6,0,72,1979.98,190.52,0,1
2025-11-03,West,Product C,Online,Enterprise,10587.26,25,7,6,7,0,107,6339.31,932.57,0,1
2025-11-03,West,Product C,Online,SMB,7557.59,17,7,5,7,0,79,4454.1,657.34,0,1
2025-11-03,West,Product C,Retail Partner,Enterprise,8284.02,19,5,4,5,0,78,4931.87,403.11,0,1
2025-11-03,West,Product C,Retail Partner,SMB,5931.3,14,5,4,5,0,54,3588.14,329.57,0,1
2025-11-10,North,Product A,Online,Enterprise,13868.3,49,14,11,14,0,197,7328.45,1535.32,1,2
2025-11-10,North,Product A,Online,SMB,9376.72,33,13,10,13,1,157,4985.46,918.33,1,2
2025-11-10,North,Product A,Retail Partner,Enterprise,10888.12,37,11,9,11,0,158,5651.02,677.64,1,2
2025-11-10,North,Product A,Retail Partner,SMB,6461.93,23,9,7,9,0,105,3517.07,349.91,0,1
2025-11-10,North,Product B,Online,Enterprise,7274.2,37,10,8,10,1,160,4394.26,656.77,1,2
2025-11-10,North,Product B,Online,SMB,5149.32,25,10,8,10,0,107,2910.0,504.95,1,1
2025-11-10,North,Product B,Retail Partner,Enterprise,5646.5,28,8,6,8,1,124,3326.58,305.5,1,1
2025-11-10,North,Product B,Retail Partner,SMB,3807.66,19,7,6,7,1,75,2245.84,208.68,1,1
2025-11-10,North,Product C,Online,Enterprise,12897.65,30,9,7,9,0,123,7758.14,1245.82,1,1
2025-11-10,North,Product C,Online,SMB,8281.35,19,7,6,7,0,82,5086.5,812.83,0,1
2025-11-10,North,Product C,Retail Partner,Enterprise,8205.12,19,5,4,5,0,96,4916.78,430.41,0,1
2025-11-10,North,Product C,Retail Partner,SMB,5274.72,12,5,3,5,0,60,3148.01,276.52,0,1
2025-11-10,South,Product A,Online,Enterprise,13087.53,46,13,10,13,1,174,7198.58,1051.51,1,2
2025-11-10,South,Product A,Online,SMB,8157.37,28,11,8,11,0,120,4342.75,699.24,1,2
2025-11-10,South,Product A,Retail Partner,Enterprise,9125.15,32,9,7,9,0,132,4720.93,468.93,1,1
2025-11-10,South,Product A,Retail Partner,SMB,5595.12,20,8,6,8,0,87,2962.91,297.45,0,1
2025-11-10,South,Product B,Online,Enterprise,6649.24,34,10,7,10,0,123,3991.28,608.57,1,2
2025-11-10,South,Product B,Online,SMB,4064.37,21,8,6,8,0,87,2438.61,404.81,1,1
2025-11-10,South,Product B,Retail Partner,Enterprise,4562.3,23,7,5,7,0,94,2699.94,260.71,0,1
2025-11-10,South,Product B,Retail Partner,SMB,2955.3,15,6,5,6,0,58,1742.37,164.51,0,1
2025-11-10,South,Product C,Online,Enterprise,9989.49,23,7,5,7,0,94,5925.61,905.61,0,1
2025-11-10,South,Product C,Online,SMB,7043.17,16,6,5,6,0,70,4181.78,635.7,0,1
2025-11-10,South,Product C,Retail Partner,Enterprise,6866.85,16,4,3,4,0,72,4074.13,358.76,0,1
2025-11-10,South,Product C,Retail Partner,SMB,4535.41,10,4,3,4,0,50,2725.35,237.41,0,1
2025-11-10,East,Product A,Online,Enterprise,10322.84,37,11,8,11,1,161,5576.8,780.53,1,2
2025-11-10,East,Product A,Online,SMB,6668.9,23,9,7,9,0,101,3518.48,538.03,1,1
2025-11-10,East,Product A,Retail Partner,Enterprise,8164.0,28,8,6,8,0,117,4359.41,399.22,0,1
2025-11-10,East,Product A,Retail Partner,SMB,4360.9,16,6,4,6,0,71,2355.47,189.03,0,1
2025-11-10,East,Product B,Online,Enterprise,5492.44,27,8,6,8,0,127,3173.28,476.18,1,1
2025-11-10,East,Product B,Online,SMB,3505.95,18,7,5,7,0,74,2026.05,334.52,0,1
2025-11-10,East,Product B,Retail Partner,Enterprise,4012.62,20,6,4,6,0,85,2329.35,235.61,0,1
2025-11-10,East,Product B,Retail Partner,SMB,2548.38,13,5,4,5,0,57,1507.87,134.12,0,1
2025-11-10,East,Product C,Online,Enterprise,10123.91,24,7,5,7,0,83,5986.16,928.38,0,1
2025-11-10,East,Product C,Online,SMB,6109.07,14,5,4,5,0,59,3660.55,597.13,0,1
2025-11-10,East,Product C,Retail Partner,Enterprise,6899.05,15,4,3,4,0,65,4030.94,331.37,0,1
2025-11-10,East,Product C,Retail Partner,SMB,4283.05,10,4,3,4,0,42,2550.51,257.83,0,0
2025-11-10,West,Product A,Online,Enterprise,12824.44,45,13,10,13,1,218,6847.16,1466.26,1,2
2025-11-10,West,Product A,Online,SMB,8524.7,30,12,9,12,1,133,4650.18,761.63,1,1
2025-11-10,West,Product A,Retail Partner,Enterprise,10538.37,37,11,9,11,0,134,5648.76,672.71,1,2
2025-11-10,West,Product A,Retail Partner,SMB,6737.44,24,9,7,9,0,100,3611.02,366.28,1,1
2025-11-10,West,Product B,Online,Enterprise,7381.76,37,11,8,11,0,154,4424.53,719.1,1,1
2025-11-10,West,Product B,Online,SMB,4790.1,24,9,7,9,1,99,2804.06,469.8,0,1
2025-11-10,West,Product B,Retail Partner,Enterprise,4717.07,23,7,5,7,0,122,2750.89,238.83,0,1
2025-11-10,West,Product B,Retail Partner,SMB,3643.95,18,7,6,7,0,64,2186.22,224.59,0,1
2025-11-10,West,Product C,Online,Enterprise,11069.79,26,7,6,7,0,116,6622.01,1100.54,1,1
2025-11-10,West,Product C,Online,SMB,7813.09,18,7,5,7,0,74,4647.13,821.2,0,1
2025-11-10,West,Product C,Retail Partner,Enterprise,8203.67,19,5,4,5,0,88,4894.55,425.7,0,1
2025-11-10,West,Product C,Retail Partner,SMB,5420.11,12,5,4,5,0,54,3133.27,287.04,0,1
2025-11-17,North,Product A,Online,Enterprise,14152.23,49,14,11,14,1,213,7359.57,1346.21,1,2
2025-11-17,North,Product A,Online,SMB,9753.32,34,13,10,13,1,152,5118.61,861.69,1,2
2025-11-17,North,Product A,Retail Partner,Enterprise,10541.55,38,11,9,11,1,156,5623.01,520.29,1,2
2025-11-17,North,Product A,Retail Partner,SMB,6827.81,24,9,7,9,0,113,3596.67,344.83,1,1
2025-11-17,North,Product B,Online,Enterprise,7138.41,35,10,8,10,0,160,4189.01,632.76,1,2
2025-11-17,North,Product B,Online,SMB,4612.26,23,9,7,9,0,111,2709.86,479.15,0,1
2025-11-17,North,Product B,Retail Partner,Enterprise,5373.4,27,8,6,8,1,118,3198.62,276.65,0,1
2025-11-17,North,Product B,Retail Partner,SMB,3099.99,15,6,5,6,0,77,1805.34,164.8,0,1
2025-11-17,North,Product C,Online,Enterprise,12700.51,29,8,7,8,1,129,7402.97,1135.89,1,1
2025-11-17,North,Product C,Online,SMB,7784.14,18,7,6,7,0,85,4717.43,814.43,0,1
2025-11-17,North,Product C,Retail Partner,Enterprise,9181.13,21,6,5,6,0,86,5418.61,469.88,0,1
2025-11-17,North,Product C,Retail Partner,SMB,5919.61,14,5,4,5,0,55,3451.71,289.61,0,1
2025-11-17,South,Product A,Online,Enterprise,12670.09,45,13,10,13,1,179,6902.61,1174.32,1,2
2025-11-17,South,Product A,Online,SMB,7370.73,27,10,8,10,1,119,4067.93,703.87,1,2
2025-11-17,South,Product A,Retail Partner,Enterprise,8682.73,31,9,7,9,0,132,4684.09,487.53,1,2
2025-11-17,South,Product A,Retail Partner,SMB,5560.92,20,8,6,8,0,89,2994.22,298.14,0,1
2025-11-17,South,Product B,Online,Enterprise,5865.24,29,8,7,8,0,124,3408.42,488.75,1,2
2025-11-17,South,Product B,Online,SMB,3488.83,18,7,5,7,0,88,2071.83,317.55,0,1
2025-11-17,South,Product B,Retail Partner,Enterprise,4654.06,23,7,5,7,0,98,2707.31,228.98,0,1
2025-11-17,South,Product B,Retail Partner,SMB,2686.77,13,5,4,5,0,62,1583.31,143.45,0,1
2025-11-17,South,Product C,Online,Enterprise,9497.91,22,6,5,6,0,101,5539.73,850.16,0,1
2025-11-17,South,Product C,Online,SMB,6533.54,15,6,4,6,0,62,3895.42,659.82,0,1
2025-11-17,South,Product C,Retail Partner,Enterprise,7119.17,16,5,4,5,0,73,4119.03,402.52,0,1
2025-11-17,South,Product C,Retail Partner,SMB,4917.83,12,4,3,4,0,48,3030.45,231.14,0,1
2025-11-17,East,Product A,Online,Enterprise,10137.61,35,10,8,10,0,156,5208.71,863.72,1,1
2025-11-17,East,Product A,Online,SMB,6468.13,23,9,7,9,0,104,3496.46,573.73,0,1
2025-11-17,East,Product A,Retail Partner,Enterprise,7379.08,26,7,6,7,0,120,3936.06,418.66,1,1
2025-11-17,East,Product A,Retail Partner,SMB,4915.07,17,7,5,7,1,70,2591.89,240.88,0,1
2025-11-17,East,Product B,Online,Enterprise,5472.21,27,8,6,8,0,122,3187.43,483.38,1,1
2025-11-17,East,Product B,Online,SMB,3498.43,18,7,5,7,0,77,2098.15,333.31,1,1
2025-11-17,East,Product B,Retail Partner,Enterprise,4111.18,20,6,4,6,0,83,2383.04,199.77,0,1
2025-11-17,East,Product B,Retail Partner,SMB,2544.46,13,5,4,5,0,55,1510.19,128.72,0,0
2025-11-17,East,Product C,Online,Enterprise,8272.32,19,6,4,6,0,84,5050.71,758.04,0,1
2025-11-17,East,Product C,Online,SMB,5290.99,12,5,4,5,0,58,3147.9,439.62,0,1
2025-11-17,East,Product C,Retail Partner,Enterprise,6248.83,14,4,3,4,0,57,3773.56,332.47,0,1
2025-11-17,East,Product C,Retail Partner,SMB,3818.94,9,3,3,3,0,45,2304.92,214.5,0,0
2025-11-17,West,Product A,Online,Enterprise,13611.82,49,14,10,14,1,205,7274.06,1132.84,1,2
2025-11-17,West,Product A,Online,SMB,9512.62,33,13,10,13,1,135,4979.86,806.86,1,2
2025-11-17,West,Product A,Retail Partner,Enterprise,9618.34,34,10,8,10,0,149,5120.77,415.02,1,1
2025-11-17,West,Product A,Retail Partner,SMB,6448.06,23,9,7,9,0,103,3421.62,328.68,1,1
2025-11-17,West,Product B,Online,Enterprise,6597.18,33,9,7,9,0,156,3866.76,668.76,0,1
2025-11-17,West,Product B,Online,SMB,4607.06,23,9,7,9,0,104,2690.41,425.49,1,1
2025-11-17,West,Product B,Retail Partner,Enterprise,5027.94,25,7,6,7,0,107,2940.73,299.58,0,1
2025-11-17,West,Product B,Retail Partner,SMB,3244.56,16,6,5,6,0,76,1893.85,165.63,1,1
2025-11-17,West,Product C,Online,Enterprise,11768.12,27,8,6,8,0,118,6918.12,1256.32,1,1
2025-11-17,West,Product C,Online,SMB,7519.61,17,7,5,7,0,70,4532.9,707.53,0,1
2025-11-17,West,Product C,Retail Partner,Enterprise,8891.16,20,6,4,6,0,81,5295.58,428.01,0,1
2025-11-17,West,Product C,Retail Partner,SMB,5514.71,12,5,4,5,0,55,3248.35,252.29,0,1
2025-11-24,North,Product A,Online,Enterprise,13853.23,49,14,11,14,1,224,7398.14,1325.64,1,2
2025-11-24,North,Product A,Online,SMB,9484.87,33,13,10,13,0,149,5040.37,904.41,1,2
2025-11-24,North,Product A,Retail Partner,Enterprise,9961.53,35,10,8,10,0,149,5164.02,575.87,1,2
2025-11-24,North,Product A,Retail Partner,SMB,6824.05,24,9,7,9,0,94,3584.71,364.0,0,2
2025-11-24,North,Product B,Online,Enterprise,7738.41,39,11,8,11,1,174,4557.86,796.22,1,2
2025-11-24,North,Product B,Online,SMB,4835.13,24,9,8,9,0,119,2795.15,464.6,1,1
2025-11-24,North,Product B,Retail Partner,Enterprise,5153.63,26,7,6,7,0,122,3044.23,247.87,1,1
2025-11-24,North,Product B,Retail Partner,SMB,4070.17,20,8,6,8,0,78,2434.02,237.07,0,1
2025-11-24,North,Product C,Online,Enterprise,12439.93,28,8,6,8,0,133,7433.8,1063.73,1,1
2025-11-24,North,Product C,Online,SMB,8160.69,19,7,6,7,0,88,4945.16,706.55,0,1
2025-11-24,North,Product C,Retail Partner,Enterprise,8519.89,20,6,4,6,0,83,5044.77,487.44,0,1
2025-11-24,North,Product C,Retail Partner,SMB,5854.05,14,5,4,5,0,63,3519.14,295.63,0,1
2025-11-24,South,Product A,Online,Enterprise,11262.09,39,11,8,11,0,194,5923.99,992.73,1,2
2025-11-24,South,Product A,Online,SMB,8168.74,29,11,8,11,1,120,4300.65,843.18,1,2
2025-11-24,South,Product A,Retail Partner,Enterprise,8698.97,31,9,7,9,0,136,4638.23,461.17,0,1
2025-11-24,South,Product A,Retail Partner,SMB,5817.39,20,8,6,8,0,85,3076.89,321.28,0,1
2025-11-24,South,Product B,Online,Enterprise,5767.18,29,8,6,8,0,120,3387.34,580.38,1,1
2025-11-24,South,Product B,Online,SMB,3914.79,20,8,6,8,0,88,2333.73,395.53,1,1
2025-11-24,South,Product B,Retail Partner,Enterprise,4390.16,21,6,5,6,0,102,2505.59,228.39,0,1
2025-11-24,South,Product B,Retail Partner,SMB,2829.11,14,5,4,5,0,68,1650.16,153.16,0,1
2025-11-24,South,Product C,Online,Enterprise,8998.63,21,6,5,6,0,96,5419.6,737.79,0,1
2025-11-24,South,Product C,Online,SMB,6775.69,15,6,5,6,0,60,3996.51,638.29,0,1
2025-11-24,South,Product C,Retail Partner,Enterprise,7148.33,16,5,4,5,0,72,4247.16,451.56,0,1
2025-11-24,South,Product C,Retail Partner,SMB,4423.78,10,4,3,4,0,46,2658.11,257.6,0,0
2025-11-24,East,Product A,Online,Enterprise,10740.23,38,11,9,11,0,164,5791.49,1072.03,1,2
2025-11-24,East,Product A,Online,SMB,6781.02,24,9,7,9,0,106,3562.01,663.02,1,1
2025-11-24,East,Product A,Retail Partner,Enterprise,7553.5,26,7,6,7,0,105,3872.26,421.94,0,1
2025-11-24,East,Product A,Retail Partner,SMB,5518.11,19,7,6,7,0,81,2956.28,266.69,0,1
2025-11-24,East,Product B,Online,Enterprise,5453.0,27,8,6,8,0,107,3222.64,486.9,0,1
2025-11-24,East,Product B,Online,SMB,3499.22,17,7,5,7,0,84,2084.02,289.51,0,1
2025-11-24,East,Product B,Retail Partner,Enterprise,4100.95,20,6,4,6,0,81,2443.67,200.55,0,1
2025-11-24,East,Product B,Retail Partner,SMB,2834.0,14,5,4,5,0,61,1669.89,154.42,0,1
2025-11-24,East,Product C,Online,Enterprise,8393.8,19,5,4,5,0,93,5076.4,760.7,0,1
2025-11-24,East,Product C,Online,SMB,5584.25,13,5,4,5,0,59,3360.8,488.48,0,1
2025-11-24,East,Product C,Retail Partner,Enterprise,5956.47,13,4,3,4,0,64,3457.2,266.26,0,1
2025-11-24,East,Product C,Retail Partner,SMB,3842.67,9,3,3,3,0,43,2317.19,194.41,0,1
2025-11-24,West,Product A,Online,Enterprise,12750.95,45,13,10,13,0,219,6878.36,1352.07,1,2
2025-11-24,West,Product A,Online,SMB,8104.44,29,11,9,11,0,152,4316.91,675.76,1,1
2025-11-24,West,Product A,Retail Partner,Enterprise,10034.35,35,10,7,10,1,159,5281.44,557.0,1,1
2025-11-24,West,Product A,Retail Partner,SMB,6073.65,21,8,7,8,0,103,3275.56,327.26,1,1
2025-11-24,West,Product B,Online,Enterprise,6516.17,32,9,7,9,0,160,3782.61,537.72,1,2
2025-11-24,West,Product B,Online,SMB,4945.7,24,9,7,9,0,103,2826.48,461.96,1,1
2025-11-24,West,Product B,Retail Partner,Enterprise,5208.16,26,7,6,7,0,104,3074.72,273.52,1,1
2025-11-24,West,Product B,Retail Partner,SMB,3010.94,15,6,4,6,0,72,1743.43,135.89,0,1
2025-11-24,West,Product C,Online,Enterprise,11120.07,25,7,6,7,0,103,6606.01,930.52,0,1
2025-11-24,West,Product C,Online,SMB,8167.85,19,7,6,7,0,75,4872.95,651.4,0,1
2025-11-24,West,Product C,Retail Partner,Enterprise,8549.78,20,6,4,6,0,80,5118.71,447.94,0,1
2025-11-24,West,Product C,Retail Partner,SMB,5330.14,12,5,4,5,0,54,3144.49,283.83,0,1
2025-12-01,North,Product A,Online,Enterprise,14482.81,51,14,11,14,1,214,7656.67,1511.38,1,2
2025-12-01,North,Product A,Online,SMB,10745.16,37,14,11,14,1,152,5627.8,925.98,1,2
2025-12-01,North,Product A,Retail Partner,Enterprise,9766.35,35,10,8,10,0,163,5177.01,512.72,0,2
2025-12-01,North,Product A,Retail Partner,SMB,6364.34,22,9,7,9,0,92,3377.91,356.21,1,1
2025-12-01,North,Product B,Online,Enterprise,7906.16,39,11,8,11,0,161,4631.52,716.01,0,2
2025-12-01,North,Product B,Online,SMB,4656.96,23,9,7,9,1,112,2778.71,472.15,1,1
2025-12-01,North,Product B,Retail Partner,Enterprise,5195.87,26,7,6,7,0,118,3049.35,246.9,0,1
2025-12-01,North,Product B,Retail Partner,SMB,3438.6,17,7,5,7,0,77,2022.63,206.35,0,1
2025-12-01,North,Product C,Online,Enterprise,11284.16,26,7,6,7,0,107,6777.27,1306.44,1,1
2025-12-01,North,Product C,Online,SMB,7584.02,17,7,5,7,0,79,4545.23,663.57,0,1
2025-12-01,North,Product C,Retail Partner,Enterprise,9127.0,21,6,5,6,0,90,5458.7,429.77,0,1
2025-12-01,North,Product C,Retail Partner,SMB,5871.98,13,5,4,5,0,57,3448.93,301.51,0,1
2025-12-01,South,Product A,Online,Enterprise,12427.34,43,12,9,12,1,192,6457.11,1377.82,1,2
2025-12-01,South,Product A,Online,SMB,7469.59,26,10,8,10,0,111,3945.66,683.06,0,1
2025-12-01,South,Product A,Retail Partner,Enterprise,7988.05,28,8,6,8,0,129,4208.88,390.4,0,1
2025-12-01,South,Product A,Retail Partner,SMB,5486.43,19,7,6,7,0,90,2949.58,274.21,1,1
2025-12-01,South,Product B,Online,Enterprise,5932.13,30,8,7,8,1,128,3474.18,534.81,1,1
2025-12-01,South,Product B,Online,SMB,3953.83,20,8,6,8,0,93,2338.42,410.79,0,1
2025-12-01,South,Product B,Retail Partner,Enterprise,4509.75,23,6,5,6,0,105,2683.69,254.25,0,1
2025-12-01,South,Product B,Retail Partner,SMB,2702.22,14,5,4,5,0,65,1616.34,146.24,0,1
2025-12-01,South,Product C,Online,Enterprise,9444.03,22,6,5,6,0,101,5666.09,944.8,0,1
2025-12-01,South,Product C,Online,SMB,6360.44,14,6,4,6,0,66,3810.75,492.24,0,1
2025-12-01,South,Product C,Retail Partner,Enterprise,6725.31,16,5,4,5,0,74,4093.86,298.66,0,1
2025-12-01,South,Product C,Retail Partner,SMB,4431.75,10,4,3,4,0,44,2575.43,206.56,0,1
2025-12-01,East,Product A,Online,Enterprise,11107.35,38,11,8,11,1,161,5940.53,1072.69,1,2
2025-12-01,East,Product A,Online,SMB,6910.59,24,9,7,9,0,111,3674.5,653.65,1,1
2025-12-01,East,Product A,Retail Partner,Enterprise,7346.73,26,7,6,7,0,121,3929.13,358.06,0,1
2025-12-01,East,Product A,Retail Partner,SMB,5321.94,18,7,5,7,0,74,2801.15,313.4,0,1
2025-12-01,East,Product B,Online,Enterprise,5228.81,26,8,6,8,0,114,3111.66,557.8,1,1
2025-12-01,East,Product B,Online,SMB,3767.24,18,7,5,7,0,77,2170.84,367.13,0,1
2025-12-01,East,Product B,Retail Partner,Enterprise,4062.1,20,6,4,6,0,86,2405.83,226.75,0,1
2025-12-01,East,Product B,Retail Partner,SMB,2360.91,12,5,4,5,0,53,1430.15,131.09,0,1
2025-12-01,East,Product C,Online,Enterprise,8973.48,20,6,5,6,0,95,5353.27,1004.44,0,1
2025-12-01,East,Product C,Online,SMB,5509.47,12,5,4,5,0,62,3324.25,575.43,0,1
2025-12-01,East,Product C,Retail Partner,Enterprise,6315.42,14,4,3,4,0,56,3682.68,326.18,0,0
2025-12-01,East,Product C,Retail Partner,SMB,3667.69,8,3,3,3,0,43,2225.74,185.66,0,0
2025-12-01,West,Product A,Online,Enterprise,12851.82,45,13,10,13,1,203,6702.83,1198.52,1,2
2025-12-01,West,Product A,Online,SMB,10341.2,36,14,11,14,0,133,5453.55,893.02,1,2
2025-12-01,West,Product A,Retail Partner,Enterprise,9643.57,34,10,8,10,0,146,5119.79,456.16,1,1
2025-12-01,West,Product A,Retail Partner,SMB,6464.6,22,9,7,9,0,107,3404.49,320.44,0,1
2025-12-01,West,Product B,Online,Enterprise,6769.4,34,10,8,10,0,149,3923.19,562.16,1,1
2025-12-01,West,Product B,Online,SMB,4524.01,23,9,7,9,0,98,2723.96,449.7,1,1
2025-12-01,West,Product B,Retail Partner,Enterprise,5750.33,28,8,6,8,1,116,3399.14,278.92,1,1
2025-12-01,West,Product B,Retail Partner,SMB,2961.05,15,6,5,6,0,81,1681.22,160.47,0,1
2025-12-01,West,Product C,Online,Enterprise,10882.38,25,7,6,7,0,115,6636.49,995.28,0,1
2025-12-01,West,Product C,Online,SMB,7323.07,16,6,5,6,0,75,4290.24,708.22,0,1
2025-12-01,West,Product C,Retail Partner,Enterprise,7313.01,17,5,4,5,0,82,4403.51,409.01,0,1
2025-12-01,West,Product C,Retail Partner,SMB,5454.28,12,5,4,5,0,48,3210.42,310.02,0,1
2025-12-08,North,Product A,Online,Enterprise,14205.39,50,14,11,14,1,224,7510.47,1312.58,1,2
2025-12-08,North,Product A,Online,SMB,9409.43,33,13,10,13,1,148,5065.25,865.76,1,2
2025-12-08,North,Product A,Retail Partner,Enterprise,10324.3,36,10,8,10,0,144,5499.08,503.73,1,2
2025-12-08,North,Product A,Retail Partner,SMB,7064.07,24,9,8,9,0,107,3677.15,364.7,1,1
2025-12-08,North,Product B,Online,Enterprise,7286.86,36,10,8,10,0,166,4201.84,727.99,1,2
2025-12-08,North,Product B,Online,SMB,4396.05,22,8,7,8,0,105,2581.51,404.48,0,1
2025-12-08,North,Product B,Retail Partner,Enterprise,5729.87,29,8,6,8,0,123,3375.79,337.48,1,1
2025-12-08,North,Product B,Retail Partner,SMB,3670.42,18,7,5,7,0,81,2169.75,160.45,0,1
2025-12-08,North,Product C,Online,Enterprise,12154.63,28,8,6,8,0,129,7197.99,1214.43,0,1
2025-12-08,North,Product C,Online,SMB,7921.63,18,7,6,7,0,80,4672.0,715.01,0,1
2025-12-08,North,Product C,Retail Partner,Enterprise,8534.6,20,6,4,6,0,91,5051.45,432.07,0,1
2025-12-08,North,Product C,Retail Partner,SMB,5194.48,12,5,3,5,0,58,3068.92,228.12,0,1
2025-12-08,South,Product A,Online,Enterprise,11316.06,40,11,8,11,0,173,6051.43,1006.07,1,2
2025-12-08,South,Product A,Online,SMB,7343.71,26,10,7,10,0,119,3772.76,663.85,1,2
2025-12-08,South,Product A,Retail Partner,Enterprise,9648.4,34,10,8,10,0,142,5168.54,534.5,1,2
2025-12-08,South,Product A,Retail Partner,SMB,5121.46,18,7,5,7,0,87,2816.45,244.27,0,1
2025-12-08,South,Product B,Online,Enterprise,6054.87,30,9,7,9,0,136,3489.1,535.67,1,1
2025-12-08,South,Product B,Online,SMB,4289.25,22,8,7,8,0,88,2508.77,407.0,0,1
2025-12-08,South,Product B,Retail Partner,Enterprise,4427.33,22,6,5,6,0,90,2640.05,209.87,0,1
2025-12-08,South,Product B,Retail Partner,SMB,3065.33,15,6,4,6,0,63,1802.79,151.97,0,1
2025-12-08,South,Product C,Online,Enterprise,10181.63,23,7,5,7,0,101,5891.12,923.49,0,1
2025-12-08,South,Product C,Online,SMB,6245.42,14,6,4,6,0,70,3772.1,543.01,0,1
2025-12-08,South,Product C,Retail Partner,Enterprise,6724.24,15,4,3,4,0,70,3944.21,375.82,0,1
2025-12-08,South,Product C,Retail Partner,SMB,4681.07,11,4,3,4,0,46,2812.56,219.56,0,1
2025-12-08,East,Product A,Online,Enterprise,11590.33,40,12,9,12,1,161,6186.7,1189.24,1,2
2025-12-08,East,Product A,Online,SMB,6750.31,24,9,7,9,0,106,3609.94,633.75,0,1
2025-12-08,East,Product A,Retail Partner,Enterprise,7568.85,27,8,6,8,0,101,4073.89,391.47,1,1
2025-12-08,East,Product A,Retail Partner,SMB,4681.12,16,6,5,6,0,77,2438.51,258.87,0,1
2025-12-08,East,Product B,Online,Enterprise,5452.64,27,8,6,8,0,122,3147.71,608.46,1,1
2025-12-08,East,Product B,Online,SMB,3796.24,19,7,6,7,0,77,2212.05,333.44,0,1
2025-12-08,East,Product B,Retail Partner,Enterprise,3471.23,17,5,4,5,0,82,2086.37,201.61,0,1
2025-12-08,East,Product B,Retail Partner,SMB,2693.62,13,5,4,5,0,56,1609.11,141.25,0,1
2025-12-08,East,Product C,Online,Enterprise,8270.93,19,5,4,5,1,84,4875.16,758.1,0,1
2025-12-08,East,Product C,Online,SMB,6416.08,15,6,4,6,0,61,3811.6,602.86,0,1
2025-12-08,East,Product C,Retail Partner,Enterprise,5974.78,14,4,3,4,0,60,3608.64,284.67,0,1
2025-12-08,East,Product C,Retail Partner,SMB,4302.46,10,4,3,4,0,36,2567.54,234.71,0,1
2025-12-08,West,Product A,Online,Enterprise,12549.47,45,13,10,13,1,210,6714.34,1120.27,1,3
2025-12-08,West,Product A,Online,SMB,9083.21,32,12,10,12,1,117,4839.84,877.98,1,2
2025-12-08,West,Product A,Retail Partner,Enterprise,9592.89,33,9,7,9,0,152,5012.45,480.2,0,1
2025-12-08,West,Product A,Retail Partner,SMB,6162.9,22,8,6,8,0,91,3285.39,356.89,1,1
2025-12-08,West,Product B,Online,Enterprise,6881.19,34,10,7,10,0,142,4012.53,606.33,1,2
2025-12-08,West,Product B,Online,SMB,4509.4,22,9,7,9,0,105,2619.71,371.99,1,1
2025-12-08,West,Product B,Retail Partner,Enterprise,4769.29,24,7,5,7,0,113,2877.29,274.29,0,1
2025-12-08,West,Product B,Retail Partner,SMB,3198.44,16,6,5,6,0,76,1923.75,168.36,0,1
2025-12-08,West,Product C,Online,Enterprise,12544.17,28,8,6,8,0,105,7261.77,1106.95,0,2
2025-12-08,West,Product C,Online,SMB,7580.36,17,7,5,7,0,77,4392.52,727.47,0,1
2025-12-08,West,Product C,Retail Partner,Enterprise,8231.82,19,5,4,5,0,77,4981.72,436.59,0,1
2025-12-08,West,Product C,Retail Partner,SMB,5358.53,12,5,4,5,0,52,3105.1,248.88,0,1
2025-12-15,North,Product A,Online,Enterprise,14254.74,51,14,11,14,1,220,7530.96,1363.8,1,2
2025-12-15,North,Product A,Online,SMB,10042.5,35,14,11,14,1,150,5272.28,1079.49,1,2
2025-12-15,North,Product A,Retail Partner,Enterprise,10179.57,35,10,8,10,1,151,5282.44,557.8,1,2
2025-12-15,North,Product A,Retail Partner,SMB,6237.72,22,8,7,8,0,113,3348.99,367.2,1,1
2025-12-15,North,Product B,Online,Enterprise,7411.3,38,11,8,11,1,165,4420.32,673.82,1,1
2025-12-15,North,Product B,Online,SMB,5065.34,26,10,8,10,0,115,3004.07,522.93,0,2
2025-12-15,North,Product B,Retail Partner,Enterprise,5648.77,28,8,7,8,0,121,3373.05,274.36,0,1
2025-12-15,North,Product B,Retail Partner,SMB,3476.35,17,7,5,7,0,86,2037.03,159.94,0,1
2025-12-15,North,Product C,Online,Enterprise,11558.7,26,8,6,8,0,117,6807.02,1066.69,1,1
2025-12-15,North,Product C,Online,SMB,7510.43,17,7,5,7,0,78,4445.29,743.62,0,1
2025-12-15,North,Product C,Retail Partner,Enterprise,8704.67,20,6,5,6,1,81,5278.2,497.38,0,1
2025-12-15,North,Product C,Retail Partner,SMB,5786.88,13,5,4,5,0,63,3478.31,283.61,0,1
2025-12-15,South,Product A,Online,Enterprise,11316.1,41,12,9,12,1,186,6164.4,1003.18,1,2
2025-12-15,South,Product A,Online,SMB,6927.65,25,10,8,10,0,128,3738.66,691.78,1,1
2025-12-15,South,Product A,Retail Partner,Enterprise,8422.4,30,9,7,9,0,135,4624.29,436.66,1,1
2025-12-15,South,Product A,Retail Partner,SMB,5543.18,20,8,6,8,0,80,2967.94,308.32,0,1
2025-12-15,South,Product B,Online,Enterprise,6106.77,30,9,7,9,0,136,3637.57,601.14,1,2
2025-12-15,South,Product B,Online,SMB,4054.06,20,8,6,8,1,96,2399.0,417.52,0,2
2025-12-15,South,Product B,Retail Partner,Enterprise,4113.97,20,6,5,6,0,88,2442.01,217.79,0,1
2025-12-15,South,Product B,Retail Partner,SMB,2908.68,15,6,4,6,0,63,1745.4,154.35,0,1
2025-12-15,South,Product C,Online,Enterprise,10243.43,24,7,5,7,0,103,6144.31,858.82,1,1
2025-12-15,South,Product C,Online,SMB,6760.93,16,6,5,6,0,63,4030.02,667.02,0,1
2025-12-15,South,Product C,Retail Partner,Enterprise,6992.0,16,5,4,5,0,74,4114.08,381.77,0,1
2025-12-15,South,Product C,Retail Partner,SMB,4694.31,11,4,3,4,0,46,2744.57,235.66,0,1
2025-12-15,East,Product A,Online,Enterprise,10601.32,38,11,8,11,0,153,5684.21,1085.95,1,2
2025-12-15,East,Product A,Online,SMB,6959.23,24,9,7,9,0,104,3646.92,673.84,1,1
2025-12-15,East,Product A,Retail Partner,Enterprise,7109.4,26,7,6,7,0,116,3758.55,383.11,0,1
2025-12-15,East,Product A,Retail Partner,SMB,4820.07,17,6,5,6,0,74,2552.78,237.3,1,1
2025-12-15,East,Product B,Online,Enterprise,5184.36,26,7,6,7,0,106,2991.18,416.52,0,1
2025-12-15,East,Product B,Online,SMB,3811.2,19,7,6,7,0,75,2241.59,314.36,0,1
2025-12-15,East,Product B,Retail Partner,Enterprise,3592.45,18,5,4,5,0,84,2133.27,198.63,0,1
2025-12-15,East,Product B,Retail Partner,SMB,2143.08,11,4,3,4,0,54,1292.07,115.61,0,1
2025-12-15,East,Product C,Online,Enterprise,8405.04,19,5,4,5,0,88,5073.57,745.68,0,1
2025-12-15,East,Product C,Online,SMB,6292.23,14,6,4,6,0,57,3698.0,583.59,0,1
2025-12-15,East,Product C,Retail Partner,Enterprise,5736.74,13,4,3,4,0,64,3459.59,271.38,0,0
2025-12-15,East,Product C,Retail Partner,SMB,4071.79,9,4,3,4,0,43,2479.4,233.54,0,0
2025-12-15,West,Product A,Online,Enterprise,11656.57,41,12,9,12,1,202,6276.07,1243.81,1,1
2025-12-15,West,Product A,Online,SMB,8263.8,29,11,8,11,0,136,4408.61,768.3,1,2
2025-12-15,West,Product A,Retail Partner,Enterprise,9609.48,34,10,7,10,1,146,5124.99,488.85,1,1
2025-12-15,West,Product A,Retail Partner,SMB,6198.56,22,8,7,8,0,100,3328.97,322.69,0,1
2025-12-15,West,Product B,Online,Enterprise,6534.89,32,9,7,9,1,160,3864.81,616.54,1,1
2025-12-15,West,Product B,Online,SMB,5029.37,25,10,8,10,0,113,2923.09,446.1,1,1
2025-12-15,West,Product B,Retail Partner,Enterprise,4964.18,25,7,6,7,0,103,2918.45,260.58,0,1
2025-12-15,West,Product B,Retail Partner,SMB,3420.98,17,7,5,7,0,68,1995.34,182.62,0,1
2025-12-15,West,Product C,Online,Enterprise,10866.57,25,7,5,7,1,126,6249.66,947.72,0,1
2025-12-15,West,Product C,Online,SMB,6809.49,16,6,5,6,0,80,4114.19,667.09,0,1
2025-12-15,West,Product C,Retail Partner,Enterprise,7267.99,16,5,4,5,0,74,4260.39,426.68,0,1
2025-12-15,West,Product C,Retail Partner,SMB,5085.21,12,4,3,4,0,53,2958.37,293.35,0,1
2025-12-22,North,Product A,Online,Enterprise,14329.75,51,14,11,14,1,229,7700.13,1206.14,1,2
2025-12-22,North,Product A,Online,SMB,9394.75,33,13,10,13,1,152,4891.05,930.97,1,2
2025-12-22,North,Product A,Retail Partner,Enterprise,10810.1,38,11,8,11,1,149,5671.09,520.5,1,2
2025-12-22,North,Product A,Retail Partner,SMB,6722.08,24,9,7,9,0,111,3510.7,390.27,1,1
2025-12-22,North,Product B,Online,Enterprise,7264.06,36,10,8,10,0,167,4219.23,705.69,1,1
2025-12-22,North,Product B,Online,SMB,4910.59,24,9,7,9,0,125,2824.34,427.31,1,1
2025-12-22,North,Product B,Retail Partner,Enterprise,5922.19,30,9,7,9,0,126,3571.13,301.19,0,1
2025-12-22,North,Product B,Retail Partner,SMB,3400.83,17,7,5,7,0,80,2017.26,176.67,1,1
2025-12-22,North,Product C,Online,Enterprise,12715.22,29,8,6,8,0,123,7690.59,1086.32,1,2
2025-12-22,North,Product C,Online,SMB,7741.84,18,7,5,7,0,84,4695.21,628.95,1,1
2025-12-22,North,Product C,Retail Partner,Enterprise,9224.4,21,6,5,6,0,84,5521.06,513.05,0,1
2025-12-22,North,Product C,Retail Partner,SMB,5863.73,13,5,4,5,0,54,3423.44,283.06,0,1
2025-12-22,South,Product A,Online,Enterprise,10966.49,39,11,9,11,0,184,5936.1,1104.96,1,2
2025-12-22,South,Product A,Online,SMB,7316.28,26,10,8,10,0,112,4067.32,746.35,1,1
2025-12-22,South,Product A,Retail Partner,Enterprise,7464.95,27,8,6,8,0,131,4034.49,340.17,1,1
2025-12-22,South,Product A,Retail Partner,SMB,5504.29,19,7,6,7,0,80,2921.63,268.89,0,1
2025-12-22,South,Product B,Online,Enterprise,6117.57,31,9,7,9,0,141,3665.78,534.27,1,1
2025-12-22,South,Product B,Online,SMB,3768.31,19,7,6,7,0,85,2250.96,346.42,1,1
2025-12-22,South,Product B,Retail Partner,Enterprise,4408.02,22,6,5,6,0,107,2597.11,217.68,0,1
2025-12-22,South,Product B,Retail Partner,SMB,2854.34,14,6,4,6,0,58,1726.78,146.71,0,1
2025-12-22,South,Product C,Online,Enterprise,10721.04,24,7,5,7,0,101,6227.98,1200.52,0,1
2025-12-22,South,Product C,Online,SMB,6799.0,15,6,5,6,0,65,4026.35,595.38,0,1
2025-12-22,South,Product C,Retail Partner,Enterprise,7570.03,17,5,4,5,0,75,4441.43,384.18,0,1
2025-12-22,South,Product C,Retail Partner,SMB,5350.15,12,5,3,5,0,46,3074.88,305.35,0,1
2025-12-22,East,Product A,Online,Enterprise,9758.88,34,10,8,10,0,174,5110.24,911.33,1,2
2025-12-22,East,Product A,Online,SMB,6885.44,24,9,7,9,0,101,3544.89,730.04,1,1
2025-12-22,East,Product A,Retail Partner,Enterprise,6859.92,24,7,5,7,0,109,3617.39,351.82,1,1
2025-12-22,East,Product A,Retail Partner,SMB,4509.25,16,6,5,6,0,77,2451.64,247.14,0,1
2025-12-22,East,Product B,Online,Enterprise,4827.58,24,7,5,7,0,101,2818.71,418.03,0,1
2025-12-22,East,Product B,Online,SMB,3534.31,18,7,5,7,0,80,2059.28,350.22,0,1
2025-12-22,East,Product B,Retail Partner,Enterprise,3743.03,19,5,4,5,0,84,2208.77,201.2,1,1
2025-12-22,East,Product B,Retail Partner,SMB,2546.38,13,5,4,5,0,52,1501.61,121.14,0,1
2025-12-22,East,Product C,Online,Enterprise,8455.68,19,6,5,6,0,91,5046.66,759.68,0,1
2025-12-22,East,Product C,Online,SMB,5726.96,13,5,4,5,0,64,3406.32,499.8,0,1
2025-12-22,East,Product C,Retail Partner,Enterprise,5922.74,14,4,3,4,0,61,3636.19,282.24,0,0
2025-12-22,East,Product C,Retail Partner,SMB,4430.44,10,4,3,4,0,40,2618.28,235.5,0,1
2025-12-22,West,Product A,Online,Enterprise,13746.64,48,14,11,14,0,191,7296.06,1300.27,1,2
2025-12-22,West,Product A,Online,SMB,8959.05,32,12,10,12,1,131,4766.03,799.14,1,2
2025-12-22,West,Product A,Retail Partner,Enterprise,9131.21,32,9,7,9,0,143,4850.31,440.0,1,1
2025-12-22,West,Product A,Retail Partner,SMB,6662.82,23,9,7,9,1,96,3452.48,393.71,1,1
2025-12-22,West,Product B,Online,Enterprise,6873.05,34,10,8,10,0,151,4000.77,597.56,0,1
2025-12-22,West,Product B,Online,SMB,4737.75,24,9,7,9,0,101,2813.44,441.13,1,1
2025-12-22,West,Product B,Retail Partner,Enterprise,5344.58,27,8,6,8,0,110,3214.6,301.54,0,1
2025-12-22,West,Product B,Retail Partner,SMB,3610.85,18,7,5,7,0,70,2116.52,178.84,1,1
2025-12-22,West,Product C,Online,Enterprise,11477.63,26,8,6,8,0,107,6840.21,996.31,0,1
2025-12-22,West,Product C,Online,SMB,7633.62,18,7,5,7,0,79,4671.25,715.76,0,1
2025-12-22,West,Product C,Retail Partner,Enterprise,8002.93,18,5,4,5,0,82,4804.36,368.88,0,1
2025-12-22,West,Product C,Retail Partner,SMB,5489.24,13,5,4,5,0,54,3268.51,296.76,0,1
2025-12-29,North,Product A,Online,Enterprise,14655.49,51,15,11,15,1,214,7804.79,1256.83,1,2
2025-12-29,North,Product A,Online,SMB,9684.8,34,13,10,13,0,157,5007.56,983.14,1,2
2025-12-29,North,Product A,Retail Partner,Enterprise,10451.54,37,11,8,11,0,175,5491.6,545.59,1,2
2025-12-29,North,Product A,Retail Partner,SMB,6426.89,23,9,7,9,1,102,3421.79,320.02,1,1
2025-12-29,North,Product B,Online,Enterprise,8079.27,40,11,9,11,1,165,4703.75,846.7,1,2
2025-12-29,North,Product B,Online,SMB,5156.34,26,10,8,10,0,106,3021.36,480.57,1,1
2025-12-29,North,Product B,Retail Partner,Enterprise,5806.17,28,8,6,8,0,120,3391.37,290.39,1,1
2025-12-29,North,Product B,Retail Partner,SMB,3567.61,18,7,6,7,0,80,2145.74,194.29,0,1
2025-12-29,North,Product C,Online,Enterprise,11600.85,26,8,6,8,0,123,6895.36,1319.91,0,1
2025-12-29,North,Product C,Online,SMB,7902.51,18,7,5,7,0,79,4771.32,821.54,0,1
2025-12-29,North,Product C,Retail Partner,Enterprise,9028.28,20,6,4,6,0,85,5307.07,463.28,0,1
2025-12-29,North,Product C,Retail Partner,SMB,6451.7,15,6,4,6,0,60,3858.09,338.82,0,1
2025-12-29,South,Product A,Online,Enterprise,10742.07,38,11,8,11,0,188,5786.09,910.34,1,2
2025-12-29,South,Product A,Online,SMB,7922.8,27,11,9,11,0,127,4148.91,724.83,1,2
2025-12-29,South,Product A,Retail Partner,Enterprise,8583.95,30,9,7,9,0,132,4578.02,395.99,1,1
2025-12-29,South,Product A,Retail Partner,SMB,6487.81,23,9,7,9,0,81,3428.02,356.22,1,1
2025-12-29,South,Product B,Online,Enterprise,5967.27,30,9,6,9,0,141,3538.95,566.98,1,2
2025-12-29,South,Product B,Online,SMB,3865.09,19,7,6,7,0,95,2243.81,367.57,0,1
2025-12-29,South,Product B,Retail Partner,Enterprise,4364.19,21,6,5,6,0,89,2539.83,237.61,0,1
2025-12-29,South,Product B,Retail Partner,SMB,3146.5,15,6,5,6,0,67,1796.1,155.9,0,1
2025-12-29,South,Product C,Online,Enterprise,10085.27,23,7,5,7,0,102,5955.98,983.21,0,1
2025-12-29,South,Product C,Online,SMB,6157.65,14,5,4,5,0,68,3581.52,615.49,0,1
2025-12-29,South,Product C,Retail Partner,Enterprise,7159.89,16,5,3,5,0,70,4157.95,348.89,0,1
2025-12-29,South,Product C,Retail Partner,SMB,4552.62,10,4,3,4,0,50,2703.03,215.21,0,1
2025-12-29,East,Product A,Online,Enterprise,10648.7,38,11,8,11,1,156,5690.01,1035.17,1,2
2025-12-29,East,Product A,Online,SMB,7056.96,25,10,8,10,0,106,3831.57,681.19,1,1
2025-12-29,East,Product A,Retail Partner,Enterprise,7218.5,26,7,6,7,0,117,3893.47,367.25,1,1
2025-12-29,East,Product A,Retail Partner,SMB,5192.01,18,7,5,7,0,77,2762.17,273.23,1,1
2025-12-29,East,Product B,Online,Enterprise,5733.23,28,8,6,8,0,117,3306.19,506.88,1,1
2025-12-29,East,Product B,Online,SMB,3746.75,18,7,5,7,0,75,2137.2,301.65,1,1
2025-12-29,East,Product B,Retail Partner,Enterprise,3978.72,19,5,4,5,0,81,2248.8,200.38,0,1
2025-12-29,East,Product B,Retail Partner,SMB,2593.51,13,5,4,5,0,58,1557.76,123.89,0,1
2025-12-29,East,Product C,Online,Enterprise,8584.37,20,6,5,6,0,83,5057.47,823.12,0,1
2025-12-29,East,Product C,Online,SMB,5473.32,13,5,4,5,0,57,3266.4,521.44,0,1
2025-12-29,East,Product C,Retail Partner,Enterprise,6160.98,14,4,3,4,0,64,3720.18,335.51,0,1
2025-12-29,East,Product C,Retail Partner,SMB,4634.94,11,4,3,4,0,41,2736.26,234.02,0,1
2025-12-29,West,Product A,Online,Enterprise,13081.36,46,13,10,13,0,201,7049.1,1242.73,1,2
2025-12-29,West,Product A,Online,SMB,8761.76,31,12,9,12,1,131,4687.0,944.77,1,1
2025-12-29,West,Product A,Retail Partner,Enterprise,10056.88,36,10,8,10,0,149,5413.12,435.28,1,2
2025-12-29,West,Product A,Retail Partner,SMB,7142.54,25,10,7,10,1,88,3727.16,332.56,1,1
2025-12-29,West,Product B,Online,Enterprise,7000.23,35,10,8,10,0,158,4120.69,593.78,1,2
2025-12-29,West,Product B,Online,SMB,4195.58,21,8,6,8,0,105,2428.92,380.23,0,1
2025-12-29,West,Product B,Retail Partner,Enterprise,4802.55,24,7,5,7,0,108,2826.87,256.52,0,1
2025-12-29,West,Product B,Retail Partner,SMB,3451.74,17,7,5,7,0,72,2021.59,170.24,0,1
2025-12-29,West,Product C,Online,Enterprise,11283.86,25,7,5,7,0,122,6635.12,1131.88,1,1
2025-12-29,West,Product C,Online,SMB,7717.15,18,7,5,7,0,76,4551.92,707.34,0,1
2025-12-29,West,Product C,Retail Partner,Enterprise,8387.45,19,6,4,6,0,77,5168.79,403.81,0,1
2025-12-29,West,Product C,Retail Partner,SMB,5618.19,13,5,4,5,0,59,3410.45,270.85,0,1
2026-01-05,North,Product A,Online,Enterprise,16023.41,55,16,12,16,1,211,8474.66,1356.63,1,2
2026-01-05,North,Product A,Online,SMB,9354.08,33,13,10,13,1,146,4992.01,839.09,1,2
2026-01-05,North,Product A,Retail Partner,Enterprise,10589.27,37,11,8,11,0,149,5641.53,597.91,1,2
2026-01-05,North,Product A,Retail Partner,SMB,7369.31,26,10,8,10,1,99,3820.49,364.76,1,1
2026-01-05,North,Product B,Online,Enterprise,7232.03,36,10,8,10,1,154,4323.83,661.32,1,2
2026-01-05,North,Product B,Online,SMB,5154.03,26,10,8,10,1,110,3003.03,496.65,0,1
2026-01-05,North,Product B,Retail Partner,Enterprise,5751.3,29,8,6,8,0,119,3441.58,298.83,1,2
2026-01-05,North,Product B,Retail Partner,SMB,3650.58,18,7,6,7,0,72,2133.52,177.76,0,1
2026-01-05,North,Product C,Online,Enterprise,11339.59,26,7,6,7,0,124,6665.58,1044.2,0,1
2026-01-05,North,Product C,Online,SMB,8351.1,19,7,6,7,0,83,4956.4,795.86,0,1
2026-01-05,North,Product C,Retail Partner,Enterprise,8299.02,19,5,4,5,0,87,5012.27,445.78,0,1
2026-01-05,North,Product C,Retail Partner,SMB,5708.45,13,5,4,5,0,56,3299.12,312.51,0,1
2026-01-05,South,Product A,Online,Enterprise,11752.68,41,12,10,12,1,171,6178.66,1069.32,1,2
2026-01-05,South,Product A,Online,SMB,6907.74,24,9,7,9,0,127,3701.18,602.74,0,1
2026-01-05,South,Product A,Retail Partner,Enterprise,9050.94,33,9,7,9,0,131,4920.09,421.73,1,1
2026-01-05,South,Product A,Retail Partner,SMB,5566.39,20,8,6,8,0,86,2977.61,293.37,0,1
2026-01-05,South,Product B,Online,Enterprise,5862.85,29,8,6,8,0,146,3374.07,529.54,0,1
2026-01-05,South,Product B,Online,SMB,4269.29,21,8,6,8,0,91,2497.6,397.39,0,1
2026-01-05,South,Product B,Retail Partner,Enterprise,4452.79,22,6,5,6,0,90,2575.18,222.54,0,1
2026-01-05,South,Product B,Retail Partner,SMB,3104.01,15,6,5,6,0,69,1800.87,172.51,0,1
2026-01-05,South,Product C,Online,Enterprise,10027.92,23,6,5,6,0,93,5969.44,863.36,0,1
2026-01-05,South,Product C,Online,SMB,6705.31,15,6,4,6,0,68,3959.5,722.98,0,1
2026-01-05,South,Product C,Retail Partner,Enterprise,6598.99,15,4,3,4,0,64,3872.06,376.51,0,1
2026-01-05,South,Product C,Retail Partner,SMB,5055.22,12,4,3,4,0,46,3039.9,284.85,0,1
2026-01-05,East,Product A,Online,Enterprise,10158.3,35,10,8,10,0,156,5171.4,1052.43,1,1
2026-01-05,East,Product A,Online,SMB,6519.33,23,9,7,9,0,101,3477.19,609.07,0,1
2026-01-05,East,Product A,Retail Partner,Enterprise,7151.19,25,7,5,7,0,117,3810.73,321.42,0,1
2026-01-05,East,Product A,Retail Partner,SMB,5054.39,18,7,5,7,0,80,2704.34,271.87,0,1
2026-01-05,East,Product B,Online,Enterprise,5101.87,26,7,6,7,0,120,3003.63,491.39,1,1
2026-01-05,East,Product B,Online,SMB,3751.45,18,7,6,7,1,72,2175.27,357.45,0,1
2026-01-05,East,Product B,Retail Partner,Enterprise,4021.74,20,6,4,6,0,80,2322.29,188.87,0,1
2026-01-05,East,Product B,Retail Partner,SMB,2497.88,12,5,4,5,0,62,1456.66,125.95,0,1
2026-01-05,East,Product C,Online,Enterprise,8337.37,19,5,4,5,0,91,4945.06,732.47,0,1
2026-01-05,East,Product C,Online,SMB,5598.2,13,5,4,5,0,56,3281.72,521.09,0,1
2026-01-05,East,Product C,Retail Partner,Enterprise,5482.36,13,4,3,4,0,67,3362.22,313.22,0,0
2026-01-05,East,Product C,Retail Partner,SMB,4006.42,9,4,3,4,0,41,2388.08,183.87,0,0
2026-01-05,West,Product A,Online,Enterprise,13367.41,47,13,10,13,1,199,7119.72,1244.02,1,2
2026-01-05,West,Product A,Online,SMB,9802.93,34,13,10,13,0,143,5263.18,861.74,1,2
2026-01-05,West,Product A,Retail Partner,Enterprise,10464.26,37,10,8,10,0,149,5474.91,521.27,1,1
2026-01-05,West,Product A,Retail Partner,SMB,6518.81,23,9,7,9,0,99,3549.69,351.27,1,2
2026-01-05,West,Product B,Online,Enterprise,7217.6,36,10,8,10,0,153,4252.65,697.79,1,1
2026-01-05,West,Product B,Online,SMB,4390.89,22,9,7,9,0,108,2617.79,448.34,1,1
2026-01-05,West,Product B,Retail Partner,Enterprise,4966.45,24,7,6,7,0,104,2901.57,281.54,1,1
2026-01-05,West,Product B,Retail Partner,SMB,3589.76,18,7,6,7,0,70,2144.78,171.81,0,1
2026-01-05,West,Product C,Online,Enterprise,11976.32,27,8,6,8,0,119,7111.23,1092.13,0,1
2026-01-05,West,Product C,Online,SMB,7305.21,17,7,5,7,0,78,4425.16,646.69,1,1
2026-01-05,West,Product C,Retail Partner,Enterprise,8370.16,19,6,4,6,0,79,5082.82,434.5,0,1
2026-01-05,West,Product C,Retail Partner,SMB,5338.12,12,5,4,5,0,55,3193.75,268.43,0,1
2026-01-12,North,Product A,Online,Enterprise,15832.97,55,16,13,16,1,224,8357.93,1473.61,1,2
2026-01-12,North,Product A,Online,SMB,8879.9,31,12,9,12,0,152,4731.95,824.14,1,2
2026-01-12,North,Product A,Retail Partner,Enterprise,9998.57,35,10,7,10,0,166,5334.79,537.91,1,1
2026-01-12,North,Product A,Retail Partner,SMB,6965.9,25,9,7,9,0,102,3693.44,364.74,1,1
2026-01-12,North,Product B,Online,Enterprise,8175.78,41,12,9,12,1,165,4792.0,818.34,1,1
2026-01-12,North,Product B,Online,SMB,4809.16,24,9,7,9,0,105,2815.2,447.59,1,1
2026-01-12,North,Product B,Retail Partner,Enterprise,5375.92,27,8,6,8,0,133,3150.06,290.79,0,1
2026-01-12,North,Product B,Retail Partner,SMB,3305.32,16,6,5,6,0,76,1948.9,156.62,0,1
2026-01-12,North,Product C,Online,Enterprise,11962.31,27,8,6,8,0,130,6982.93,1093.76,0,1
2026-01-12,North,Product C,Online,SMB,8604.22,20,8,6,8,0,80,5168.37,807.9,1,1
2026-01-12,North,Product C,Retail Partner,Enterprise,8068.17,18,5,4,5,0,95,4832.17,415.97,0,1
2026-01-12,North,Product C,Retail Partner,SMB,6012.41,14,5,4,5,0,59,3584.03,298.6,0,1
2026-01-12,South,Product A,Online,Enterprise,11743.93,42,12,9,12,1,182,6386.01,1031.19,1,2
2026-01-12,South,Product A,Online,SMB,8216.95,29,11,8,11,1,127,4467.7,814.5,1,1
2026-01-12,South,Product A,Retail Partner,Enterprise,8262.2,30,9,7,9,0,129,4468.53,409.57,1,1
2026-01-12,South,Product A,Retail Partner,SMB,5045.07,18,7,5,7,0,86,2693.38,264.11,1,1
2026-01-12,South,Product B,Online,Enterprise,6511.47,33,9,7,9,1,124,3941.5,620.18,0,2
2026-01-12,South,Product B,Online,SMB,4106.58,21,8,6,8,0,93,2446.92,354.98,1,1
2026-01-12,South,Product B,Retail Partner,Enterprise,4777.67,24,7,5,7,0,102,2790.86,273.2,0,1
2026-01-12,South,Product B,Retail Partner,SMB,2975.57,15,6,5,6,0,62,1748.18,153.4,0,1
2026-01-12,South,Product C,Online,Enterprise,10157.77,23,7,5,7,0,97,5893.18,1020.69,0,1
2026-01-12,South,Product C,Online,SMB,6035.55,14,5,4,5,0,63,3496.52,556.3,0,1
2026-01-12,South,Product C,Retail Partner,Enterprise,7630.6,17,5,4,5,0,69,4577.41,481.76,0,1
2026-01-12,South,Product C,Retail Partner,SMB,4922.93,11,4,3,4,0,45,2823.53,268.43,0,1
2026-01-12,East,Product A,Online,Enterprise,10581.63,37,11,8,11,1,153,5697.93,1070.07,1,2
2026-01-12,East,Product A,Online,SMB,7029.47,24,9,7,9,0,109,3660.2,750.12,1,1
2026-01-12,East,Product A,Retail Partner,Enterprise,7412.34,26,7,6,7,0,120,3865.02,395.8,0,1
2026-01-12,East,Product A,Retail Partner,SMB,5487.64,19,7,6,7,0,79,2948.34,259.03,0,1
2026-01-12,East,Product B,Online,Enterprise,5499.88,27,8,6,8,0,114,3184.79,525.8,1,1
2026-01-12,East,Product B,Online,SMB,3333.26,17,7,5,7,0,81,2004.96,310.73,0,1
2026-01-12,East,Product B,Retail Partner,Enterprise,3636.8,18,5,4,5,0,87,2164.79,223.62,0,1
2026-01-12,East,Product B,Retail Partner,SMB,2435.42,12,5,4,5,0,56,1445.97,135.07,0,1
2026-01-12,East,Product C,Online,Enterprise,9305.26,21,6,5,6,0,90,5613.35,886.66,0,1
2026-01-12,East,Product C,Online,SMB,5409.17,12,5,4,5,0,54,3189.89,437.2,0,1
2026-01-12,East,Product C,Retail Partner,Enterprise,6665.86,15,4,3,4,0,63,3893.29,317.92,0,1
2026-01-12,East,Product C,Retail Partner,SMB,3986.1,9,4,3,4,0,40,2334.13,211.97,0,0
2026-01-12,West,Product A,Online,Enterprise,12513.48,45,13,10,13,1,204,6761.83,1202.45,1,2
2026-01-12,West,Product A,Online,SMB,8214.56,30,11,9,11,0,136,4456.26,751.73,1,1
2026-01-12,West,Product A,Retail Partner,Enterprise,9659.29,33,9,7,9,0,143,5028.51,472.07,1,2
2026-01-12,West,Product A,Retail Partner,SMB,6196.46,21,8,6,8,0,96,3202.94,310.16,0,1
2026-01-12,West,Product B,Online,Enterprise,6897.43,34,10,8,10,0,153,4001.31,747.57,1,2
2026-01-12,West,Product B,Online,SMB,4698.18,23,9,7,9,0,92,2724.27,459.66,1,1
2026-01-12,West,Product B,Retail Partner,Enterprise,4789.26,24,7,6,7,0,105,2800.31,215.5,0,1
2026-01-12,West,Product B,Retail Partner,SMB,3227.06,16,6,5,6,0,80,1844.34,177.01,0,1
2026-01-12,West,Product C,Online,Enterprise,10839.88,25,7,5,7,0,116,6392.67,1014.87,0,1
2026-01-12,West,Product C,Online,SMB,7327.22,17,6,5,6,0,77,4412.86,821.62,0,1
2026-01-12,West,Product C,Retail Partner,Enterprise,8195.19,19,5,4,5,0,81,4960.5,439.8,0,1
2026-01-12,West,Product C,Retail Partner,SMB,5581.43,13,5,4,5,0,58,3292.04,268.17,0,1
2026-01-19,North,Product A,Online,Enterprise,14343.51,51,14,11,14,1,214,7841.79,1437.3,1,3
2026-01-19,North,Product A,Online,SMB,9027.56,32,12,10,12,1,140,4878.93,859.94,1,2
2026-01-19,North,Product A,Retail Partner,Enterprise,9758.85,35,10,8,10,0,164,5233.52,539.68,1,1
2026-01-19,North,Product A,Retail Partner,SMB,6616.27,23,9,7,9,0,109,3488.8,314.81,0,2
2026-01-19,North,Product B,Online,Enterprise,7548.19,38,11,8,11,1,165,4540.07,825.38,1,2
2026-01-19,North,Product B,Online,SMB,4863.6,24,9,7,9,1,105,2815.76,419.77,1,1
2026-01-19,North,Product B,Retail Partner,Enterprise,5324.62,27,8,6,8,0,110,3143.43,281.63,1,1
2026-01-19,North,Product B,Retail Partner,SMB,3578.67,18,7,5,7,0,75,2106.46,166.11,0,1
2026-01-19,North,Product C,Online,Enterprise,13088.64,30,8,6,8,1,122,7826.64,1145.0,1,1
2026-01-19,North,Product C,Online,SMB,7685.07,17,7,5,7,0,76,4378.99,671.2,0,1
2026-01-19,North,Product C,Retail Partner,Enterprise,7911.96,18,5,4,5,0,91,4712.15,424.24,0,1
2026-01-19,North,Product C,Retail Partner,SMB,5727.78,13,5,4,5,0,54,3373.0,349.57,0,1
2026-01-19,South,Product A,Online,Enterprise,10548.0,37,11,8,11,0,180,5735.57,991.17,1,2
2026-01-19,South,Product A,Online,SMB,6967.33,25,10,8,10,0,117,3733.61,695.91,1,1
2026-01-19,South,Product A,Retail Partner,Enterprise,8487.95,30,8,6,8,0,125,4394.43,433.67,1,1
2026-01-19,South,Product A,Retail Partner,SMB,5448.86,19,7,6,7,0,84,2905.54,268.02,0,1
2026-01-19,South,Product B,Online,Enterprise,5948.83,30,9,7,9,0,131,3537.29,578.52,0,2
2026-01-19,South,Product B,Online,SMB,3775.34,19,7,6,7,0,90,2196.39,337.71,0,1
2026-01-19,South,Product B,Retail Partner,Enterprise,3961.84,20,6,4,6,0,88,2301.16,231.09,0,1
2026-01-19,South,Product B,Retail Partner,SMB,2805.18,14,5,4,5,0,60,1643.7,147.57,0,1
2026-01-19,South,Product C,Online,Enterprise,9137.61,21,6,5,6,0,101,5582.34,810.24,0,1
2026-01-19,South,Product C,Online,SMB,6877.06,16,6,5,6,0,64,3978.84,623.8,0,1
2026-01-19,South,Product C,Retail Partner,Enterprise,7488.52,17,5,4,5,0,74,4457.56,440.02,0,1
2026-01-19,South,Product C,Retail Partner,SMB,4888.35,11,4,3,4,0,44,2871.2,242.17,0,1
2026-01-19,East,Product A,Online,Enterprise,9302.33,32,9,7,9,0,167,4877.61,834.16,1,1
2026-01-19,East,Product A,Online,SMB,6926.43,24,9,7,9,0,102,3565.72,806.16,1,2
2026-01-19,East,Product A,Retail Partner,Enterprise,8227.85,28,8,6,8,0,105,4304.65,514.58,0,1
2026-01-19,East,Product A,Retail Partner,SMB,4724.02,16,6,5,6,0,74,2466.66,249.5,0,1
2026-01-19,East,Product B,Online,Enterprise,5189.85,25,7,5,7,0,107,3069.16,432.51,1,1
2026-01-19,East,Product B,Online,SMB,3466.99,17,7,5,7,0,81,2052.83,298.56,0,1
2026-01-19,East,Product B,Retail Partner,Enterprise,4292.44,21,6,5,6,0,84,2518.02,239.73,1,1
2026-01-19,East,Product B,Retail Partner,SMB,2484.28,12,5,4,5,0,54,1442.27,144.99,0,1
2026-01-19,East,Product C,Online,Enterprise,8899.37,20,6,4,6,0,83,5182.71,801.35,0,1
2026-01-19,East,Product C,Online,SMB,5374.82,12,5,4,5,0,56,3216.21,542.02,0,1
2026-01-19,East,Product C,Retail Partner,Enterprise,6203.05,14,4,3,4,0,62,3676.72,343.91,0,1
2026-01-19,East,Product C,Retail Partner,SMB,3910.83,9,3,3,3,0,41,2309.54,208.34,0,0
2026-01-19,West,Product A,Online,Enterprise,14642.82,50,14,11,14,1,201,7555.72,1412.06,1,3
2026-01-19,West,Product A,Online,SMB,9248.1,32,12,10,12,1,134,4868.22,904.35,1,3
2026-01-19,West,Product A,Retail Partner,Enterprise,9731.09,34,10,8,10,0,140,5218.95,570.99,0,1
2026-01-19,West,Product A,Retail Partner,SMB,5972.09,21,8,6,8,0,90,3172.47,296.42,1,1
2026-01-19,West,Product B,Online,Enterprise,7680.07,37,11,8,11,0,145,4474.36,768.89,1,2
2026-01-19,West,Product B,Online,SMB,4261.69,21,8,6,8,0,95,2486.58,427.27,0,1
2026-01-19,West,Product B,Retail Partner,Enterprise,5156.31,25,7,6,7,0,121,3032.67,245.09,0,1
2026-01-19,West,Product B,Retail Partner,SMB,3208.35,16,6,5,6,0,71,1868.92,175.83,1,1
2026-01-19,West,Product C,Online,Enterprise,10771.28,25,7,6,7,0,112,6397.06,1031.0,0,1
2026-01-19,West,Product C,Online,SMB,7877.0,18,7,6,7,0,82,4747.93,810.57,0,1
2026-01-19,West,Product C,Retail Partner,Enterprise,8993.03,20,6,5,6,0,83,5267.37,452.99,0,1
2026-01-19,West,Product C,Retail Partner,SMB,5431.61,13,5,4,5,0,54,3273.36,319.88,0,1
2026-01-26,North,Product A,Online,Enterprise,14760.07,52,15,12,15,1,230,7856.93,1515.15,1,2
2026-01-26,North,Product A,Online,SMB,9009.45,31,12,9,12,1,153,4691.6,871.72,1,2
2026-01-26,North,Product A,Retail Partner,Enterprise,9823.21,34,10,8,10,1,161,5271.05,477.75,0,1
2026-01-26,North,Product A,Retail Partner,SMB,7038.54,25,9,7,9,0,100,3755.7,424.68,1,1
2026-01-26,North,Product B,Online,Enterprise,7149.12,35,10,8,10,0,158,4153.26,703.62,1,1
2026-01-26,North,Product B,Online,SMB,4939.53,24,9,7,9,0,105,2840.25,484.47,0,1
2026-01-26,North,Product B,Retail Partner,Enterprise,5991.91,30,9,7,9,0,103,3521.47,334.08,1,1
2026-01-26,North,Product B,Retail Partner,SMB,3515.77,18,7,5,7,0,77,2087.06,173.05,0,1
2026-01-26,North,Product C,Online,Enterprise,12583.89,29,8,6,8,0,136,7488.25,1098.36,0,1
2026-01-26,North,Product C,Online,SMB,7032.86,16,6,5,6,0,77,4260.15,615.71,0,1
2026-01-26,North,Product C,Retail Partner,Enterprise,8354.9,19,5,4,5,0,84,5034.33,484.98,0,1
2026-01-26,North,Product C,Retail Partner,SMB,5702.76,13,5,4,5,0,54,3415.49,310.84,0,1
2026-01-26,South,Product A,Online,Enterprise,12261.48,43,12,9,12,1,163,6384.84,1131.92,1,2
2026-01-26,South,Product A,Online,SMB,7163.29,25,10,7,10,0,118,3790.31,676.68,1,1
2026-01-26,South,Product A,Retail Partner,Enterprise,8542.32,30,8,7,8,0,138,4452.07,442.21,0,1
2026-01-26,South,Product A,Retail Partner,SMB,5834.82,21,8,6,8,0,86,3087.05,272.72,0,1
2026-01-26,South,Product B,Online,Enterprise,6342.4,31,9,7,9,1,131,3781.62,595.2,1,1
2026-01-26,South,Product B,Online,SMB,4187.43,21,8,6,8,0,91,2466.06,424.09,0,1
2026-01-26,South,Product B,Retail Partner,Enterprise,4580.24,23,6,5,6,0,89,2687.58,208.94,1,1
2026-01-26,South,Product B,Retail Partner,SMB,2894.96,15,6,4,6,0,61,1719.3,169.92,0,1
2026-01-26,South,Product C,Online,Enterprise,9551.95,22,6,5,6,0,93,5658.39,949.37,0,1
2026-01-26,South,Product C,Online,SMB,6383.6,15,6,4,6,0,66,3851.93,620.45,0,1
2026-01-26,South,Product C,Retail Partner,Enterprise,7132.9,16,5,4,5,0,71,4240.13,402.5,0,1
2026-01-26,South,Product C,Retail Partner,SMB,4684.23,11,4,3,4,0,51,2799.84,222.17,0,1
2026-01-26,East,Product A,Online,Enterprise,9590.45,34,10,7,10,0,161,5179.13,926.16,1,1
2026-01-26,East,Product A,Online,SMB,6664.45,24,9,7,9,0,99,3570.05,565.98,1,1
2026-01-26,East,Product A,Retail Partner,Enterprise,7867.64,27,8,6,8,0,119,4092.66,358.06,1,1
2026-01-26,East,Product A,Retail Partner,SMB,4974.25,18,7,5,7,0,77,2657.76,248.37,0,1
2026-01-26,East,Product B,Online,Enterprise,5378.59,26,7,6,7,0,119,3084.25,514.78,1,1
2026-01-26,East,Product B,Online,SMB,3458.53,17,7,5,7,0,78,1992.6,323.92,0,1
2026-01-26,East,Product B,Retail Partner,Enterprise,3580.3,18,5,4,5,0,80,2091.63,170.46,0,1
2026-01-26,East,Product B,Retail Partner,SMB,2529.5,13,5,4,5,0,55,1495.62,128.44,0,1
2026-01-26,East,Product C,Online,Enterprise,8690.74,20,6,4,6,0,93,5138.7,779.67,0,1
2026-01-26,East,Product C,Online,SMB,5041.69,11,4,3,4,0,59,2984.23,472.32,0,1
2026-01-26,East,Product C,Retail Partner,Enterprise,6205.37,14,4,3,4,0,62,3654.8,299.36,0,1
2026-01-26,East,Product C,Retail Partner,SMB,3943.5,9,3,3,3,0,43,2382.12,210.22,0,0
2026-01-26,West,Product A,Online,Enterprise,13900.88,48,14,11,14,1,208,7212.9,1325.64,1,2
2026-01-26,West,Product A,Online,SMB,9088.89,32,12,10,12,0,136,4690.5,793.47,1,2
2026-01-26,West,Product A,Retail Partner,Enterprise,10086.75,35,10,8,10,1,132,5273.34,541.23,1,2
2026-01-26,West,Product A,Retail Partner,SMB,5889.53,21,8,6,8,0,98,3098.15,295.49,0,1
2026-01-26,West,Product B,Online,Enterprise,7596.66,37,11,9,11,1,148,4381.8,727.47,1,2
2026-01-26,West,Product B,Online,SMB,4804.01,24,9,7,9,0,93,2848.35,591.44,1,2
2026-01-26,West,Product B,Retail Partner,Enterprise,4907.11,25,7,6,7,0,112,2916.68,247.89,0,1
2026-01-26,West,Product B,Retail Partner,SMB,3098.64,15,6,5,6,0,65,1814.73,161.1,0,1
2026-01-26,West,Product C,Online,Enterprise,10956.93,25,7,6,7,0,120,6429.21,965.03,0,1
2026-01-26,West,Product C,Online,SMB,7648.34,17,7,5,7,0,77,4482.66,726.65,0,1
2026-01-26,West,Product C,Retail Partner,Enterprise,7670.22,18,5,4,5,0,83,4711.25,380.72,0,1
2026-01-26,West,Product C,Retail Partner,SMB,5428.43,12,5,4,5,0,54,3126.59,283.97,0,1
2026-02-02,North,Product A,Online,Enterprise,13451.81,47,13,10,13,0,235,7108.3,1318.34,1,1
2026-02-02,North,Product A,Online,SMB,9524.08,33,13,10,13,1,148,5092.43,903.08,1,2
2026-02-02,North,Product A,Retail Partner,Enterprise,9739.55,34,10,8,10,0,158,5110.54,509.63,1,1
2026-02-02,North,Product A,Retail Partner,SMB,7526.71,27,10,8,10,0,114,4041.98,371.46,1,1
2026-02-02,North,Product B,Online,Enterprise,8064.38,40,11,9,11,0,144,4687.51,690.99,1,2
2026-02-02,North,Product B,Online,SMB,5170.26,25,10,8,10,0,108,2988.64,482.91,1,2
2026-02-02,North,Product B,Retail Partner,Enterprise,5160.97,25,7,6,7,0,129,2985.94,300.66,0,1
2026-02-02,North,Product B,Retail Partner,SMB,3766.06,19,7,6,7,0,79,2184.96,210.35,1,1
2026-02-02,North,Product C,Online,Enterprise,12582.34,29,8,7,8,0,126,7560.34,1051.83,1,1
2026-02-02,North,Product C,Online,SMB,7430.36,17,7,5,7,0,79,4375.17,725.52,0,1
2026-02-02,North,Product C,Retail Partner,Enterprise,8070.18,18,5,4,5,0,90,4852.45,390.43,0,1
2026-02-02,North,Product C,Retail Partner,SMB,5481.85,13,5,4,5,0,56,3299.26,306.23,0,1
2026-02-02,South,Product A,Online,Enterprise,11821.4,42,12,10,12,1,167,6385.63,1067.83,1,2
2026-02-02,South,Product A,Online,SMB,8262.71,29,11,9,11,0,127,4324.85,694.99,1,2
2026-02-02,South,Product A,Retail Partner,Enterprise,8716.69,31,9,7,9,1,156,4579.14,470.31,0,1
2026-02-02,South,Product A,Retail Partner,SMB,6090.83,22,8,6,8,0,86,3340.82,372.82,1,1
2026-02-02,South,Product B,Online,Enterprise,6084.92,30,9,7,9,0,124,3594.92,660.49,1,1
2026-02-02,South,Product B,Online,SMB,3993.9,20,8,6,8,0,84,2454.75,329.03,0,2
2026-02-02,South,Product B,Retail Partner,Enterprise,4311.46,22,6,5,6,1,91,2567.19,232.42,0,1
2026-02-02,South,Product B,Retail Partner,SMB,2858.41,14,6,4,6,0,65,1670.74,136.35,0,1
2026-02-02,South,Product C,Online,Enterprise,10598.42,24,7,6,7,0,97,6225.85,1032.42,0,1
2026-02-02,South,Product C,Online,SMB,7142.66,16,6,5,6,0,65,4181.36,737.36,0,1
2026-02-02,South,Product C,Retail Partner,Enterprise,7239.96,16,5,4,5,0,78,4260.43,386.69,0,1
2026-02-02,South,Product C,Retail Partner,SMB,4778.7,11,4,3,4,0,45,2846.27,244.57,0,1
2026-02-02,East,Product A,Online,Enterprise,10716.82,38,11,8,11,0,165,5674.49,978.37,1,2
2026-02-02,East,Product A,Online,SMB,6515.82,23,9,7,9,1,105,3477.03,618.53,1,1
2026-02-02,East,Product A,Retail Partner,Enterprise,7286.91,26,7,6,7,0,108,3814.08,390.34,0,1
2026-02-02,East,Product A,Retail Partner,SMB,4806.02,17,7,5,7,0,73,2566.2,285.62,0,1
2026-02-02,East,Product B,Online,Enterprise,5214.74,26,7,6,7,0,122,2965.77,424.28,0,1
2026-02-02,East,Product B,Online,SMB,3020.4,15,6,4,6,0,78,1763.37,304.36,0,1
2026-02-02,East,Product B,Retail Partner,Enterprise,3946.32,20,6,4,6,0,79,2330.17,207.46,0,1
2026-02-02,East,Product B,Retail Partner,SMB,2557.27,13,5,4,5,0,54,1496.44,140.8,0,1
2026-02-02,East,Product C,Online,Enterprise,8766.82,20,6,4,6,0,82,5258.21,896.36,0,1
2026-02-02,East,Product C,Online,SMB,6217.08,14,6,4,6,0,58,3718.27,540.54,0,1
2026-02-02,East,Product C,Retail Partner,Enterprise,6006.46,14,4,3,4,0,60,3638.04,321.7,0,0
2026-02-02,East,Product C,Retail Partner,SMB,4255.94,10,4,3,4,0,42,2524.54,302.79,0,1
2026-02-02,West,Product A,Online,Enterprise,12211.11,43,12,10,12,1,195,6510.44,1176.93,1,2
2026-02-02,West,Product A,Online,SMB,8796.71,31,12,9,12,1,135,4651.99,791.58,1,2
2026-02-02,West,Product A,Retail Partner,Enterprise,9348.29,33,9,7,9,0,144,4862.6,465.01,0,1
2026-02-02,West,Product A,Retail Partner,SMB,7172.1,25,10,8,10,0,103,3813.36,352.57,1,1
2026-02-02,West,Product B,Online,Enterprise,6495.66,33,9,7,9,0,153,3813.01,583.36,1,2
2026-02-02,West,Product B,Online,SMB,4393.43,22,9,7,9,0,89,2612.2,436.94,0,1
2026-02-02,West,Product B,Retail Partner,Enterprise,4916.91,24,7,5,7,0,109,2840.08,266.35,1,1
2026-02-02,West,Product B,Retail Partner,SMB,3362.53,17,6,5,6,1,73,1933.04,182.45,0,1
2026-02-02,West,Product C,Online,Enterprise,11841.78,27,8,6,8,0,110,7110.04,1044.04,1,1
2026-02-02,West,Product C,Online,SMB,7227.75,17,6,5,6,0,75,4271.37,698.85,0,1
2026-02-02,West,Product C,Retail Partner,Enterprise,8393.76,19,5,4,5,0,87,5081.59,496.02,0,1
2026-02-02,West,Product C,Retail Partner,SMB,5202.33,12,5,4,5,0,56,3091.69,267.4,0,1
2026-02-09,North,Product A,Online,Enterprise,13485.17,47,13,10,13,1,235,7030.51,1506.33,1,2
2026-02-09,North,Product A,Online,SMB,10385.28,37,14,11,14,1,148,5552.49,972.07,1,1
2026-02-09,North,Product A,Retail Partner,Enterprise,9108.37,32,9,7,9,0,166,4839.7,455.41,1,1
2026-02-09,North,Product A,Retail Partner,SMB,6206.02,21,8,6,8,1,99,3237.8,347.55,1,1
2026-02-09,North,Product B,Online,Enterprise,8023.28,39,11,9,11,0,172,4658.0,723.49,1,1
2026-02-09,North,Product B,Online,SMB,4415.76,22,8,7,8,0,105,2629.86,443.99,1,1
2026-02-09,North,Product B,Retail Partner,Enterprise,5121.65,26,7,6,7,0,111,3016.94,271.15,0,1
2026-02-09,North,Product B,Retail Partner,SMB,3778.33,19,7,6,7,0,84,2238.41,166.69,1,1
2026-02-09,North,Product C,Online,Enterprise,12847.18,29,8,7,8,0,111,7733.73,1456.46,0,1
2026-02-09,North,Product C,Online,SMB,9046.5,20,8,6,8,0,83,5304.94,901.94,1,1
2026-02-09,North,Product C,Retail Partner,Enterprise,9046.05,21,6,5,6,0,84,5427.56,411.77,0,1
2026-02-09,North,Product C,Retail Partner,SMB,5858.28,13,5,4,5,0,53,3499.06,311.65,0,1
2026-02-09,South,Product A,Online,Enterprise,11432.58,40,11,8,11,1,185,6054.98,1046.64,1,1
2026-02-09,South,Product A,Online,SMB,7443.36,26,10,8,10,0,113,3952.37,735.84,1,2
2026-02-09,South,Product A,Retail Partner,Enterprise,8319.09,29,8,6,8,0,121,4478.41,442.18,0,1
2026-02-09,South,Product A,Retail Partner,SMB,6078.55,21,8,6,8,0,88,3252.95,277.67,0,1
2026-02-09,South,Product B,Online,Enterprise,6151.99,30,9,6,9,0,124,3618.04,602.13,1,1
2026-02-09,South,Product B,Online,SMB,4302.13,21,8,6,8,0,91,2473.41,416.98,0,1
2026-02-09,South,Product B,Retail Partner,Enterprise,4611.7,23,7,5,7,0,95,2686.71,273.78,1,1
2026-02-09,South,Product B,Retail Partner,SMB,3342.39,16,6,5,6,0,59,1945.69,181.44,1,1
2026-02-09,South,Product C,Online,Enterprise,10355.12,24,7,5,7,0,102,6227.01,992.31,0,1
2026-02-09,South,Product C,Online,SMB,6550.44,15,6,4,6,0,69,3859.31,593.38,0,1
2026-02-09,South,Product C,Retail Partner,Enterprise,6276.12,14,4,3,4,0,70,3697.92,324.0,0,1
2026-02-09,South,Product C,Retail Partner,SMB,4926.54,11,4,3,4,0,45,2867.84,240.37,0,1
2026-02-09,East,Product A,Online,Enterprise,10105.16,36,10,8,10,0,156,5359.81,918.02,1,2
2026-02-09,East,Product A,Online,SMB,6965.99,25,9,7,9,0,104,3706.11,598.64,1,1
2026-02-09,East,Product A,Retail Partner,Enterprise,7682.86,26,8,6,8,0,116,4018.56,409.66,0,1
2026-02-09,East,Product A,Retail Partner,SMB,4940.0,17,7,5,7,0,73,2571.25,274.8,0,1
2026-02-09,East,Product B,Online,Enterprise,5364.6,27,8,6,8,0,113,3126.48,499.81,0,1
2026-02-09,East,Product B,Online,SMB,3535.89,18,7,6,7,0,79,2109.96,341.92,0,1
2026-02-09,East,Product B,Retail Partner,Enterprise,3624.12,18,5,4,5,0,82,2136.16,176.16,0,1
2026-02-09,East,Product B,Retail Partner,SMB,2630.78,13,5,4,5,0,60,1518.3,137.05,0,1
2026-02-09,East,Product C,Online,Enterprise,8440.29,19,6,4,6,0,84,5012.39,704.14,0,1
2026-02-09,East,Product C,Online,SMB,5812.24,13,5,4,5,0,59,3436.15,554.36,0,1
2026-02-09,East,Product C,Retail Partner,Enterprise,5836.91,13,4,3,4,0,56,3445.89,293.11,0,1
2026-02-09,East,Product C,Retail Partner,SMB,4105.01,9,4,3,4,0,42,2402.7,204.73,0,1
2026-02-09,West,Product A,Online,Enterprise,14231.05,49,14,12,14,0,200,7572.47,1316.31,1,2
2026-02-09,West,Product A,Online,SMB,8523.91,30,11,9,11,1,143,4553.68,778.99,0,2
2026-02-09,West,Product A,Retail Partner,Enterprise,9635.29,34,10,7,10,0,159,5224.26,477.67,1,1
2026-02-09,West,Product A,Retail Partner,SMB,7074.37,24,9,8,9,1,95,3650.59,360.22,1,1
2026-02-09,West,Product B,Online,Enterprise,7388.12,37,11,8,11,1,147,4344.25,646.09,0,2
2026-02-09,West,Product B,Online,SMB,4491.09,22,8,7,8,0,95,2625.97,439.07,0,1
2026-02-09,West,Product B,Retail Partner,Enterprise,5181.79,26,7,5,7,0,111,3145.16,307.4,0,1
2026-02-09,West,Product B,Retail Partner,SMB,3407.05,17,7,5,7,0,68,2024.58,191.51,0,1
2026-02-09,West,Product C,Online,Enterprise,11505.06,26,7,6,7,0,111,6763.95,1201.27,1,1
2026-02-09,West,Product C,Online,SMB,7950.21,18,7,5,7,0,76,4810.41,820.69,1,1
2026-02-09,West,Product C,Retail Partner,Enterprise,8559.3,20,6,4,6,0,79,5148.91,462.86,0,1
2026-02-09,West,Product C,Retail Partner,SMB,5568.61,13,5,4,5,0,55,3303.23,292.44,0,1
2026-02-16,North,Product A,Online,Enterprise,14537.26,52,15,11,15,1,220,7916.84,1264.93,1,2
2026-02-16,North,Product A,Online,SMB,9325.41,33,13,10,13,1,146,5057.76,813.86,1,2
2026-02-16,North,Product A,Retail Partner,Enterprise,10415.12,36,10,8,10,0,163,5466.58,465.74,1,1
2026-02-16,North,Product A,Retail Partner,SMB,7592.67,26,10,8,10,0,97,3904.19,392.94,1,1
2026-02-16,North,Product B,Online,Enterprise,7206.39,35,10,8,10,0,172,4076.12,726.57,1,1
2026-02-16,North,Product B,Online,SMB,5034.5,25,10,7,10,0,107,2914.22,517.55,1,1
2026-02-16,North,Product B,Retail Partner,Enterprise,5261.41,26,7,6,7,0,117,3022.38,286.31,1,1
2026-02-16,North,Product B,Retail Partner,SMB,3533.98,18,7,5,7,0,80,2106.74,167.8,0,1
2026-02-16,North,Product C,Online,Enterprise,11724.4,27,8,6,8,1,124,7048.48,1133.07,0,1
2026-02-16,North,Product C,Online,SMB,8524.64,19,7,5,7,0,88,4857.85,879.69,0,1
2026-02-16,North,Product C,Retail Partner,Enterprise,8510.67,19,6,4,6,0,84,5017.11,423.09,0,1
2026-02-16,North,Product C,Retail Partner,SMB,5983.24,13,5,4,5,0,56,3477.41,337.34,0,1
2026-02-16,South,Product A,Online,Enterprise,11279.17,40,11,9,11,0,175,5995.04,983.36,1,2
2026-02-16,South,Product A,Online,SMB,8510.56,30,12,9,12,0,115,4537.79,912.37,1,2
2026-02-16,South,Product A,Retail Partner,Enterprise,8834.66,30,9,7,9,0,128,4593.72,525.74,1,1
2026-02-16,South,Product A,Retail Partner,SMB,5817.19,20,8,6,8,0,86,3026.59,261.28,0,1
2026-02-16,South,Product B,Online,Enterprise,6647.58,33,9,8,9,1,143,3805.82,681.24,0,1
2026-02-16,South,Product B,Online,SMB,4011.07,20,8,6,8,0,91,2302.07,362.64,0,1
2026-02-16,South,Product B,Retail Partner,Enterprise,4540.54,22,6,5,6,0,102,2691.69,230.24,0,1
2026-02-16,South,Product B,Retail Partner,SMB,3026.14,15,6,4,6,0,64,1770.67,150.35,0,1
2026-02-16,South,Product C,Online,Enterprise,9399.88,22,6,5,6,0,97,5690.34,856.87,0,1
2026-02-16,South,Product C,Online,SMB,6003.29,14,5,4,5,0,68,3633.06,546.9,1,1
2026-02-16,South,Product C,Retail Partner,Enterprise,7383.44,17,5,4,5,0,71,4366.87,379.2,0,1
2026-02-16,South,Product C,Retail Partner,SMB,5119.28,12,4,4,4,0,47,3047.74,278.12,0,1
2026-02-16,East,Product A,Online,Enterprise,9938.46,35,10,7,10,1,172,5357.75,1051.24,1,2
2026-02-16,East,Product A,Online,SMB,7002.17,25,9,7,9,0,104,3673.43,561.97,1,2
2026-02-16,East,Product A,Retail Partner,Enterprise,7575.52,26,7,6,7,0,112,3857.26,398.32,0,1
2026-02-16,East,Product A,Retail Partner,SMB,4465.63,16,6,5,6,0,74,2368.68,215.45,0,1
2026-02-16,East,Product B,Online,Enterprise,5080.15,25,7,5,7,0,121,2937.15,455.6,1,1
2026-02-16,East,Product B,Online,SMB,3481.8,17,7,5,7,0,73,2029.27,319.72,0,1
2026-02-16,East,Product B,Retail Partner,Enterprise,3954.53,20,6,4,6,0,81,2307.41,197.97,0,1
2026-02-16,East,Product B,Retail Partner,SMB,2338.61,12,4,3,4,0,57,1366.57,106.07,0,1
2026-02-16,East,Product C,Online,Enterprise,7912.77,18,5,4,5,0,85,4662.41,666.73,0,1
2026-02-16,East,Product C,Online,SMB,5694.23,13,5,4,5,0,61,3395.8,491.67,0,1
2026-02-16,East,Product C,Retail Partner,Enterprise,5723.39,13,4,3,4,0,65,3384.14,267.94,0,1
2026-02-16,East,Product C,Retail Partner,SMB,4120.7,9,4,3,4,0,43,2412.44,196.3,0,1
2026-02-16,West,Product A,Online,Enterprise,14255.61,49,14,11,14,1,199,7497.44,1147.95,1,2
2026-02-16,West,Product A,Online,SMB,8410.14,29,11,9,11,0,134,4424.5,935.52,1,2
2026-02-16,West,Product A,Retail Partner,Enterprise,9662.63,33,10,7,10,1,146,5040.64,507.29,1,1
2026-02-16,West,Product A,Retail Partner,SMB,6520.44,23,9,7,9,0,101,3410.87,321.63,1,1
2026-02-16,West,Product B,Online,Enterprise,7197.51,35,10,8,10,0,150,4259.17,664.28,1,2
2026-02-16,West,Product B,Online,SMB,4695.84,24,9,7,9,0,105,2786.48,442.26,1,1
2026-02-16,West,Product B,Retail Partner,Enterprise,5437.83,27,8,6,8,0,107,3219.81,257.4,0,1
2026-02-16,West,Product B,Retail Partner,SMB,3323.75,16,6,5,6,0,69,1963.94,163.58,0,1
2026-02-16,West,Product C,Online,Enterprise,12002.91,28,8,6,8,0,111,7349.55,1224.5,0,2
2026-02-16,West,Product C,Online,SMB,8088.07,18,7,6,7,0,74,4841.12,682.31,0,1
2026-02-16,West,Product C,Retail Partner,Enterprise,7996.17,18,5,4,5,0,82,4836.83,429.55,0,1
2026-02-16,West,Product C,Retail Partner,SMB,5712.26,13,5,4,5,0,54,3428.73,333.53,0,1
2026-02-23,North,Product A,Online,Enterprise,13414.09,46,13,10,13,1,209,6973.49,1249.7,1,2
2026-02-23,North,Product A,Online,SMB,10477.83,36,14,11,14,1,149,5499.21,927.54,1,2
2026-02-23,North,Product A,Retail Partner,Enterprise,10395.73,37,10,8,10,0,161,5703.32,517.05,1,2
2026-02-23,North,Product A,Retail Partner,SMB,7361.18,26,10,8,10,0,111,3895.46,409.77,1,1
2026-02-23,North,Product B,Online,Enterprise,7644.82,38,11,9,11,1,155,4507.46,614.96,1,1
2026-02-23,North,Product B,Online,SMB,5197.97,26,10,8,10,0,119,3034.8,523.43,1,2
2026-02-23,North,Product B,Retail Partner,Enterprise,5656.62,27,8,6,8,0,122,3252.84,251.58,1,1
2026-02-23,North,Product B,Retail Partner,SMB,3677.53,18,7,5,7,0,87,2121.36,189.14,0,1
2026-02-23,North,Product C,Online,Enterprise,12034.25,27,8,6,8,0,113,7310.52,1188.73,0,1
2026-02-23,North,Product C,Online,SMB,7315.38,17,6,5,6,0,83,4393.0,691.04,0,1
2026-02-23,North,Product C,Retail Partner,Enterprise,9137.47,21,6,4,6,0,86,5442.32,435.98,0,1
2026-02-23,North,Product C,Retail Partner,SMB,5757.12,13,5,4,5,0,59,3405.47,287.91,0,1
2026-02-23,South,Product A,Online,Enterprise,11517.9,40,11,9,11,1,180,5912.19,1155.62,1,2
2026-02-23,South,Product A,Online,SMB,8260.32,29,11,9,11,0,133,4396.95,697.01,1,2
2026-02-23,South,Product A,Retail Partner,Enterprise,8781.0,31,9,7,9,1,132,4673.43,458.83,0,1
2026-02-23,South,Product A,Retail Partner,SMB,5527.29,19,7,6,7,0,87,2860.11,284.65,0,1
2026-02-23,South,Product B,Online,Enterprise,6377.99,31,9,7,9,1,127,3638.17,570.97,1,1
2026-02-23,South,Product B,Online,SMB,3930.92,20,8,6,8,0,88,2324.63,317.01,0,1
2026-02-23,South,Product B,Retail Partner,Enterprise,3950.18,20,6,4,6,0,100,2331.71,201.17,0,1
2026-02-23,South,Product B,Retail Partner,SMB,3154.84,16,6,5,6,0,64,1837.7,151.78,0,1
2026-02-23,South,Product C,Online,Enterprise,9871.92,22,6,5,6,0,98,5725.89,984.94,1,1
2026-02-23,South,Product C,Online,SMB,6654.3,15,6,5,6,0,63,3936.21,610.71,0,1
2026-02-23,South,Product C,Retail Partner,Enterprise,7457.48,17,5,4,5,0,72,4387.57,378.1,0,1
2026-02-23,South,Product C,Retail Partner,SMB,4297.07,10,4,3,4,0,50,2555.52,208.23,0,1
2026-02-23,East,Product A,Online,Enterprise,10621.51,37,11,8,11,0,158,5592.35,858.1,1,1
2026-02-23,East,Product A,Online,SMB,6546.39,23,9,7,9,1,100,3457.79,592.29,1,1
2026-02-23,East,Product A,Retail Partner,Enterprise,7483.83,26,8,6,8,0,120,3935.67,439.01,0,1
2026-02-23,East,Product A,Retail Partner,SMB,5495.38,19,7,6,7,0,73,2945.24,246.18,0,1
2026-02-23,East,Product B,Online,Enterprise,5690.29,29,8,7,8,0,116,3390.44,643.02,0,1
2026-02-23,East,Product B,Online,SMB,3628.15,18,7,5,7,0,72,2134.3,295.61,0,1
2026-02-23,East,Product B,Retail Partner,Enterprise,4148.41,21,6,4,6,0,80,2458.42,210.59,0,1
2026-02-23,East,Product B,Retail Partner,SMB,2402.02,12,5,3,5,0,49,1407.18,138.26,0,1
2026-02-23,East,Product C,Online,Enterprise,8689.96,20,6,5,6,0,85,5200.01,928.57,0,1
2026-02-23,East,Product C,Online,SMB,6374.98,14,5,4,5,0,58,3712.65,559.56,0,1
2026-02-23,East,Product C,Retail Partner,Enterprise,6402.65,15,4,3,4,0,63,3840.72,329.15,0,1
2026-02-23,East,Product C,Retail Partner,SMB,4015.7,9,4,3,4,0,39,2428.64,246.88,0,0
2026-02-23,West,Product A,Online,Enterprise,12683.54,45,13,10,13,1,185,6875.12,1224.9,1,2
2026-02-23,West,Product A,Online,SMB,9353.41,33,13,10,13,1,136,4940.8,968.77,1,2
2026-02-23,West,Product A,Retail Partner,Enterprise,10302.52,36,10,8,10,0,136,5486.02,568.45,1,2
2026-02-23,West,Product A,Retail Partner,SMB,6529.25,23,9,7,9,0,91,3537.14,364.72,1,1
2026-02-23,West,Product B,Online,Enterprise,6685.86,33,9,7,9,0,151,3874.11,510.52,0,1
2026-02-23,West,Product B,Online,SMB,4168.67,21,8,6,8,0,101,2482.34,357.96,1,1
2026-02-23,West,Product B,Retail Partner,Enterprise,5000.51,25,7,5,7,0,105,2919.65,264.7,1,1
2026-02-23,West,Product B,Retail Partner,SMB,3249.38,16,6,5,6,0,74,1864.66,159.08,0,1
2026-02-23,West,Product C,Online,Enterprise,11181.05,26,7,6,7,0,115,6696.33,1047.79,1,1
2026-02-23,West,Product C,Online,SMB,7779.85,18,7,6,7,0,71,4672.6,691.37,0,1
2026-02-23,West,Product C,Retail Partner,Enterprise,8003.83,18,5,4,5,0,82,4691.1,431.75,0,1
2026-02-23,West,Product C,Retail Partner,SMB,5543.08,13,5,3,5,0,54,3297.29,286.58,0,1
2026-03-02,North,Product A,Online,Enterprise,14131.85,50,14,11,14,1,229,7496.88,1320.81,1,2
2026-03-02,North,Product A,Online,SMB,10561.89,37,14,11,14,1,146,5535.77,923.6,1,2
2026-03-02,North,Product A,Retail Partner,Enterprise,11082.58,39,11,9,11,1,145,5826.37,626.99,1,2
2026-03-02,North,Product A,Retail Partner,SMB,7416.81,27,10,8,10,1,109,4032.62,356.4,1,1
2026-03-02,North,Product B,Online,Enterprise,7125.16,36,10,8,10,0,155,4154.22,692.15,1,1
2026-03-02,North,Product B,Online,SMB,4401.42,22,8,6,8,0,107,2558.66,509.15,0,1
2026-03-02,North,Product B,Retail Partner,Enterprise,5230.65,26,7,6,7,0,124,3077.56,276.67,0,1
2026-03-02,North,Product B,Retail Partner,SMB,3725.15,19,7,5,7,0,76,2198.81,189.86,0,1
2026-03-02,North,Product C,Online,Enterprise,13381.02,30,9,7,9,0,122,7845.57,1235.17,0,1
2026-03-02,North,Product C,Online,SMB,8272.06,19,7,6,7,1,82,4904.01,710.56,0,1
2026-03-02,North,Product C,Retail Partner,Enterprise,9492.46,21,6,5,6,0,81,5518.41,512.18,0,1
2026-03-02,North,Product C,Retail Partner,SMB,6029.68,14,5,4,5,0,55,3645.5,305.81,0,1
2026-03-02,South,Product A,Online,Enterprise,12925.17,45,13,10,13,1,184,6679.95,1141.9,1,2
2026-03-02,South,Product A,Online,SMB,7981.93,28,11,8,11,1,130,4260.45,705.34,1,2
2026-03-02,South,Product A,Retail Partner,Enterprise,8553.24,30,8,6,8,0,134,4455.65,502.41,0,2
2026-03-02,South,Product A,Retail Partner,SMB,4967.48,17,7,5,7,0,82,2623.32,272.46,0,1
2026-03-02,South,Product B,Online,Enterprise,6163.48,30,9,7,9,0,140,3583.95,503.93,1,1
2026-03-02,South,Product B,Online,SMB,3970.91,20,8,6,8,0,91,2352.51,345.14,0,1
2026-03-02,South,Product B,Retail Partner,Enterprise,4319.82,22,6,5,6,0,97,2553.07,216.87,0,1
2026-03-02,South,Product B,Retail Partner,SMB,2897.62,14,5,4,5,0,66,1665.2,151.38,0,1
2026-03-02,South,Product C,Online,Enterprise,10089.65,23,7,5,7,0,96,6019.76,999.84,0,1
2026-03-02,South,Product C,Online,SMB,7093.31,16,6,5,6,0,67,4126.77,706.91,0,1
2026-03-02,South,Product C,Retail Partner,Enterprise,7122.34,16,5,4,5,0,69,4201.03,381.71,0,1
2026-03-02,South,Product C,Retail Partner,SMB,4944.19,11,4,4,4,0,48,2913.7,231.26,0,1
2026-03-02,East,Product A,Online,Enterprise,9950.63,35,10,8,10,0,172,5322.0,925.12,1,1
2026-03-02,East,Product A,Online,SMB,6456.81,23,9,7,9,0,117,3459.18,632.61,0,2
2026-03-02,East,Product A,Retail Partner,Enterprise,6645.41,23,7,5,7,0,118,3408.95,348.65,0,1
2026-03-02,East,Product A,Retail Partner,SMB,5291.07,18,7,6,7,0,72,2804.39,272.16,0,1
2026-03-02,East,Product B,Online,Enterprise,5927.29,29,8,7,8,1,116,3342.45,553.45,1,1
2026-03-02,East,Product B,Online,SMB,3545.95,17,7,6,7,0,74,2045.02,275.87,0,1
2026-03-02,East,Product B,Retail Partner,Enterprise,3686.74,18,5,4,5,0,82,2159.59,190.72,0,1
2026-03-02,East,Product B,Retail Partner,SMB,2502.1,12,5,4,5,0,56,1473.41,119.79,0,1
2026-03-02,East,Product C,Online,Enterprise,7724.29,18,5,4,5,0,91,4661.73,605.02,0,1
2026-03-02,East,Product C,Online,SMB,6670.6,15,6,5,6,0,49,3904.41,598.58,0,1
2026-03-02,East,Product C,Retail Partner,Enterprise,5996.2,13,4,3,4,0,58,3467.05,353.79,0,0
2026-03-02,East,Product C,Retail Partner,SMB,4008.82,9,4,3,4,0,45,2395.19,232.81,0,1
2026-03-02,West,Product A,Online,Enterprise,13253.0,47,13,10,13,1,214,7031.73,1153.94,1,2
2026-03-02,West,Product A,Online,SMB,8815.25,31,12,9,12,0,134,4619.82,792.53,0,2
2026-03-02,West,Product A,Retail Partner,Enterprise,8818.65,31,9,7,9,0,156,4609.47,446.99,1,2
2026-03-02,West,Product A,Retail Partner,SMB,7106.09,25,10,7,10,0,94,3755.3,380.43,0,1
2026-03-02,West,Product B,Online,Enterprise,7519.71,37,10,8,10,0,142,4356.57,683.25,1,1
2026-03-02,West,Product B,Online,SMB,4618.21,23,9,7,9,0,98,2681.85,440.23,0,1
2026-03-02,West,Product B,Retail Partner,Enterprise,4793.36,24,7,6,7,0,114,2826.95,249.22,1,1
2026-03-02,West,Product B,Retail Partner,SMB,3337.67,16,6,5,6,0,77,1922.97,150.8,0,1
2026-03-02,West,Product C,Online,Enterprise,11826.5,27,8,6,8,0,114,6888.89,1114.59,0,1
2026-03-02,West,Product C,Online,SMB,7391.31,17,7,5,7,0,79,4439.47,769.71,0,1
2026-03-02,West,Product C,Retail Partner,Enterprise,8754.98,20,6,4,6,0,79,5217.29,394.85,0,1
2026-03-02,West,Product C,Retail Partner,SMB,5408.2,13,5,4,5,0,51,3221.45,284.52,0,1
2026-03-09,North,Product A,Online,Enterprise,14666.56,51,14,11,14,1,204,7634.08,1354.22,1,2
2026-03-09,North,Product A,Online,SMB,10808.11,37,14,11,14,1,144,5537.89,1023.16,1,2
2026-03-09,North,Product A,Retail Partner,Enterprise,10505.31,37,11,9,11,0,160,5605.07,580.64,1,2
2026-03-09,North,Product A,Retail Partner,SMB,6963.49,24,9,7,9,0,112,3645.98,345.28,1,1
2026-03-09,North,Product B,Online,Enterprise,7789.33,39,11,9,11,0,163,4493.6,689.78,1,2
2026-03-09,North,Product B,Online,SMB,5407.12,27,10,8,10,0,111,3153.03,490.85,1,2
2026-03-09,North,Product B,Retail Partner,Enterprise,5533.74,27,8,6,8,0,124,3248.09,277.1,0,1
2026-03-09,North,Product B,Retail Partner,SMB,3846.46,19,7,5,7,0,82,2165.82,189.2,1,1
2026-03-09,North,Product C,Online,Enterprise,13091.32,30,9,7,9,1,130,7834.63,1340.21,0,1
2026-03-09,North,Product C,Online,SMB,7869.02,18,7,5,7,0,85,4635.99,671.36,0,1
2026-03-09,North,Product C,Retail Partner,Enterprise,8970.42,21,6,5,6,0,81,5366.18,428.53,0,1
2026-03-09,North,Product C,Retail Partner,SMB,6070.79,14,5,4,5,0,61,3548.68,297.18,0,1
2026-03-09,South,Product A,Online,Enterprise,12336.82,44,12,10,12,1,197,6562.66,1219.63,1,1
2026-03-09,South,Product A,Online,SMB,8095.28,29,11,9,11,1,126,4417.25,750.82,1,2
2026-03-09,South,Product A,Retail Partner,Enterprise,8035.65,28,8,6,8,0,131,4227.73,403.43,1,1
2026-03-09,South,Product A,Retail Partner,SMB,5765.95,20,8,6,8,0,79,3102.87,292.28,1,1
2026-03-09,South,Product B,Online,Enterprise,6430.11,31,9,7,9,0,138,3668.88,658.38,1,1
2026-03-09,South,Product B,Online,SMB,3993.04,20,8,6,8,0,99,2365.11,334.74,1,1
2026-03-09,South,Product B,Retail Partner,Enterprise,4326.9,22,6,5,6,0,100,2518.49,289.19,1,1
2026-03-09,South,Product B,Retail Partner,SMB,2668.54,13,5,4,5,0,62,1553.65,134.29,0,1
2026-03-09,South,Product C,Online,Enterprise,9925.6,23,6,5,6,0,99,5915.46,878.59,1,1
2026-03-09,South,Product C,Online,SMB,5969.56,14,5,4,5,0,69,3532.29,559.33,0,1
2026-03-09,South,Product C,Retail Partner,Enterprise,8473.34,19,5,4,5,0,76,4987.13,411.22,0,1
2026-03-09,South,Product C,Retail Partner,SMB,4411.11,10,4,3,4,0,50,2611.43,222.54,0,1
2026-03-09,East,Product A,Online,Enterprise,10675.78,37,11,8,11,1,156,5732.0,872.49,1,1
2026-03-09,East,Product A,Online,SMB,6947.62,25,9,7,9,0,106,3723.36,619.33,1,2
2026-03-09,East,Product A,Retail Partner,Enterprise,7877.84,28,8,6,8,0,127,4132.99,395.73,1,1
2026-03-09,East,Product A,Retail Partner,SMB,5011.77,18,7,5,7,0,76,2650.5,233.15,1,1
2026-03-09,East,Product B,Online,Enterprise,4698.65,24,7,5,7,0,115,2789.55,468.86,1,1
2026-03-09,East,Product B,Online,SMB,3581.73,17,7,5,7,0,76,2048.96,345.36,0,1
2026-03-09,East,Product B,Retail Partner,Enterprise,3967.81,20,6,4,6,0,89,2275.97,193.56,0,1
2026-03-09,East,Product B,Retail Partner,SMB,2775.61,14,5,4,5,0,59,1595.75,130.74,0,1
2026-03-09,East,Product C,Online,Enterprise,9572.84,22,6,5,6,0,89,5548.61,908.61,0,1
2026-03-09,East,Product C,Online,SMB,5756.93,13,5,4,5,0,60,3361.76,609.33,0,1
2026-03-09,East,Product C,Retail Partner,Enterprise,6648.34,15,4,3,4,0,66,3932.35,326.04,0,1
2026-03-09,East,Product C,Retail Partner,SMB,4302.35,10,4,3,4,0,40,2529.88,246.7,0,1
2026-03-09,West,Product A,Online,Enterprise,14433.05,51,14,11,14,0,210,7657.51,1296.31,1,2
2026-03-09,West,Product A,Online,SMB,10059.5,35,14,11,14,0,129,5264.54,888.06,0,2
2026-03-09,West,Product A,Retail Partner,Enterprise,10367.1,36,10,8,10,0,138,5417.69,550.88,1,2
2026-03-09,West,Product A,Retail Partner,SMB,6294.24,22,9,6,9,0,98,3316.43,331.06,1,1
2026-03-09,West,Product B,Online,Enterprise,7381.48,37,11,8,11,1,150,4453.58,597.58,1,2
2026-03-09,West,Product B,Online,SMB,4946.64,24,9,7,9,0,100,2916.05,429.07,0,1
2026-03-09,West,Product B,Retail Partner,Enterprise,5468.0,27,8,6,8,0,110,3198.24,259.41,0,1
2026-03-09,West,Product B,Retail Partner,SMB,3181.8,16,6,4,6,0,66,1851.48,191.44,0,1
2026-03-09,West,Product C,Online,Enterprise,10964.68,25,7,5,7,0,107,6465.84,1125.37,1,1
2026-03-09,West,Product C,Online,SMB,7769.03,18,7,6,7,0,75,4752.56,714.94,0,1
2026-03-09,West,Product C,Retail Partner,Enterprise,8535.88,20,6,4,6,0,84,5110.1,437.36,0,1
2026-03-09,West,Product C,Retail Partner,SMB,5184.45,12,5,3,5,0,51,3095.27,279.64,0,1
2026-03-16,North,Product A,Online,Enterprise,13478.98,48,14,10,14,1,225,7373.01,1449.82,1,2
2026-03-16,North,Product A,Online,SMB,8950.49,32,12,9,12,1,151,4748.52,834.22,1,2
2026-03-16,North,Product A,Retail Partner,Enterprise,10074.27,36,10,8,10,1,166,5374.03,599.6,1,1
2026-03-16,North,Product A,Retail Partner,SMB,5754.11,21,8,6,8,0,98,3120.74,331.1,1,1
2026-03-16,North,Product B,Online,Enterprise,7422.65,37,11,8,11,0,156,4357.2,702.24,1,2
2026-03-16,North,Product B,Online,SMB,5501.35,27,10,8,10,1,118,3138.13,501.76,1,1
2026-03-16,North,Product B,Retail Partner,Enterprise,5052.95,25,7,6,7,0,119,2943.34,277.22,0,1
2026-03-16,North,Product B,Retail Partner,SMB,3162.22,16,6,4,6,0,82,1855.78,164.8,0,1
2026-03-16,North,Product C,Online,Enterprise,11638.84,27,8,6,8,1,125,6993.2,1116.05,1,1
2026-03-16,North,Product C,Online,SMB,8383.69,19,7,6,7,0,85,4923.99,802.29,0,1
2026-03-16,North,Product C,Retail Partner,Enterprise,8773.18,20,6,4,6,0,88,5048.08,499.19,0,1
2026-03-16,North,Product C,Retail Partner,SMB,6338.41,14,6,4,6,0,61,3782.89,318.75,0,1
2026-03-16,South,Product A,Online,Enterprise,11508.72,41,12,9,12,1,193,6188.95,992.5,1,2
2026-03-16,South,Product A,Online,SMB,8179.18,29,11,8,11,1,122,4349.0,852.66,1,2
2026-03-16,South,Product A,Retail Partner,Enterprise,9128.27,32,9,7,9,0,129,4823.8,483.68,0,2
2026-03-16,South,Product A,Retail Partner,SMB,5723.86,20,8,6,8,0,93,3031.35,276.34,1,1
2026-03-16,South,Product B,Online,Enterprise,6425.03,31,9,7,9,0,146,3675.54,618.04,1,1
2026-03-16,South,Product B,Online,SMB,4122.62,20,8,6,8,0,90,2322.3,325.22,0,1
2026-03-16,South,Product B,Retail Partner,Enterprise,4278.99,21,6,5,6,0,102,2504.92,244.87,1,1
2026-03-16,South,Product B,Retail Partner,SMB,2833.52,14,5,4,5,0,68,1660.69,160.05,0,1
2026-03-16,South,Product C,Online,Enterprise,11416.7,26,7,6,7,0,94,6684.69,1168.26,0,1
2026-03-16,South,Product C,Online,SMB,7050.64,16,6,5,6,0,66,4045.91,653.34,1,1
2026-03-16,South,Product C,Retail Partner,Enterprise,7651.99,17,5,4,5,0,69,4480.12,396.48,0,1
2026-03-16,South,Product C,Retail Partner,SMB,5182.98,12,4,4,4,0,48,3048.73,260.2,0,1
2026-03-16,East,Product A,Online,Enterprise,10199.57,35,10,8,10,0,167,5295.08,898.97,1,2
2026-03-16,East,Product A,Online,SMB,7204.08,25,10,8,10,0,106,3833.41,683.2,1,1
2026-03-16,East,Product A,Retail Partner,Enterprise,7544.9,27,8,6,8,0,124,4052.02,375.72,0,1
2026-03-16,East,Product A,Retail Partner,SMB,5298.3,19,7,6,7,0,74,2874.86,279.77,0,1
2026-03-16,East,Product B,Online,Enterprise,5409.91,27,8,6,8,0,120,3093.45,517.6,0,1
2026-03-16,East,Product B,Online,SMB,3571.16,18,7,5,7,0,76,2083.68,338.86,0,1
2026-03-16,East,Product B,Retail Partner,Enterprise,3943.91,19,6,5,6,0,77,2313.36,173.28,0,1
2026-03-16,East,Product B,Retail Partner,SMB,2361.25,12,4,4,4,0,57,1357.25,125.91,0,0
2026-03-16,East,Product C,Online,Enterprise,8988.23,21,6,5,6,0,100,5388.39,693.02,0,1
2026-03-16,East,Product C,Online,SMB,6020.25,14,5,4,5,0,61,3571.02,647.91,0,1
2026-03-16,East,Product C,Retail Partner,Enterprise,6129.88,14,4,3,4,0,62,3615.77,307.82,0,1
2026-03-16,East,Product C,Retail Partner,SMB,3721.87,8,3,2,3,0,40,2210.37,197.13,0,0
2026-03-16,West,Product A,Online,Enterprise,14354.94,50,14,12,14,1,201,7760.53,1263.7,1,2
2026-03-16,West,Product A,Online,SMB,9258.29,32,12,10,12,1,139,4879.35,870.31,1,2
2026-03-16,West,Product A,Retail Partner,Enterprise,10708.16,37,11,8,11,0,148,5715.37,633.93,1,2
2026-03-16,West,Product A,Retail Partner,SMB,6107.71,21,8,7,8,0,98,3262.22,325.74,1,1
2026-03-16,West,Product B,Online,Enterprise,7924.64,40,11,9,11,0,158,4648.52,733.91,1,1
2026-03-16,West,Product B,Online,SMB,4975.0,25,10,7,10,0,100,2907.23,409.74,1,1
2026-03-16,West,Product B,Retail Partner,Enterprise,5208.1,26,8,6,8,0,123,3106.61,244.29,0,1
2026-03-16,West,Product B,Retail Partner,SMB,3308.3,16,6,5,6,0,75,1904.17,162.26,1,1
2026-03-16,West,Product C,Online,Enterprise,12181.85,28,8,6,8,0,116,7107.67,1035.92,0,1
2026-03-16,West,Product C,Online,SMB,7362.72,17,6,5,6,0,77,4391.63,695.06,0,1
2026-03-16,West,Product C,Retail Partner,Enterprise,7974.03,18,5,4,5,0,84,4722.35,410.01,0,1
2026-03-16,West,Product C,Retail Partner,SMB,5858.77,13,5,4,5,0,53,3488.97,296.56,0,1
2026-03-23,North,Product A,Online,Enterprise,15497.66,53,15,11,15,1,208,7812.7,1432.08,1,3
2026-03-23,North,Product A,Online,SMB,9536.91,33,13,10,13,0,153,4961.0,845.44,1,2
2026-03-23,North,Product A,Retail Partner,Enterprise,10442.69,36,10,8,10,1,160,5511.03,438.31,1,1
2026-03-23,North,Product A,Retail Partner,SMB,6743.5,24,9,7,9,0,110,3529.1,344.11,1,1
2026-03-23,North,Product B,Online,Enterprise,7667.6,39,11,9,11,1,172,4584.28,643.5,1,2
2026-03-23,North,Product B,Online,SMB,5179.73,25,10,8,10,1,106,2971.5,512.34,1,1
2026-03-23,North,Product B,Retail Partner,Enterprise,5248.09,26,7,6,7,0,127,3030.87,254.71,0,1
2026-03-23,North,Product B,Retail Partner,SMB,3596.67,18,7,5,7,0,76,2140.19,178.04,0,1
2026-03-23,North,Product C,Online,Enterprise,11647.26,27,8,6,8,0,121,6986.44,977.19,0,1
2026-03-23,North,Product C,Online,SMB,8269.6,19,7,6,7,0,79,4903.89,766.59,0,1
2026-03-23,North,Product C,Retail Partner,Enterprise,8752.53,20,6,5,6,0,82,5205.61,517.4,0,1
2026-03-23,North,Product C,Retail Partner,SMB,6177.85,14,5,4,5,0,57,3499.2,363.62,0,1
2026-03-23,South,Product A,Online,Enterprise,11984.18,43,12,9,12,1,170,6496.21,1120.43,1,2
2026-03-23,South,Product A,Online,SMB,8722.05,30,12,9,12,0,135,4612.95,792.88,1,2
2026-03-23,South,Product A,Retail Partner,Enterprise,8846.3,31,9,7,9,1,139,4720.58,453.01,0,1
2026-03-23,South,Product A,Retail Partner,SMB,5906.59,20,8,6,8,0,87,3041.68,297.68,0,1
2026-03-23,South,Product B,Online,Enterprise,6420.63,32,9,7,9,0,133,3755.16,669.87,1,1
2026-03-23,South,Product B,Online,SMB,4064.02,20,8,6,8,0,92,2406.84,371.15,1,2
2026-03-23,South,Product B,Retail Partner,Enterprise,4593.8,23,6,5,6,0,104,2680.31,218.28,0,1
2026-03-23,South,Product B,Retail Partner,SMB,2992.69,15,6,4,6,0,67,1736.02,146.5,0,1
2026-03-23,South,Product C,Online,Enterprise,10344.83,23,7,5,7,0,102,6056.66,1024.68,0,1
2026-03-23,South,Product C,Online,SMB,6110.5,14,5,4,5,0,68,3648.51,586.54,0,1
2026-03-23,South,Product C,Retail Partner,Enterprise,7218.29,16,5,4,5,0,71,4133.8,353.93,0,1
2026-03-23,South,Product C,Retail Partner,SMB,4714.66,11,4,3,4,0,44,2761.83,249.7,0,0
2026-03-23,East,Product A,Online,Enterprise,11999.26,42,12,10,12,1,157,6389.96,1235.48,1,2
2026-03-23,East,Product A,Online,SMB,6638.22,23,9,7,9,0,104,3527.41,613.11,1,1
2026-03-23,East,Product A,Retail Partner,Enterprise,7276.99,26,7,6,7,0,122,3839.04,360.26,0,1
2026-03-23,East,Product A,Retail Partner,SMB,5817.34,20,8,6,8,0,74,2928.15,287.88,0,1
2026-03-23,East,Product B,Online,Enterprise,5575.46,28,8,6,8,0,117,3305.05,507.76,1,1
2026-03-23,East,Product B,Online,SMB,3125.9,16,6,5,6,0,71,1827.21,369.19,0,1
2026-03-23,East,Product B,Retail Partner,Enterprise,3931.81,20,6,4,6,0,84,2320.08,193.6,0,1
2026-03-23,East,Product B,Retail Partner,SMB,2573.78,13,5,4,5,0,57,1520.76,138.14,0,1
2026-03-23,East,Product C,Online,Enterprise,9384.31,21,6,5,6,0,78,5532.13,853.02,0,1
2026-03-23,East,Product C,Online,SMB,5792.54,13,5,4,5,0,59,3445.31,498.31,0,1
2026-03-23,East,Product C,Retail Partner,Enterprise,6244.88,14,4,3,4,0,62,3735.23,305.8,0,1
2026-03-23,East,Product C,Retail Partner,SMB,4269.87,10,4,3,4,0,41,2489.85,233.71,0,1
2026-03-23,West,Product A,Online,Enterprise,12995.83,45,13,9,13,1,199,6856.09,1227.56,1,2
2026-03-23,West,Product A,Online,SMB,7891.4,28,11,8,11,0,135,4152.64,740.15,1,2
2026-03-23,West,Product A,Retail Partner,Enterprise,10457.5,36,10,8,10,0,150,5490.16,559.07,1,2
2026-03-23,West,Product A,Retail Partner,SMB,6882.94,24,9,7,9,1,98,3638.85,348.62,1,1
2026-03-23,West,Product B,Online,Enterprise,7140.58,36,10,8,10,0,143,4237.53,632.44,1,2
2026-03-23,West,Product B,Online,SMB,4825.29,24,9,7,9,0,103,2859.64,412.07,1,1
2026-03-23,West,Product B,Retail Partner,Enterprise,5072.24,25,7,5,7,0,119,2918.28,257.59,0,1
2026-03-23,West,Product B,Retail Partner,SMB,3541.03,17,7,5,7,0,73,2095.09,190.05,1,1
2026-03-23,West,Product C,Online,Enterprise,12614.67,29,8,6,8,0,121,7357.12,1090.64,0,1
2026-03-23,West,Product C,Online,SMB,7195.8,17,6,5,6,0,74,4349.59,629.3,0,1
2026-03-23,West,Product C,Retail Partner,Enterprise,8475.46,19,6,4,6,0,87,5128.06,413.3,0,1
2026-03-23,West,Product C,Retail Partner,SMB,5297.12,12,5,4,5,0,60,3155.97,294.58,0,1
2026-03-30,North,Product A,Online,Enterprise,14935.87,52,15,11,15,1,216,7895.54,1537.24,1,2
2026-03-30,North,Product A,Online,SMB,9322.42,33,13,9,13,0,147,4948.18,902.83,1,2
2026-03-30,North,Product A,Retail Partner,Enterprise,10887.5,38,11,9,11,0,162,5649.85,559.32,1,1
2026-03-30,North,Product A,Retail Partner,SMB,6731.8,24,9,7,9,0,101,3557.04,349.28,1,1
2026-03-30,North,Product B,Online,Enterprise,7773.38,39,11,8,11,1,162,4618.5,678.18,1,2
2026-03-30,North,Product B,Online,SMB,5774.2,27,10,9,10,0,110,3244.85,621.66,1,2
2026-03-30,North,Product B,Retail Partner,Enterprise,5046.57,25,7,5,7,0,116,2983.18,275.77,0,1
2026-03-30,North,Product B,Retail Partner,SMB,3611.78,17,7,5,7,0,82,2087.29,188.43,0,1
2026-03-30,North,Product C,Online,Enterprise,13414.94,31,9,7,9,0,129,8072.69,1096.09,1,1
2026-03-30,North,Product C,Online,SMB,8247.92,19,7,6,7,0,87,4878.07,768.19,0,1
2026-03-30,North,Product C,Retail Partner,Enterprise,9071.71,21,6,5,6,0,88,5403.82,526.59,1,1
2026-03-30,North,Product C,Retail Partner,SMB,6316.02,14,5,4,5,0,57,3677.1,369.26,0,1
2026-03-30,South,Product A,Online,Enterprise,12934.87,45,13,10,13,0,193,6683.63,1195.33,1,2
2026-03-30,South,Product A,Online,SMB,7755.85,28,11,9,11,0,120,4254.72,689.68,1,2
2026-03-30,South,Product A,Retail Partner,Enterprise,9569.08,33,9,7,9,1,122,4897.84,538.85,0,1
2026-03-30,South,Product A,Retail Partner,SMB,6320.31,22,9,7,9,0,90,3324.45,306.13,1,1
2026-03-30,South,Product B,Online,Enterprise,6785.11,34,10,7,10,1,136,4037.42,612.13,1,2
2026-03-30,South,Product B,Online,SMB,4061.82,20,8,6,8,0,91,2406.34,377.35,1,1
2026-03-30,South,Product B,Retail Partner,Enterprise,4857.81,24,7,6,7,0,98,2845.16,234.96,0,1
2026-03-30,South,Product B,Retail Partner,SMB,3213.97,16,6,5,6,0,60,1888.32,198.06,0,1
2026-03-30,South,Product C,Online,Enterprise,10158.91,23,7,5,7,0,102,6012.37,768.06,0,1
2026-03-30,South,Product C,Online,SMB,7142.49,16,6,5,6,0,66,4259.2,665.58,1,1
2026-03-30,South,Product C,Retail Partner,Enterprise,7346.88,17,5,4,5,0,71,4382.83,388.41,0,1
2026-03-30,South,Product C,Retail Partner,SMB,4929.23,11,4,3,4,0,45,2890.47,245.98,0,1
2026-03-30,East,Product A,Online,Enterprise,10208.43,35,10,8,10,0,143,5259.36,1022.31,0,1
2026-03-30,East,Product A,Online,SMB,8078.44,28,11,9,11,0,92,4236.78,703.83,1,1
2026-03-30,East,Product A,Retail Partner,Enterprise,7339.43,26,7,6,7,0,111,3873.84,351.54,0,1
2026-03-30,East,Product A,Retail Partner,SMB,5331.89,19,7,6,7,0,71,2819.62,267.82,0,1
2026-03-30,East,Product B,Online,Enterprise,5560.6,28,8,6,8,0,111,3312.61,569.41,0,1
2026-03-30,East,Product B,Online,SMB,3744.14,18,7,6,7,0,80,2105.1,333.0,0,1
2026-03-30,East,Product B,Retail Partner,Enterprise,4100.86,20,6,4,6,0,90,2358.6,192.79,0,1
2026-03-30,East,Product B,Retail Partner,SMB,2643.94,13,5,4,5,0,52,1522.83,130.1,0,1
2026-03-30,East,Product C,Online,Enterprise,8644.04,20,6,4,6,0,78,5081.08,907.73,0,1
2026-03-30,East,Product C,Online,SMB,5367.77,12,5,4,5,0,60,3153.98,473.17,0,1
2026-03-30,East,Product C,Retail Partner,Enterprise,6019.83,14,4,3,4,0,65,3529.39,297.03,0,1
2026-03-30,East,Product C,Retail Partner,SMB,4347.62,10,4,3,4,0,43,2552.02,208.74,0,1
2026-03-30,West,Product A,Online,Enterprise,14860.17,52,15,12,15,1,215,7819.39,1230.66,1,2
2026-03-30,West,Product A,Online,SMB,9236.5,33,13,10,13,1,145,4974.27,747.25,1,2
2026-03-30,West,Product A,Retail Partner,Enterprise,10226.05,35,10,8,10,0,144,5325.87,571.29,1,2
2026-03-30,West,Product A,Retail Partner,SMB,6931.25,24,9,7,9,0,97,3634.1,370.37,0,2
2026-03-30,West,Product B,Online,Enterprise,7381.59,37,10,9,10,0,152,4311.23,712.39,1,2
2026-03-30,West,Product B,Online,SMB,4769.3,24,9,7,9,0,94,2863.32,429.91,1,1
2026-03-30,West,Product B,Retail Partner,Enterprise,5108.99,25,7,5,7,0,110,2926.85,295.33,0,1
2026-03-30,West,Product B,Retail Partner,SMB,3342.55,16,6,5,6,0,73,1911.79,166.18,0,1
2026-03-30,West,Product C,Online,Enterprise,12744.98,29,8,6,8,0,111,7477.44,1335.74,0,1
2026-03-30,West,Product C,Online,SMB,7780.22,17,7,5,7,0,78,4512.9,771.99,0,1
2026-03-30,West,Product C,Retail Partner,Enterprise,7951.31,18,5,4,5,0,75,4787.64,401.9,0,1
2026-03-30,West,Product C,Retail Partner,SMB,5928.75,13,5,4,5,0,54,3531.0,293.24,0,1
2026-04-06,North,Product A,Online,Enterprise,12323.84,43,12,10,12,1,232,6416.96,1073.16,1,2
2026-04-06,North,Product A,Online,SMB,7906.5,28,11,9,11,1,139,4220.22,798.11,1,2
2026-04-06,North,Product A,Retail Partner,Enterprise,8353.45,30,9,6,9,0,168,4569.86,421.71,1,1
2026-04-06,North,Product A,Retail Partner,SMB,5734.32,20,8,6,8,1,109,3060.15,318.91,1,1
2026-04-06,North,Product B,Online,Enterprise,7136.23,36,10,8,10,0,169,4253.72,688.42,1,2
2026-04-06,North,Product B,Online,SMB,4315.34,21,8,6,8,0,107,2549.96,411.65,1,1
2026-04-06,North,Product B,Retail Partner,Enterprise,4941.51,25,7,6,7,0,115,2940.88,280.54,0,1
2026-04-06,North,Product B,Retail Partner,SMB,2925.61,15,6,4,6,0,85,1702.14,152.0,0,1
2026-04-06,North,Product C,Online,Enterprise,11376.99,26,7,6,7,0,131,6685.63,1100.07,0,1
2026-04-06,North,Product C,Online,SMB,7007.68,16,6,5,6,0,84,4159.09,594.96,0,1
2026-04-06,North,Product C,Retail Partner,Enterprise,7707.62,17,5,4,5,0,85,4584.03,421.25,0,1
2026-04-06,North,Product C,Retail Partner,SMB,5649.66,13,5,4,5,0,63,3367.27,300.81,0,1
2026-04-06,South,Product A,Online,Enterprise,11090.05,39,11,9,11,1,209,5840.11,1177.07,0,2
2026-04-06,South,Product A,Online,SMB,8562.03,29,11,9,11,1,112,4403.81,776.75,1,2
2026-04-06,South,Product A,Retail Partner,Enterprise,8164.04,28,8,7,8,0,132,4195.59,416.53,0,1
2026-04-06,South,Product A,Retail Partner,SMB,5437.56,19,7,6,7,0,94,2845.84,252.69,0,1
2026-04-06,South,Product B,Online,Enterprise,6294.34,31,9,7,9,0,139,3633.17,620.24,1,2
2026-04-06,South,Product B,Online,SMB,4437.59,22,9,7,9,0,93,2614.29,403.83,1,1
2026-04-06,South,Product B,Retail Partner,Enterprise,4624.86,23,6,5,6,0,100,2685.52,214.67,0,1
2026-04-06,South,Product B,Retail Partner,SMB,2944.09,14,6,4,6,0,67,1708.66,165.5,0,1
2026-04-06,South,Product C,Online,Enterprise,10719.5,24,7,5,7,0,99,6370.44,1090.95,1,1
2026-04-06,South,Product C,Online,SMB,7924.06,17,7,5,7,0,73,4515.18,687.87,0,1
2026-04-06,South,Product C,Retail Partner,Enterprise,7372.41,17,5,4,5,0,81,4323.75,347.56,0,1
2026-04-06,South,Product C,Retail Partner,SMB,5039.42,11,4,3,4,0,50,2958.52,257.4,0,1
2026-04-06,East,Product A,Online,Enterprise,10297.05,37,11,8,11,0,166,5604.58,1059.32,1,2
2026-04-06,East,Product A,Online,SMB,6984.81,24,9,7,9,1,114,3583.87,583.17,1,2
2026-04-06,East,Product A,Retail Partner,Enterprise,7859.24,27,8,6,8,0,120,4152.17,397.3,0,1
2026-04-06,East,Product A,Retail Partner,SMB,5065.42,18,7,6,7,0,76,2703.11,280.51,0,1
2026-04-06,East,Product B,Online,Enterprise,5659.57,28,8,7,8,0,113,3249.36,460.97,0,1
2026-04-06,East,Product B,Online,SMB,4117.35,20,8,6,8,0,77,2363.83,383.69,0,1
2026-04-06,East,Product B,Retail Partner,Enterprise,4175.6,21,6,5,6,0,84,2436.91,202.14,0,1
2026-04-06,East,Product B,Retail Partner,SMB,2805.86,14,5,4,5,0,61,1655.28,158.98,0,1
2026-04-06,East,Product C,Online,Enterprise,9731.29,22,6,5,6,0,89,5747.16,836.2,0,1
2026-04-06,East,Product C,Online,SMB,6824.38,15,6,5,6,0,55,3958.2,624.19,0,1
2026-04-06,East,Product C,Retail Partner,Enterprise,6333.02,14,4,3,4,0,67,3660.37,328.94,0,1
2026-04-06,East,Product C,Retail Partner,SMB,4406.2,10,4,3,4,0,42,2635.72,228.5,0,1
2026-04-06,West,Product A,Online,Enterprise,14088.08,50,14,11,14,1,203,7653.48,1411.8,1,2
2026-04-06,West,Product A,Online,SMB,9532.91,33,13,9,13,0,142,4919.93,993.13,1,2
2026-04-06,West,Product A,Retail Partner,Enterprise,9541.67,34,10,7,10,0,143,5088.79,497.02,1,1
2026-04-06,West,Product A,Retail Partner,SMB,7058.85,24,9,7,9,0,105,3693.1,337.43,1,1
2026-04-06,West,Product B,Online,Enterprise,7548.84,36,10,8,10,1,158,4278.31,665.84,1,2
2026-04-06,West,Product B,Online,SMB,4617.71,23,9,7,9,0,98,2731.18,391.32,1,2
2026-04-06,West,Product B,Retail Partner,Enterprise,5139.13,25,7,6,7,0,114,3016.27,286.88,0,1
2026-04-06,West,Product B,Retail Partner,SMB,3599.39,18,7,5,7,0,76,2148.92,184.92,1,1
2026-04-06,West,Product C,Online,Enterprise,11924.42,27,8,6,8,0,103,6966.74,1091.48,0,1
2026-04-06,West,Product C,Online,SMB,7770.52,18,7,5,7,0,72,4591.8,826.56,0,1
2026-04-06,West,Product C,Retail Partner,Enterprise,7662.02,17,5,4,5,0,73,4593.12,330.86,0,1
2026-04-06,West,Product C,Retail Partner,SMB,5809.3,13,5,4,5,0,55,3504.82,271.52,0,1
2026-04-13,North,Product A,Online,Enterprise,11277.11,39,11,9,11,1,246,5908.28,1062.15,1,2
2026-04-13,North,Product A,Online,SMB,8421.65,30,12,9,12,1,156,4544.5,887.77,1,2
2026-04-13,North,Product A,Retail Partner,Enterprise,8111.21,29,8,6,8,0,168,4347.51,439.5,0,1
2026-04-13,North,Product A,Retail Partner,SMB,5053.24,18,7,5,7,0,113,2728.67,229.18,0,1
2026-04-13,North,Product B,Online,Enterprise,6760.9,34,10,8,10,0,169,4053.9,601.8,1,2
2026-04-13,North,Product B,Online,SMB,4176.95,21,8,7,8,0,113,2467.38,415.97,0,1
2026-04-13,North,Product B,Retail Partner,Enterprise,4675.79,23,6,5,6,0,122,2658.65,208.35,1,1
2026-04-13,North,Product B,Retail Partner,SMB,3195.94,16,6,5,6,0,82,1900.74,156.99,0,1
2026-04-13,North,Product C,Online,Enterprise,11833.02,27,8,6,8,1,129,6940.54,1089.86,0,1
2026-04-13,North,Product C,Online,SMB,7674.51,17,7,5,7,0,87,4575.0,684.79,0,1
2026-04-13,North,Product C,Retail Partner,Enterprise,8423.15,19,6,4,6,0,79,5100.36,495.51,0,1
2026-04-13,North,Product C,Retail Partner,SMB,5149.08,11,4,3,4,0,61,2931.01,251.28,0,1
2026-04-13,South,Product A,Online,Enterprise,13854.48,47,14,11,14,1,200,7093.46,1389.54,1,3
2026-04-13,South,Product A,Online,SMB,8499.41,30,12,9,12,0,131,4507.79,740.65,1,2
2026-04-13,South,Product A,Retail Partner,Enterprise,8850.93,31,9,7,9,0,133,4741.07,433.86,1,1
2026-04-13,South,Product A,Retail Partner,SMB,5644.42,20,8,6,8,0,93,3026.85,288.59,1,1
2026-04-13,South,Product B,Online,Enterprise,6288.66,31,9,7,9,0,140,3702.19,571.41,0,1
2026-04-13,South,Product B,Online,SMB,4459.01,21,8,6,8,0,100,2487.78,362.88,0,1
2026-04-13,South,Product B,Retail Partner,Enterprise,4819.53,24,7,5,7,0,100,2752.55,266.73,0,1
2026-04-13,South,Product B,Retail Partner,SMB,3109.54,15,6,5,6,0,61,1818.32,157.12,0,1
2026-04-13,South,Product C,Online,Enterprise,10228.22,23,7,5,7,0,106,5985.02,958.67,0,1
2026-04-13,South,Product C,Online,SMB,7520.11,17,7,5,7,0,64,4444.32,721.03,0,1
2026-04-13,South,Product C,Retail Partner,Enterprise,7105.32,16,4,3,4,0,77,4158.8,335.44,0,1
2026-04-13,South,Product C,Retail Partner,SMB,5408.24,12,5,4,5,0,53,3235.36,259.57,0,1
2026-04-13,East,Product A,Online,Enterprise,11204.43,40,11,9,11,1,162,6006.59,1079.71,1,2
2026-04-13,East,Product A,Online,SMB,7107.62,25,10,7,10,1,113,3708.91,659.46,1,1
2026-04-13,East,Product A,Retail Partner,Enterprise,7993.78,28,8,6,8,0,107,4213.94,400.72,0,1
2026-04-13,East,Product A,Retail Partner,SMB,5586.13,19,7,6,7,0,75,2879.57,296.96,0,1
2026-04-13,East,Product B,Online,Enterprise,5698.7,28,8,6,8,0,122,3283.72,583.93,1,1
2026-04-13,East,Product B,Online,SMB,3593.26,17,7,5,7,0,86,2012.27,316.05,0,1
2026-04-13,East,Product B,Retail Partner,Enterprise,3848.36,19,5,4,5,0,83,2211.74,219.08,0,1
2026-04-13,East,Product B,Retail Partner,SMB,2393.6,12,4,3,4,0,60,1381.68,129.89,0,1
2026-04-13,East,Product C,Online,Enterprise,9281.08,21,6,5,6,0,87,5427.08,884.31,0,1
2026-04-13,East,Product C,Online,SMB,5666.72,13,5,4,5,0,60,3369.4,430.43,0,1
2026-04-13,East,Product C,Retail Partner,Enterprise,6549.46,15,4,3,4,0,68,3831.03,319.06,0,1
2026-04-13,East,Product C,Retail Partner,SMB,4133.87,9,4,3,4,0,40,2460.53,213.42,0,0
2026-04-13,West,Product A,Online,Enterprise,13524.35,48,14,11,14,1,230,7231.61,1407.31,1,2
2026-04-13,West,Product A,Online,SMB,9660.52,33,13,10,13,0,142,4901.95,939.24,1,2
2026-04-13,West,Product A,Retail Partner,Enterprise,10376.44,36,10,8,10,0,139,5575.76,545.97,1,2
2026-04-13,West,Product A,Retail Partner,SMB,6087.45,21,8,6,8,0,97,3259.62,310.36,0,1
2026-04-13,West,Product B,Online,Enterprise,7372.41,37,11,9,11,0,153,4389.23,708.78,1,2
2026-04-13,West,Product B,Online,SMB,4744.66,23,9,7,9,0,105,2735.9,415.52,1,1
2026-04-13,West,Product B,Retail Partner,Enterprise,5669.8,28,8,6,8,0,111,3273.0,282.7,1,1
2026-04-13,West,Product B,Retail Partner,SMB,3394.25,17,6,5,6,0,71,1968.67,167.57,0,1
2026-04-13,West,Product C,Online,Enterprise,11714.9,27,8,6,8,0,108,7005.17,1059.25,1,1
2026-04-13,West,Product C,Online,SMB,7647.82,17,7,5,7,0,81,4476.74,771.97,0,1
2026-04-13,West,Product C,Retail Partner,Enterprise,8591.71,20,6,5,6,0,85,5021.06,459.14,1,1
2026-04-13,West,Product C,Retail Partner,SMB,5832.38,13,5,4,5,0,51,3369.96,320.19,0,1
2026-04-20,North,Product A,Online,Enterprise,11465.9,41,12,9,12,1,244,6159.35,1183.66,1,2
2026-04-20,North,Product A,Online,SMB,7640.92,27,10,8,10,0,140,4033.83,823.05,1,2
2026-04-20,North,Product A,Retail Partner,Enterprise,8120.06,28,8,6,8,0,160,4235.33,384.33,1,1
2026-04-20,North,Product A,Retail Partner,SMB,5565.51,20,8,6,8,0,107,2973.08,295.57,0,1
2026-04-20,North,Product B,Online,Enterprise,6068.36,30,9,7,9,0,180,3622.28,498.96,0,2
2026-04-20,North,Product B,Online,SMB,4084.15,21,8,6,8,0,113,2507.27,363.64,1,1
2026-04-20,North,Product B,Retail Partner,Enterprise,4460.78,22,6,5,6,0,118,2610.31,254.84,0,1
2026-04-20,North,Product B,Retail Partner,SMB,2903.37,14,5,4,5,0,89,1692.12,150.54,0,1
2026-04-20,North,Product C,Online,Enterprise,9511.89,22,6,5,6,0,130,5743.21,878.19,0,1
2026-04-20,North,Product C,Online,SMB,6141.39,14,5,4,5,0,84,3662.13,542.73,0,1
2026-04-20,North,Product C,Retail Partner,Enterprise,7064.19,16,5,4,5,0,89,4224.65,424.44,0,1
2026-04-20,North,Product C,Retail Partner,SMB,5252.34,12,5,3,5,0,59,3116.92,266.46,0,1
2026-04-20,South,Product A,Online,Enterprise,12315.46,42,12,10,12,1,186,6205.52,1130.93,1,1
2026-04-20,South,Product A,Online,SMB,7687.11,27,10,8,10,0,118,4028.63,769.48,1,2
2026-04-20,South,Product A,Retail Partner,Enterprise,9671.6,34,10,8,10,0,136,5082.78,571.65,1,2
2026-04-20,South,Product A,Retail Partner,SMB,5912.5,20,8,6,8,0,95,3098.31,341.22,1,1
2026-04-20,South,Product B,Online,Enterprise,6013.98,30,9,7,9,0,142,3534.78,554.75,0,1
2026-04-20,South,Product B,Online,SMB,4115.93,21,8,6,8,0,97,2389.85,387.63,0,1
2026-04-20,South,Product B,Retail Partner,Enterprise,4720.9,23,7,5,7,0,93,2704.65,228.07,0,1
2026-04-20,South,Product B,Retail Partner,SMB,3138.34,15,6,4,6,0,67,1800.27,173.03,0,1
2026-04-20,South,Product C,Online,Enterprise,11120.49,26,7,6,7,0,93,6655.56,1052.57,1,1
2026-04-20,South,Product C,Online,SMB,6489.85,15,6,4,6,0,65,3849.19,605.04,0,1
2026-04-20,South,Product C,Retail Partner,Enterprise,7498.07,17,5,4,5,0,76,4396.75,349.06,0,1
2026-04-20,South,Product C,Retail Partner,SMB,5255.76,12,5,4,5,0,50,3124.99,280.87,0,1
2026-04-20,East,Product A,Online,Enterprise,10993.27,38,11,9,11,1,159,5725.8,976.99,1,1
2026-04-20,East,Product A,Online,SMB,7692.25,27,10,8,10,0,110,4122.75,705.3,1,1
2026-04-20,East,Product A,Retail Partner,Enterprise,7768.32,27,8,6,8,0,111,4068.96,358.63,1,1
2026-04-20,East,Product A,Retail Partner,SMB,5153.12,18,7,5,7,0,79,2731.69,250.06,1,1
2026-04-20,East,Product B,Online,Enterprise,5580.21,27,8,6,8,0,115,3236.89,447.76,1,1
2026-04-20,East,Product B,Online,SMB,3672.61,18,7,5,7,1,75,2135.95,353.12,1,1
2026-04-20,East,Product B,Retail Partner,Enterprise,4061.74,20,6,4,6,0,85,2380.7,223.37,0,1
2026-04-20,East,Product B,Retail Partner,SMB,2515.24,13,5,4,5,0,54,1477.58,129.17,0,1
2026-04-20,East,Product C,Online,Enterprise,8684.61,20,6,5,6,0,87,5185.73,706.11,0,1
2026-04-20,East,Product C,Online,SMB,6176.62,14,5,4,5,0,57,3634.25,620.16,0,1
2026-04-20,East,Product C,Retail Partner,Enterprise,6931.09,16,4,4,4,0,66,4120.1,370.01,0,1
2026-04-20,East,Product C,Retail Partner,SMB,4577.91,11,4,3,4,0,44,2706.81,262.0,0,1
2026-04-20,West,Product A,Online,Enterprise,14425.04,50,14,11,14,0,193,7451.2,1649.49,1,2
2026-04-20,West,Product A,Online,SMB,9551.8,33,13,10,13,1,142,5039.04,1003.8,1,2
2026-04-20,West,Product A,Retail Partner,Enterprise,9954.07,35,10,8,10,1,162,5462.93,597.9,1,1
2026-04-20,West,Product A,Retail Partner,SMB,6495.82,23,9,7,9,0,102,3560.37,321.94,1,1
2026-04-20,West,Product B,Online,Enterprise,7347.81,36,10,8,10,1,158,4378.28,602.52,1,1
2026-04-20,West,Product B,Online,SMB,5161.11,25,10,7,10,1,109,2985.54,470.21,0,2
2026-04-20,West,Product B,Retail Partner,Enterprise,4907.9,24,7,5,7,0,113,2889.22,295.58,1,1
2026-04-20,West,Product B,Retail Partner,SMB,3281.11,16,6,5,6,0,79,1892.64,174.49,0,1
2026-04-20,West,Product C,Online,Enterprise,12386.62,28,8,7,8,0,119,7450.63,1243.71,0,1
2026-04-20,West,Product C,Online,SMB,7796.46,18,7,5,7,0,70,4566.73,705.1,0,1
2026-04-20,West,Product C,Retail Partner,Enterprise,8263.71,19,5,4,5,0,89,4892.6,474.79,0,1
2026-04-20,West,Product C,Retail Partner,SMB,5538.39,13,5,4,5,0,54,3322.14,283.08,0,1
2026-04-27,North,Product A,Online,Enterprise,10389.43,36,10,8,10,0,223,5397.42,876.74,1,2
2026-04-27,North,Product A,Online,SMB,6363.43,23,9,7,9,0,147,3435.72,627.14,1,1
2026-04-27,North,Product A,Retail Partner,Enterprise,8659.01,30,9,7,9,0,183,4513.09,437.66,0,1
2026-04-27,North,Product A,Retail Partner,SMB,5233.86,18,7,6,7,0,119,2699.07,242.97,0,1
2026-04-27,North,Product B,Online,Enterprise,6109.06,31,9,7,9,0,168,3606.6,590.92,0,2
2026-04-27,North,Product B,Online,SMB,3815.65,19,7,6,7,0,102,2285.02,337.88,0,1
2026-04-27,North,Product B,Retail Partner,Enterprise,4249.22,21,6,5,6,0,113,2469.65,241.15,0,1
2026-04-27,North,Product B,Retail Partner,SMB,3439.67,16,6,5,6,0,82,1953.27,155.49,0,1
2026-04-27,North,Product C,Online,Enterprise,8562.08,20,6,4,6,0,126,5175.45,737.36,0,1
2026-04-27,North,Product C,Online,SMB,6318.33,14,6,4,6,0,83,3801.69,527.2,0,1
2026-04-27,North,Product C,Retail Partner,Enterprise,7132.52,16,5,4,5,0,84,4220.84,340.91,0,1
2026-04-27,North,Product C,Retail Partner,SMB,4660.31,10,4,3,4,0,60,2744.81,219.25,0,1
2026-04-27,South,Product A,Online,Enterprise,12321.57,44,12,10,12,1,179,6610.27,1120.5,1,2
2026-04-27,South,Product A,Online,SMB,8502.91,30,11,9,11,0,132,4537.32,680.9,0,2
2026-04-27,South,Product A,Retail Partner,Enterprise,8949.1,31,9,7,9,0,128,4750.65,440.59,1,2
2026-04-27,South,Product A,Retail Partner,SMB,6143.29,21,8,6,8,0,89,3234.72,325.31,0,1
2026-04-27,South,Product B,Online,Enterprise,6114.38,31,9,7,9,0,136,3634.31,582.98,1,1
2026-04-27,South,Product B,Online,SMB,3853.99,19,7,6,7,0,85,2168.19,349.55,0,1
2026-04-27,South,Product B,Retail Partner,Enterprise,4897.51,25,7,6,7,0,101,2946.31,252.85,1,1
2026-04-27,South,Product B,Retail Partner,SMB,3474.57,17,7,5,7,0,67,2019.65,179.88,0,1
2026-04-27,South,Product C,Online,Enterprise,10460.12,24,7,5,7,0,97,6224.94,942.33,0,1
2026-04-27,South,Product C,Online,SMB,6578.67,15,6,4,6,0,67,3887.25,602.57,0,1
2026-04-27,South,Product C,Retail Partner,Enterprise,7994.43,18,5,4,5,0,83,4609.51,342.5,0,1
2026-04-27,South,Product C,Retail Partner,SMB,4578.1,10,4,3,4,0,51,2707.75,234.25,0,1
2026-04-27,East,Product A,Online,Enterprise,10194.52,36,10,8,10,0,161,5507.98,1116.9,1,2
2026-04-27,East,Product A,Online,SMB,6994.25,24,9,7,9,1,102,3611.91,595.11,1,1
2026-04-27,East,Product A,Retail Partner,Enterprise,6761.18,24,7,5,7,0,112,3621.33,389.99,0,1
2026-04-27,East,Product A,Retail Partner,SMB,5064.78,18,7,6,7,0,79,2706.54,262.22,0,1
2026-04-27,East,Product B,Online,Enterprise,5395.85,27,8,6,8,0,119,3230.72,509.43,1,1
2026-04-27,East,Product B,Online,SMB,3702.29,19,7,6,7,0,76,2252.4,342.99,1,1
2026-04-27,East,Product B,Retail Partner,Enterprise,3858.86,19,5,4,5,0,86,2192.87,181.77,0,1
2026-04-27,East,Product B,Retail Partner,SMB,2583.44,13,5,4,5,0,60,1532.18,140.3,0,1
2026-04-27,East,Product C,Online,Enterprise,8899.69,20,6,4,6,0,89,5265.06,891.17,0,1
2026-04-27,East,Product C,Online,SMB,5874.09,13,5,4,5,0,57,3533.99,525.67,0,1
2026-04-27,East,Product C,Retail Partner,Enterprise,6046.98,14,4,3,4,0,63,3753.16,329.97,0,1
2026-04-27,East,Product C,Retail Partner,SMB,4386.75,10,4,3,4,0,43,2572.92,235.73,0,1
2026-04-27,West,Product A,Online,Enterprise,14864.42,52,15,12,15,0,202,7932.12,1254.61,1,2
2026-04-27,West,Product A,Online,SMB,9620.5,34,13,10,13,1,149,5116.8,945.22,1,2
2026-04-27,West,Product A,Retail Partner,Enterprise,9574.81,34,10,7,10,1,157,5123.39,502.43,0,1
2026-04-27,West,Product A,Retail Partner,SMB,6500.28,22,9,7,9,0,94,3364.52,349.79,1,1
2026-04-27,West,Product B,Online,Enterprise,7843.89,39,11,8,11,1,158,4576.31,813.41,1,2
2026-04-27,West,Product B,Online,SMB,4925.76,25,10,8,10,0,102,2919.57,426.1,1,1
2026-04-27,West,Product B,Retail Partner,Enterprise,5828.92,29,8,6,8,0,115,3387.49,313.8,1,1
2026-04-27,West,Product B,Retail Partner,SMB,3342.04,16,6,5,6,0,67,1902.98,175.75,0,1
2026-04-27,West,Product C,Online,Enterprise,12838.39,29,8,7,8,0,122,7621.3,1163.95,0,2
2026-04-27,West,Product C,Online,SMB,7770.77,18,7,5,7,0,76,4654.24,819.1,1,1
2026-04-27,West,Product C,Retail Partner,Enterprise,9007.0,21,6,4,6,0,86,5377.43,472.11,0,1
2026-04-27,West,Product C,Retail Partner,SMB,5510.62,13,5,4,5,0,58,3297.89,307.82,0,1
2026-05-04,North,Product A,Online,Enterprise,5275.2,19,5,4,3,2,82,2937.63,423.3,1,1
2026-05-04,North,Product A,Online,SMB,3602.22,13,5,4,3,2,54,1927.92,357.55,1,1
2026-05-04,North,Product A,Retail Partner,Enterprise,4583.15,16,5,3,3,2,56,2424.48,254.82,0,1
2026-05-04,North,Product A,Retail Partner,SMB,2892.3,10,4,3,2,2,45,1511.75,164.65,0,1
2026-05-04,North,Product B,Online,Enterprise,6097.55,32,9,7,9,0,176,3739.57,519.33,1,1
2026-05-04,North,Product B,Online,SMB,3569.18,18,7,5,7,0,116,2160.74,373.5,0,1
2026-05-04,North,Product B,Retail Partner,Enterprise,4035.74,20,6,5,6,0,125,2325.3,215.99,0,1
2026-05-04,North,Product B,Retail Partner,SMB,3015.0,15,6,4,6,0,90,1777.54,143.84,0,1
2026-05-04,North,Product C,Online,Enterprise,9513.06,22,6,5,6,0,137,5703.72,942.95,0,1
2026-05-04,North,Product C,Online,SMB,5989.05,14,5,4,5,0,85,3628.24,530.0,0,1
2026-05-04,North,Product C,Retail Partner,Enterprise,6787.55,16,4,3,4,0,86,4133.41,392.58,0,1
2026-05-04,North,Product C,Retail Partner,SMB,4250.35,10,4,3,4,0,57,2504.69,219.15,0,1
2026-05-04,South,Product A,Online,Enterprise,7736.13,27,8,6,5,4,81,4104.76,681.91,1,2
2026-05-04,South,Product A,Online,SMB,4301.64,15,6,5,4,3,58,2346.25,371.75,1,2
2026-05-04,South,Product A,Retail Partner,Enterprise,5565.15,19,6,4,3,2,61,2959.83,266.7,1,2
2026-05-04,South,Product A,Retail Partner,SMB,3558.4,12,5,4,3,2,40,1802.15,188.52,1,2
2026-05-04,South,Product B,Online,Enterprise,6095.88,31,9,7,9,0,147,3606.13,603.33,1,1
2026-05-04,South,Product B,Online,SMB,4484.22,22,9,7,9,0,94,2636.97,424.74,0,1
2026-05-04,South,Product B,Retail Partner,Enterprise,4678.77,23,6,5,6,0,102,2761.16,221.32,0,1
2026-05-04,South,Product B,Retail Partner,SMB,3007.25,15,6,5,6,0,64,1774.05,174.35,0,1
2026-05-04,South,Product C,Online,Enterprise,10109.85,23,6,5,6,0,107,6039.21,842.01,1,1
2026-05-04,South,Product C,Online,SMB,6882.64,16,6,5,6,0,69,4210.34,688.62,0,1
2026-05-04,South,Product C,Retail Partner,Enterprise,7282.19,16,5,4,5,0,79,4288.85,409.22,0,1
2026-05-04,South,Product C,Retail Partner,SMB,4896.9,11,4,3,4,0,52,2991.71,252.98,0,1
2026-05-04,East,Product A,Online,Enterprise,5955.85,21,6,5,4,2,72,3151.48,516.75,1,2
2026-05-04,East,Product A,Online,SMB,4245.14,15,6,4,3,1,49,2222.91,388.97,0,2
2026-05-04,East,Product A,Retail Partner,Enterprise,4878.9,17,5,4,3,2,52,2541.25,249.53,0,2
2026-05-04,East,Product A,Retail Partner,SMB,2888.62,10,4,3,2,2,33,1508.56,149.77,0,1
2026-05-04,East,Product B,Online,Enterprise,5691.43,28,8,6,8,0,119,3278.58,477.38,0,1
2026-05-04,East,Product B,Online,SMB,3380.63,17,7,5,7,0,75,2028.32,288.42,1,1
2026-05-04,East,Product B,Retail Partner,Enterprise,4433.74,21,6,5,6,0,101,2521.03,232.99,0,1
2026-05-04,East,Product B,Retail Partner,SMB,2581.48,13,5,4,5,0,60,1531.49,116.88,0,1
2026-05-04,East,Product C,Online,Enterprise,9353.01,21,6,5,6,0,96,5416.23,850.08,0,1
2026-05-04,East,Product C,Online,SMB,6151.07,14,5,4,5,0,57,3560.5,578.87,0,1
2026-05-04,East,Product C,Retail Partner,Enterprise,6533.23,15,4,3,4,0,66,3788.61,360.03,0,1
2026-05-04,East,Product C,Retail Partner,SMB,4391.43,10,4,3,4,0,44,2556.39,247.82,0,1
2026-05-04,West,Product A,Online,Enterprise,8217.28,29,8,7,5,2,87,4360.53,755.33,1,2
2026-05-04,West,Product A,Online,SMB,5353.4,18,7,5,4,3,58,2721.1,436.78,1,2
2026-05-04,West,Product A,Retail Partner,Enterprise,6127.31,21,6,5,4,2,69,3219.16,331.56,1,2
2026-05-04,West,Product A,Retail Partner,SMB,3822.68,13,5,4,3,2,44,1971.18,225.7,0,2
2026-05-04,West,Product B,Online,Enterprise,7551.45,37,11,8,11,0,163,4364.09,734.76,1,2
2026-05-04,West,Product B,Online,SMB,4818.17,24,9,7,9,0,103,2814.7,457.9,0,1
2026-05-04,West,Product B,Retail Partner,Enterprise,5430.6,26,8,6,8,0,109,3133.42,283.02,0,1
2026-05-04,West,Product B,Retail Partner,SMB,4010.01,20,8,6,8,0,75,2311.89,216.9,0,1
2026-05-04,West,Product C,Online,Enterprise,12330.72,29,8,6,8,0,103,7501.4,1241.03,0,1
2026-05-04,West,Product C,Online,SMB,8841.99,20,8,6,8,0,79,5170.33,806.21,1,1
2026-05-04,West,Product C,Retail Partner,Enterprise,9181.83,21,6,5,6,0,90,5287.44,506.32,0,1
2026-05-04,West,Product C,Retail Partner,SMB,5944.16,14,5,4,5,0,56,3458.05,311.6,0,1
2026-05-11,North,Product A,Online,Enterprise,5595.99,20,6,5,3,2,90,3090.5,524.04,0,2
2026-05-11,North,Product A,Online,SMB,3180.75,11,4,3,2,2,59,1715.68,256.52,0,1
2026-05-11,North,Product A,Retail Partner,Enterprise,4188.06,15,4,3,2,1,69,2209.28,188.75,0,1
2026-05-11,North,Product A,Retail Partner,SMB,2612.95,9,3,3,2,1,42,1339.43,155.07,0,1
2026-05-11,North,Product B,Online,Enterprise,5192.34,26,7,6,7,0,163,3037.31,419.2,1,1
2026-05-11,North,Product B,Online,SMB,3796.46,19,7,6,7,0,105,2235.82,353.68,0,1
2026-05-11,North,Product B,Retail Partner,Enterprise,3818.26,19,5,4,5,0,134,2235.71,180.28,0,1
2026-05-11,North,Product B,Retail Partner,SMB,2705.52,13,5,4,5,0,80,1588.94,131.15,0,1
2026-05-11,North,Product C,Online,Enterprise,8373.77,19,6,4,6,0,126,5058.89,771.44,0,1
2026-05-11,North,Product C,Online,SMB,5551.25,13,5,4,5,0,82,3390.35,470.84,0,1
2026-05-11,North,Product C,Retail Partner,Enterprise,6097.66,14,4,3,4,0,84,3573.01,298.41,0,1
2026-05-11,North,Product C,Retail Partner,SMB,3692.69,9,3,3,3,0,60,2207.3,191.75,0,0
2026-05-11,South,Product A,Online,Enterprise,7351.18,25,7,6,4,2,83,3864.12,769.74,1,2
2026-05-11,South,Product A,Online,SMB,4449.46,15,6,5,4,2,54,2319.52,447.85,1,2
2026-05-11,South,Product A,Retail Partner,Enterprise,5670.82,19,6,4,3,4,55,2929.1,323.24,1,2
2026-05-11,South,Product A,Retail Partner,SMB,3890.62,14,5,4,3,2,36,2084.92,188.44,1,1
2026-05-11,South,Product B,Online,Enterprise,6380.93,32,9,7,9,1,134,3740.97,613.75,1,1
2026-05-11,South,Product B,Online,SMB,4776.65,24,9,7,9,0,94,2854.44,430.06,1,1
2026-05-11,South,Product B,Retail Partner,Enterprise,5111.06,25,7,6,7,0,98,2962.23,273.56,0,1
2026-05-11,South,Product B,Retail Partner,SMB,2906.29,15,6,4,6,0,67,1706.44,152.17,0,1
2026-05-11,South,Product C,Online,Enterprise,11374.22,26,7,6,7,0,106,6705.37,1152.32,0,1
2026-05-11,South,Product C,Online,SMB,6960.6,15,6,5,6,0,67,3943.07,663.74,0,1
2026-05-11,South,Product C,Retail Partner,Enterprise,6836.71,16,5,4,5,0,71,4136.56,373.75,0,1
2026-05-11,South,Product C,Retail Partner,SMB,5104.81,12,5,4,5,0,50,3117.82,239.4,0,1
2026-05-11,East,Product A,Online,Enterprise,6994.49,24,7,5,4,3,76,3639.49,649.78,1,2
2026-05-11,East,Product A,Online,SMB,4400.12,15,6,5,4,2,47,2295.49,472.6,0,2
2026-05-11,East,Product A,Retail Partner,Enterprise,4764.38,16,5,4,3,2,54,2483.57,255.36,0,1
2026-05-11,East,Product A,Retail Partner,SMB,3106.5,11,4,3,2,3,34,1643.88,157.61,0,1
2026-05-11,East,Product B,Online,Enterprise,5782.85,29,8,6,8,0,123,3415.02,531.25,1,1
2026-05-11,East,Product B,Online,SMB,4021.2,20,8,6,8,0,86,2404.59,399.27,1,1
2026-05-11,East,Product B,Retail Partner,Enterprise,4326.24,21,6,5,6,0,92,2472.46,215.1,1,1
2026-05-11,East,Product B,Retail Partner,SMB,2938.78,15,6,4,6,0,57,1709.51,170.13,0,1
2026-05-11,East,Product C,Online,Enterprise,8954.0,20,6,4,6,0,80,5162.55,841.86,0,1
2026-05-11,East,Product C,Online,SMB,6174.52,14,5,4,5,0,56,3607.27,564.65,0,1
2026-05-11,East,Product C,Retail Partner,Enterprise,6865.41,15,4,3,4,0,60,4001.8,395.94,0,1
2026-05-11,East,Product C,Retail Partner,SMB,4349.13,10,4,3,4,0,47,2599.68,221.16,0,1
2026-05-11,West,Product A,Online,Enterprise,9459.72,33,9,7,6,3,89,4880.33,931.3,1,2
2026-05-11,West,Product A,Online,SMB,6399.23,23,9,7,5,4,57,3400.32,554.42,1,3
2026-05-11,West,Product A,Retail Partner,Enterprise,5738.47,20,6,4,3,4,70,2951.28,290.48,1,2
2026-05-11,West,Product A,Retail Partner,SMB,4444.78,16,6,4,4,2,45,2400.5,204.97,1,2
2026-05-11,West,Product B,Online,Enterprise,7518.54,38,11,9,11,1,156,4456.21,683.07,1,2
2026-05-11,West,Product B,Online,SMB,5236.92,26,10,8,10,0,109,3039.06,513.43,0,2
2026-05-11,West,Product B,Retail Partner,Enterprise,4998.04,25,7,6,7,0,111,2896.83,265.77,0,1
2026-05-11,West,Product B,Retail Partner,SMB,3360.0,17,6,5,6,0,74,2019.38,170.54,0,1
2026-05-11,West,Product C,Online,Enterprise,12332.92,28,8,6,8,0,112,7263.12,1038.84,1,1
2026-05-11,West,Product C,Online,SMB,7316.51,17,7,5,7,0,82,4437.94,669.66,0,1
2026-05-11,West,Product C,Retail Partner,Enterprise,8145.68,18,5,4,5,0,90,4825.85,393.35,0,1
2026-05-11,West,Product C,Retail Partner,SMB,6111.75,14,5,4,5,0,53,3637.93,302.77,0,1
2026-05-18,North,Product A,Online,Enterprise,4556.9,16,5,4,3,2,88,2484.21,438.87,1,1
2026-05-18,North,Product A,Online,SMB,3263.56,12,4,3,2,3,57,1754.36,306.94,0,2
2026-05-18,North,Product A,Retail Partner,Enterprise,3707.03,13,4,3,2,2,63,1926.05,185.47,1,1
2026-05-18,North,Product A,Retail Partner,SMB,2346.29,8,3,2,2,1,43,1235.32,120.09,0,1
2026-05-18,North,Product B,Online,Enterprise,4764.07,24,7,5,7,0,173,2843.94,457.58,1,1
2026-05-18,North,Product B,Online,SMB,3428.49,17,7,5,7,0,119,2072.08,295.55,0,1
2026-05-18,North,Product B,Retail Partner,Enterprise,3770.97,18,5,4,5,0,120,2162.92,176.35,0,1
2026-05-18,North,Product B,Retail Partner,SMB,2326.59,12,5,4,5,0,94,1379.58,120.36,0,1
2026-05-18,North,Product C,Online,Enterprise,7479.41,17,5,4,5,0,132,4549.3,694.29,0,1
2026-05-18,North,Product C,Online,SMB,5233.91,12,5,4,5,0,89,3134.42,460.61,0,1
2026-05-18,North,Product C,Retail Partner,Enterprise,5798.91,13,4,3,4,0,93,3522.99,303.55,0,1
2026-05-18,North,Product C,Retail Partner,SMB,3971.69,9,3,3,3,0,65,2307.31,195.37,0,0
2026-05-18,South,Product A,Online,Enterprise,7640.41,27,8,6,4,4,84,3995.46,718.58,1,2
2026-05-18,South,Product A,Online,SMB,5083.77,18,7,5,4,2,54,2626.82,481.73,1,2
2026-05-18,South,Product A,Retail Partner,Enterprise,5183.47,18,5,4,3,2,64,2708.14,270.43,0,2
2026-05-18,South,Product A,Retail Partner,SMB,3330.4,12,4,3,3,2,38,1755.43,187.56,1,2
2026-05-18,South,Product B,Online,Enterprise,6380.26,31,9,7,9,0,138,3650.38,505.99,0,1
2026-05-18,South,Product B,Online,SMB,4370.97,21,8,6,8,0,95,2528.6,433.96,0,1
2026-05-18,South,Product B,Retail Partner,Enterprise,5070.53,25,7,6,7,0,100,2948.13,289.23,1,1
2026-05-18,South,Product B,Retail Partner,SMB,2622.44,13,5,4,5,0,68,1555.89,157.63,0,1
2026-05-18,South,Product C,Online,Enterprise,12026.96,27,8,6,8,0,105,7124.55,1087.08,0,1
2026-05-18,South,Product C,Online,SMB,7483.46,17,7,5,7,0,63,4534.64,696.78,0,1
2026-05-18,South,Product C,Retail Partner,Enterprise,7348.68,17,5,4,5,0,77,4322.95,394.73,0,1
2026-05-18,South,Product C,Retail Partner,SMB,5369.81,12,5,4,5,0,47,3143.45,272.69,0,1
2026-05-18,East,Product A,Online,Enterprise,6148.98,21,6,5,4,2,69,3175.17,479.41,1,2
2026-05-18,East,Product A,Online,SMB,3984.41,14,5,4,3,2,50,2056.8,350.06,1,2
2026-05-18,East,Product A,Retail Partner,Enterprise,4504.44,16,4,3,3,2,55,2372.2,240.74,1,1
2026-05-18,East,Product A,Retail Partner,SMB,2830.77,10,4,3,2,2,35,1502.94,137.32,0,1
2026-05-18,East,Product B,Online,Enterprise,5192.32,26,7,6,7,1,126,3067.0,504.0,1,1
2026-05-18,East,Product B,Online,SMB,3452.91,17,7,5,7,0,71,2006.87,325.87,0,1
2026-05-18,East,Product B,Retail Partner,Enterprise,3791.06,19,5,4,5,0,90,2202.74,203.0,0,1
2026-05-18,East,Product B,Retail Partner,SMB,2501.27,12,5,4,5,0,59,1501.92,113.51,0,1
2026-05-18,East,Product C,Online,Enterprise,7832.44,18,5,4,5,0,86,4523.38,652.84,0,1
2026-05-18,East,Product C,Online,SMB,5653.05,13,5,4,5,0,59,3308.44,530.93,0,1
2026-05-18,East,Product C,Retail Partner,Enterprise,5738.03,13,4,3,4,0,61,3386.95,296.84,0,1
2026-05-18,East,Product C,Retail Partner,SMB,3911.14,9,3,3,3,0,41,2289.92,206.54,0,1
2026-05-18,West,Product A,Online,Enterprise,8864.93,31,9,7,5,4,101,4763.35,871.74,1,3
2026-05-18,West,Product A,Online,SMB,5532.71,20,8,6,4,4,69,2946.08,563.37,1,2
2026-05-18,West,Product A,Retail Partner,Enterprise,6164.5,22,6,5,4,2,68,3341.72,361.45,0,2
2026-05-18,West,Product A,Retail Partner,SMB,4390.48,15,6,5,3,3,43,2262.54,204.58,1,2
2026-05-18,West,Product B,Online,Enterprise,7424.36,37,10,8,10,0,159,4286.28,647.02,1,1
2026-05-18,West,Product B,Online,SMB,5745.92,28,11,9,11,0,104,3330.91,562.7,1,2
2026-05-18,West,Product B,Retail Partner,Enterprise,5026.65,25,7,5,7,0,113,2930.89,268.01,0,1
2026-05-18,West,Product B,Retail Partner,SMB,3341.84,17,6,5,6,0,77,1943.26,185.49,0,1
2026-05-18,West,Product C,Online,Enterprise,11824.35,27,8,6,8,0,116,6960.93,1112.04,1,1
2026-05-18,West,Product C,Online,SMB,7806.58,18,7,5,7,0,82,4590.66,709.89,1,1
2026-05-18,West,Product C,Retail Partner,Enterprise,8190.44,19,5,4,5,0,86,4848.77,425.52,0,1
2026-05-18,West,Product C,Retail Partner,SMB,5981.43,13,5,4,5,0,57,3446.88,301.83,0,1
2026-05-25,North,Product A,Online,Enterprise,4404.06,16,4,3,2,2,92,2357.28,367.06,0,1
2026-05-25,North,Product A,Online,SMB,2798.65,10,4,3,2,2,56,1529.15,245.31,0,1
2026-05-25,North,Product A,Retail Partner,Enterprise,3274.62,12,3,3,2,1,63,1811.04,175.01,0,1
2026-05-25,North,Product A,Retail Partner,SMB,2136.19,7,3,2,2,1,41,1124.03,106.0,0,1
2026-05-25,North,Product B,Online,Enterprise,4659.49,23,7,5,7,1,179,2762.62,464.57,0,1
2026-05-25,North,Product B,Online,SMB,3416.05,17,7,5,7,0,113,2069.1,289.34,0,1
2026-05-25,North,Product B,Retail Partner,Enterprise,3648.12,18,5,4,5,0,127,2156.46,192.37,0,1
2026-05-25,North,Product B,Retail Partner,SMB,2234.16,11,4,3,4,0,92,1284.99,134.4,0,1
2026-05-25,North,Product C,Online,Enterprise,8531.46,20,6,4,6,0,125,5117.1,734.01,0,1
2026-05-25,North,Product C,Online,SMB,5067.5,12,4,3,4,0,87,3054.98,477.77,0,1
2026-05-25,North,Product C,Retail Partner,Enterprise,5673.94,13,4,3,4,0,91,3369.14,299.31,0,1
2026-05-25,North,Product C,Retail Partner,SMB,3884.5,9,3,3,3,0,61,2294.57,189.0,0,1
2026-05-25,South,Product A,Online,Enterprise,7863.98,27,8,6,5,3,86,4109.79,645.22,1,2
2026-05-25,South,Product A,Online,SMB,4641.14,16,6,5,4,3,51,2433.15,441.33,0,2
2026-05-25,South,Product A,Retail Partner,Enterprise,5321.63,19,5,4,3,2,59,2853.26,309.42,1,2
2026-05-25,South,Product A,Retail Partner,SMB,3587.8,13,5,4,3,2,40,1888.42,177.75,1,2
2026-05-25,South,Product B,Online,Enterprise,6266.62,31,9,7,9,0,143,3655.48,596.95,0,1
2026-05-25,South,Product B,Online,SMB,4285.5,21,8,6,8,0,97,2494.41,373.94,0,1
2026-05-25,South,Product B,Retail Partner,Enterprise,4865.75,24,7,5,7,0,96,2802.03,232.3,0,1
2026-05-25,South,Product B,Retail Partner,SMB,3081.12,15,6,5,6,0,64,1794.13,156.85,0,1
2026-05-25,South,Product C,Online,Enterprise,11117.03,25,7,6,7,0,99,6372.29,1055.74,0,1
2026-05-25,South,Product C,Online,SMB,6867.6,16,6,5,6,0,61,4114.24,701.43,0,1
2026-05-25,South,Product C,Retail Partner,Enterprise,7634.46,17,5,4,5,0,69,4468.53,431.5,0,1
2026-05-25,South,Product C,Retail Partner,SMB,5372.93,12,5,4,5,0,47,3179.25,227.52,0,1
2026-05-25,East,Product A,Online,Enterprise,5205.72,18,5,4,3,2,81,2751.92,453.91,1,3
2026-05-25,East,Product A,Online,SMB,3516.65,12,5,4,3,2,45,1861.7,300.08,0,2
2026-05-25,East,Product A,Retail Partner,Enterprise,3619.07,13,4,3,2,1,53,1890.45,221.69,0,1
2026-05-25,East,Product A,Retail Partner,SMB,2526.14,9,3,3,2,2,35,1351.01,121.2,0,1
2026-05-25,East,Product B,Online,Enterprise,5308.46,26,7,6,7,0,123,3081.75,500.05,0,1
2026-05-25,East,Product B,Online,SMB,3020.51,15,6,4,6,0,82,1747.99,307.08,0,1
2026-05-25,East,Product B,Retail Partner,Enterprise,3439.62,17,5,4,5,0,83,1972.87,195.69,0,1
2026-05-25,East,Product B,Retail Partner,SMB,2232.13,11,4,3,4,0,50,1299.85,132.63,0,1
2026-05-25,East,Product C,Online,Enterprise,7990.11,18,5,4,5,0,85,4610.57,744.28,0,1
2026-05-25,East,Product C,Online,SMB,5751.89,13,5,4,5,0,58,3434.7,621.38,0,1
2026-05-25,East,Product C,Retail Partner,Enterprise,5860.08,13,4,3,4,0,70,3411.67,271.45,0,0
2026-05-25,East,Product C,Retail Partner,SMB,3976.74,9,3,3,3,0,41,2333.5,193.9,0,1
2026-05-25,West,Product A,Online,Enterprise,8553.33,29,8,7,5,3,89,4412.91,853.33,1,2
2026-05-25,West,Product A,Online,SMB,6434.97,22,8,7,5,5,62,3259.99,574.58,1,2
2026-05-25,West,Product A,Retail Partner,Enterprise,6341.39,22,6,5,4,2,69,3310.04,323.62,1,2
2026-05-25,West,Product A,Retail Partner,SMB,4239.51,15,6,5,3,3,44,2293.11,200.34,1,1
2026-05-25,West,Product B,Online,Enterprise,7776.75,38,11,8,11,0,177,4532.47,681.44,1,1
2026-05-25,West,Product B,Online,SMB,4679.18,23,9,7,9,0,101,2694.84,414.18,1,1
2026-05-25,West,Product B,Retail Partner,Enterprise,5484.03,26,8,6,8,0,107,3108.33,268.91,1,1
2026-05-25,West,Product B,Retail Partner,SMB,3458.43,17,7,5,7,0,76,2013.52,190.68,0,1
2026-05-25,West,Product C,Online,Enterprise,11025.59,26,7,6,7,0,106,6623.38,1032.44,0,1
2026-05-25,West,Product C,Online,SMB,7501.49,17,7,5,7,0,75,4454.76,722.57,1,1
2026-05-25,West,Product C,Retail Partner,Enterprise,8114.47,19,5,4,5,0,82,4854.66,416.8,0,1
2026-05-25,West,Product C,Retail Partner,SMB,6325.21,14,6,4,6,0,53,3733.64,365.78,0,1
2026-06-01,North,Product A,Online,Enterprise,4132.69,15,4,3,2,1,89,2223.28,355.65,1,1
2026-06-01,North,Product A,Online,SMB,2739.76,10,4,3,2,2,63,1520.3,244.9,0,1
2026-06-01,North,Product A,Retail Partner,Enterprise,2727.82,9,3,2,1,1,63,1440.75,136.07,0,1
2026-06-01,North,Product A,Retail Partner,SMB,2044.09,7,3,2,2,1,44,1073.74,108.1,0,1
2026-06-01,North,Product B,Online,Enterprise,4603.2,23,7,5,7,0,166,2749.53,461.74,0,1
2026-06-01,North,Product B,Online,SMB,3010.37,16,6,5,6,0,116,1862.06,267.55,0,1
2026-06-01,North,Product B,Retail Partner,Enterprise,3108.76,15,4,3,4,0,121,1815.68,155.69,0,1
2026-06-01,North,Product B,Retail Partner,SMB,2339.54,12,5,4,5,0,86,1378.65,130.43,0,1
2026-06-01,North,Product C,Online,Enterprise,7139.39,17,5,4,5,0,126,4338.62,763.55,0,1
2026-06-01,North,Product C,Online,SMB,5476.48,13,5,4,5,0,90,3417.16,495.11,0,1
2026-06-01,North,Product C,Retail Partner,Enterprise,6124.97,14,4,3,4,0,96,3635.47,313.59,0,0
2026-06-01,North,Product C,Retail Partner,SMB,3372.1,8,3,2,3,0,59,2047.65,172.45,0,1
2026-06-01,South,Product A,Online,Enterprise,7493.34,26,7,6,4,4,79,3913.41,629.73,1,2
2026-06-01,South,Product A,Online,SMB,5505.91,20,8,6,4,3,58,2992.07,458.81,1,2
2026-06-01,South,Product A,Retail Partner,Enterprise,5527.75,19,5,4,3,2,61,2841.56,233.66,0,2
2026-06-01,South,Product A,Retail Partner,SMB,3614.96,12,5,4,3,3,40,1871.3,182.61,1,2
2026-06-01,South,Product B,Online,Enterprise,6205.91,31,9,7,9,1,145,3739.41,594.21,0,1
2026-06-01,South,Product B,Online,SMB,4381.47,22,8,6,8,0,91,2547.88,418.75,0,1
2026-06-01,South,Product B,Retail Partner,Enterprise,5222.41,25,7,6,7,0,106,2974.35,263.8,0,1
2026-06-01,South,Product B,Retail Partner,SMB,3278.06,16,6,5,6,0,65,1920.29,184.71,0,1
2026-06-01,South,Product C,Online,Enterprise,10671.91,25,7,6,7,0,102,6348.9,955.57,1,1
2026-06-01,South,Product C,Online,SMB,7603.74,17,6,5,6,0,70,4390.68,774.19,0,1
2026-06-01,South,Product C,Retail Partner,Enterprise,8244.34,19,5,4,5,0,73,4765.97,409.9,0,1
2026-06-01,South,Product C,Retail Partner,SMB,5594.31,12,5,4,5,0,50,3238.75,284.79,0,1
2026-06-01,East,Product A,Online,Enterprise,5723.55,20,6,4,3,2,71,2970.75,561.6,1,2
2026-06-01,East,Product A,Online,SMB,3417.29,12,5,4,3,1,49,1798.0,305.61,0,2
2026-06-01,East,Product A,Retail Partner,Enterprise,3973.07,14,4,3,2,2,56,2135.83,161.81,0,1
2026-06-01,East,Product A,Retail Partner,SMB,2622.27,9,3,3,2,1,35,1358.89,136.2,0,1
2026-06-01,East,Product B,Online,Enterprise,4938.93,24,7,5,7,0,119,2872.76,460.41,0,1
2026-06-01,East,Product B,Online,SMB,2967.58,15,6,4,6,0,81,1736.77,282.94,1,1
2026-06-01,East,Product B,Retail Partner,Enterprise,3360.58,17,5,4,5,0,85,1948.26,174.8,0,1
2026-06-01,East,Product B,Retail Partner,SMB,2221.38,11,4,3,4,0,58,1282.12,120.77,0,1
2026-06-01,East,Product C,Online,Enterprise,7229.95,16,5,4,5,0,86,4182.09,711.82,0,1
2026-06-01,East,Product C,Online,SMB,5211.54,12,4,4,4,0,60,3021.32,495.96,0,1
2026-06-01,East,Product C,Retail Partner,Enterprise,5935.9,14,4,3,4,0,65,3479.4,223.38,0,1
2026-06-01,East,Product C,Retail Partner,SMB,3472.13,8,3,2,3,0,46,2035.29,192.72,0,0
2026-06-01,West,Product A,Online,Enterprise,8578.3,30,9,7,5,3,104,4537.66,729.66,1,2
2026-06-01,West,Product A,Online,SMB,5986.49,21,8,6,5,3,64,3214.72,507.0,1,2
2026-06-01,West,Product A,Retail Partner,Enterprise,6370.82,22,6,5,4,3,71,3290.7,303.74,1,2
2026-06-01,West,Product A,Retail Partner,SMB,3975.71,14,5,4,3,2,43,2118.94,195.89,0,2
2026-06-01,West,Product B,Online,Enterprise,7406.02,37,10,8,10,1,185,4338.7,645.45,1,2
2026-06-01,West,Product B,Online,SMB,5044.04,24,9,7,9,1,103,2864.73,424.73,1,1
2026-06-01,West,Product B,Retail Partner,Enterprise,6104.43,30,9,7,9,0,109,3555.49,321.91,0,1
2026-06-01,West,Product B,Retail Partner,SMB,3302.25,16,6,5,6,0,83,1916.41,197.63,1,1
2026-06-01,West,Product C,Online,Enterprise,12945.05,29,8,7,8,0,112,7636.36,1131.96,0,2
2026-06-01,West,Product C,Online,SMB,8772.76,20,8,6,8,0,75,5117.7,752.12,0,1
2026-06-01,West,Product C,Retail Partner,Enterprise,8995.76,21,6,5,6,0,84,5344.05,490.67,0,1
2026-06-01,West,Product C,Retail Partner,SMB,5843.84,13,5,4,5,0,56,3375.6,286.54,0,1
2026-06-08,North,Product A,Online,Enterprise,3921.37,14,4,3,2,2,86,2161.12,337.78,0,1
2026-06-08,North,Product A,Online,SMB,2614.69,9,4,3,2,2,61,1424.07,230.71,0,1
2026-06-08,North,Product A,Retail Partner,Enterprise,3325.17,12,3,2,2,1,67,1722.79,196.34,0,1
2026-06-08,North,Product A,Retail Partner,SMB,2301.36,8,3,2,2,1,44,1191.24,108.72,0,1
2026-06-08,North,Product B,Online,Enterprise,4719.67,24,7,6,7,0,178,2840.46,515.68,1,1
2026-06-08,North,Product B,Online,SMB,3055.16,16,6,5,6,0,115,1843.47,262.22,0,1
2026-06-08,North,Product B,Retail Partner,Enterprise,3475.13,17,5,4,5,0,125,2019.09,161.26,0,1
2026-06-08,North,Product B,Retail Partner,SMB,2385.56,12,4,4,4,0,79,1348.67,114.48,0,1
2026-06-08,North,Product C,Online,Enterprise,6651.48,16,4,3,4,0,124,4082.35,575.09,0,1
2026-06-08,North,Product C,Online,SMB,4852.97,11,4,4,4,0,86,2935.92,460.83,0,1
2026-06-08,North,Product C,Retail Partner,Enterprise,5659.43,13,4,3,4,0,93,3342.33,317.43,0,1
2026-06-08,North,Product C,Retail Partner,SMB,3691.71,8,3,2,3,0,61,2182.14,204.07,0,1
2026-06-08,South,Product A,Online,Enterprise,8030.89,28,8,6,5,3,82,4173.73,692.29,1,2
2026-06-08,South,Product A,Online,SMB,4948.66,17,7,5,4,3,59,2613.68,435.75,1,2
2026-06-08,South,Product A,Retail Partner,Enterprise,5510.28,19,6,4,3,2,56,2884.48,322.98,1,1
2026-06-08,South,Product A,Retail Partner,SMB,3564.24,13,5,4,3,2,40,1901.75,183.68,1,2
2026-06-08,South,Product B,Online,Enterprise,6269.76,31,9,7,9,0,145,3602.87,583.44,1,1
2026-06-08,South,Product B,Online,SMB,4183.18,21,8,6,8,0,96,2474.21,399.13,0,1
2026-06-08,South,Product B,Retail Partner,Enterprise,4598.16,22,6,5,6,0,99,2633.56,219.0,1,1
2026-06-08,South,Product B,Retail Partner,SMB,3287.34,16,6,5,6,0,68,1897.72,155.88,0,1
2026-06-08,South,Product C,Online,Enterprise,12220.41,27,8,6,8,0,105,7166.56,1105.32,0,1
2026-06-08,South,Product C,Online,SMB,7456.9,17,6,5,6,0,77,4341.3,645.49,0,1
2026-06-08,South,Product C,Retail Partner,Enterprise,6993.17,16,4,3,4,0,76,4060.76,331.85,0,1
2026-06-08,South,Product C,Retail Partner,SMB,4927.0,11,4,3,4,0,51,2950.84,268.54,0,0
2026-06-08,East,Product A,Online,Enterprise,5030.28,17,5,4,3,2,75,2608.36,460.35,0,2
2026-06-08,East,Product A,Online,SMB,3513.21,12,5,4,3,2,50,1825.62,374.76,0,2
2026-06-08,East,Product A,Retail Partner,Enterprise,3805.22,13,4,3,2,1,49,1971.24,187.4,0,1
2026-06-08,East,Product A,Retail Partner,SMB,2375.9,8,3,3,2,1,36,1269.35,133.71,0,1
2026-06-08,East,Product B,Online,Enterprise,4061.99,20,6,5,6,0,125,2352.15,394.3,0,1
2026-06-08,East,Product B,Online,SMB,3072.83,15,6,5,6,0,76,1782.04,263.35,0,1
2026-06-08,East,Product B,Retail Partner,Enterprise,3582.81,18,5,4,5,0,88,2065.73,199.77,0,1
2026-06-08,East,Product B,Retail Partner,SMB,2238.97,11,4,3,4,0,54,1326.98,111.64,0,1
2026-06-08,East,Product C,Online,Enterprise,7652.93,17,5,4,5,0,90,4543.62,718.34,0,1
2026-06-08,East,Product C,Online,SMB,4998.57,11,4,3,4,0,59,2958.18,467.79,0,1
2026-06-08,East,Product C,Retail Partner,Enterprise,5492.79,12,4,3,4,0,65,3209.79,264.4,0,0
2026-06-08,East,Product C,Retail Partner,SMB,3388.46,8,3,2,3,0,43,2075.78,172.74,0,0
2026-06-08,West,Product A,Online,Enterprise,9271.46,32,9,7,5,4,92,4782.52,897.38,1,3
2026-06-08,West,Product A,Online,SMB,5430.01,19,7,6,4,2,61,2879.35,625.37,1,2
2026-06-08,West,Product A,Retail Partner,Enterprise,5976.26,21,6,5,4,3,66,3135.16,348.47,1,1
2026-06-08,West,Product A,Retail Partner,SMB,4127.61,14,6,4,3,3,44,2168.79,208.58,1,2
2026-06-08,West,Product B,Online,Enterprise,7729.86,38,11,9,11,0,159,4449.79,705.05,1,1
2026-06-08,West,Product B,Online,SMB,5182.24,26,10,8,10,1,111,3049.13,492.22,1,1
2026-06-08,West,Product B,Retail Partner,Enterprise,5280.92,27,8,6,8,1,109,3113.11,278.59,0,1
2026-06-08,West,Product B,Retail Partner,SMB,3384.81,17,6,5,6,0,78,1971.03,186.16,0,1
2026-06-08,West,Product C,Online,Enterprise,12050.65,27,8,6,8,0,115,7103.16,1118.59,1,1
2026-06-08,West,Product C,Online,SMB,7550.18,17,6,5,6,0,85,4341.74,723.02,0,1
2026-06-08,West,Product C,Retail Partner,Enterprise,8090.47,18,5,4,5,0,84,4762.53,427.02,0,1
2026-06-08,West,Product C,Retail Partner,SMB,5716.89,13,5,4,5,0,53,3357.2,304.68,0,1
2026-06-15,North,Product A,Online,Enterprise,4073.51,15,4,3,2,2,88,2245.91,387.68,0,1
2026-06-15,North,Product A,Online,SMB,2913.29,10,4,3,2,2,53,1556.07,275.96,0,1
2026-06-15,North,Product A,Retail Partner,Enterprise,3094.04,11,3,2,2,1,63,1607.74,151.64,0,1
2026-06-15,North,Product A,Retail Partner,SMB,1924.43,7,3,2,1,1,42,1015.36,81.88,0,1
2026-06-15,North,Product B,Online,Enterprise,4562.08,23,7,5,7,0,178,2759.76,428.33,0,1
2026-06-15,North,Product B,Online,SMB,2829.73,14,6,4,6,0,117,1711.49,268.12,0,1
2026-06-15,North,Product B,Retail Partner,Enterprise,3738.91,18,5,4,5,0,120,2199.55,195.96,0,1
2026-06-15,North,Product B,Retail Partner,SMB,2309.79,12,4,4,4,0,77,1372.81,105.25,0,1
2026-06-15,North,Product C,Online,Enterprise,7342.21,17,5,4,5,0,131,4478.41,722.59,0,1
2026-06-15,North,Product C,Online,SMB,4869.27,11,4,3,4,0,85,2968.93,444.99,0,1
2026-06-15,North,Product C,Retail Partner,Enterprise,5395.62,12,3,3,3,0,89,3101.83,251.98,0,0
2026-06-15,North,Product C,Retail Partner,SMB,3867.19,9,3,3,3,0,59,2294.92,209.96,0,0
2026-06-15,South,Product A,Online,Enterprise,8604.66,30,9,7,5,3,79,4510.47,926.57,1,3
2026-06-15,South,Product A,Online,SMB,4434.3,16,6,4,4,3,55,2389.05,392.26,1,2
2026-06-15,South,Product A,Retail Partner,Enterprise,5534.78,19,5,4,3,2,63,2871.53,266.42,1,2
2026-06-15,South,Product A,Retail Partner,SMB,3569.47,12,5,4,3,2,41,1825.94,165.04,1,1
2026-06-15,South,Product B,Online,Enterprise,7301.59,36,10,8,10,0,148,4209.61,730.99,1,2
2026-06-15,South,Product B,Online,SMB,5276.7,26,10,8,10,1,94,3052.64,576.99,1,2
2026-06-15,South,Product B,Retail Partner,Enterprise,5226.68,26,7,6,7,0,107,3087.37,324.18,0,1
2026-06-15,South,Product B,Retail Partner,SMB,2863.24,14,5,4,5,0,62,1638.91,145.52,0,1
2026-06-15,South,Product C,Online,Enterprise,10690.55,24,7,5,7,0,104,6324.34,921.32,0,1
2026-06-15,South,Product C,Online,SMB,6674.44,15,6,4,6,0,69,3982.89,609.55,0,1
2026-06-15,South,Product C,Retail Partner,Enterprise,7391.61,17,5,4,5,0,75,4558.36,387.0,0,1
2026-06-15,South,Product C,Retail Partner,SMB,5580.43,12,5,4,5,0,48,3272.83,273.04,0,1
2026-06-15,East,Product A,Online,Enterprise,4532.3,16,5,4,3,2,73,2398.37,380.31,0,2
2026-06-15,East,Product A,Online,SMB,3375.37,12,4,4,3,2,47,1768.91,332.55,1,2
2026-06-15,East,Product A,Retail Partner,Enterprise,3495.85,12,3,3,2,1,49,1838.01,174.39,0,1
2026-06-15,East,Product A,Retail Partner,SMB,1991.99,7,3,2,2,2,35,1049.2,114.92,0,1
2026-06-15,East,Product B,Online,Enterprise,4357.42,22,6,5,6,0,128,2554.3,435.11,0,1
2026-06-15,East,Product B,Online,SMB,2841.85,14,6,4,6,0,82,1711.0,277.08,1,1
2026-06-15,East,Product B,Retail Partner,Enterprise,3263.7,16,5,4,5,0,92,1893.32,165.55,0,1
2026-06-15,East,Product B,Retail Partner,SMB,2019.41,10,4,3,4,0,57,1197.43,95.36,0,1
2026-06-15,East,Product C,Online,Enterprise,6402.58,15,4,3,4,0,86,3777.5,670.45,0,1
2026-06-15,East,Product C,Online,SMB,5016.75,11,4,3,4,0,61,2955.79,467.27,0,1
2026-06-15,East,Product C,Retail Partner,Enterprise,4947.76,11,3,3,3,0,69,2922.19,251.46,0,0
2026-06-15,East,Product C,Retail Partner,SMB,3627.81,8,3,2,3,0,42,2147.29,199.57,0,0
2026-06-15,West,Product A,Online,Enterprise,7961.31,28,8,6,5,2,99,4278.08,710.4,1,3
2026-06-15,West,Product A,Online,SMB,6245.32,22,8,7,5,7,66,3286.29,584.3,1,3
2026-06-15,West,Product A,Retail Partner,Enterprise,6398.81,23,6,5,4,2,67,3480.42,333.46,0,2
2026-06-15,West,Product A,Retail Partner,SMB,4152.1,14,6,4,3,4,46,2158.47,244.6,0,2
2026-06-15,West,Product B,Online,Enterprise,7804.78,38,11,8,11,1,174,4436.22,689.05,1,2
2026-06-15,West,Product B,Online,SMB,5322.4,26,10,7,10,1,110,3048.6,507.88,1,2
2026-06-15,West,Product B,Retail Partner,Enterprise,5424.61,27,8,6,8,0,116,3194.85,276.15,0,1
2026-06-15,West,Product B,Retail Partner,SMB,3777.63,19,7,5,7,0,80,2214.49,176.88,0,1
2026-06-15,West,Product C,Online,Enterprise,12154.7,28,8,6,8,0,121,7188.09,1083.28,1,1
2026-06-15,West,Product C,Online,SMB,7793.22,18,7,5,7,0,83,4565.19,741.01,0,1
2026-06-15,West,Product C,Retail Partner,Enterprise,8837.94,20,6,4,6,0,84,5264.3,401.66,0,1
2026-06-15,West,Product C,Retail Partner,SMB,5997.48,14,5,4,5,0,57,3496.96,291.42,0,1
2026-06-22,North,Product A,Online,Enterprise,4025.08,15,4,3,2,1,89,2242.49,387.05,0,1
2026-06-22,North,Product A,Online,SMB,2832.94,10,4,3,2,2,56,1474.95,303.27,0,1
2026-06-22,North,Product A,Retail Partner,Enterprise,3238.49,11,3,2,2,1,61,1682.53,167.64,0,1
2026-06-22,North,Product A,Retail Partner,SMB,2001.54,7,3,2,1,1,42,1025.18,104.05,0,1
2026-06-22,North,Product B,Online,Enterprise,5142.47,26,7,6,7,0,181,3121.49,466.97,0,2
2026-06-22,North,Product B,Online,SMB,3151.42,16,6,5,6,0,114,1941.09,258.44,0,1
2026-06-22,North,Product B,Retail Partner,Enterprise,3630.97,18,5,4,5,0,134,2139.18,197.08,0,1
2026-06-22,North,Product B,Retail Partner,SMB,2373.61,12,5,3,5,0,80,1353.12,136.61,0,1
2026-06-22,North,Product C,Online,Enterprise,6951.98,16,5,3,5,0,121,4218.79,631.63,0,1
2026-06-22,North,Product C,Online,SMB,4663.44,11,4,3,4,0,82,2815.67,492.92,0,1
2026-06-22,North,Product C,Retail Partner,Enterprise,5396.7,13,4,3,4,0,92,3273.46,261.46,0,0
2026-06-22,North,Product C,Retail Partner,SMB,3484.76,8,3,2,3,0,65,2102.04,193.09,0,0
2026-06-22,South,Product A,Online,Enterprise,7735.7,27,8,6,5,3,86,3979.94,694.78,1,2
2026-06-22,South,Product A,Online,SMB,5021.93,18,7,5,4,3,53,2645.51,520.64,1,2
2026-06-22,South,Product A,Retail Partner,Enterprise,5016.24,17,5,4,3,2,62,2633.75,256.93,0,2
2026-06-22,South,Product A,Retail Partner,SMB,3687.03,13,5,4,3,2,42,1954.37,188.08,0,2
2026-06-22,South,Product B,Online,Enterprise,6477.01,32,9,7,9,1,137,3781.79,624.51,1,1
2026-06-22,South,Product B,Online,SMB,3938.63,19,7,6,7,0,89,2221.59,382.22,1,1
2026-06-22,South,Product B,Retail Partner,Enterprise,4736.96,23,7,5,7,0,96,2766.86,254.0,0,1
2026-06-22,South,Product B,Retail Partner,SMB,3095.32,15,6,4,6,0,67,1800.23,143.27,0,1
2026-06-22,South,Product C,Online,Enterprise,12010.33,27,8,6,8,0,112,7041.99,1176.88,0,1
2026-06-22,South,Product C,Online,SMB,6726.52,15,6,4,6,0,69,3994.36,638.78,0,1
2026-06-22,South,Product C,Retail Partner,Enterprise,7496.93,17,5,4,5,0,76,4319.25,352.76,0,1
2026-06-22,South,Product C,Retail Partner,SMB,5105.14,12,5,4,5,0,54,3044.31,274.28,0,1
2026-06-22,East,Product A,Online,Enterprise,4454.77,16,4,3,3,2,72,2383.46,414.57,0,1
2026-06-22,East,Product A,Online,SMB,3034.85,11,4,3,2,1,52,1597.01,319.11,0,1
2026-06-22,East,Product A,Retail Partner,Enterprise,3169.13,11,3,3,2,2,49,1698.68,158.12,0,1
2026-06-22,East,Product A,Retail Partner,SMB,2234.08,8,3,2,2,2,36,1170.04,111.02,0,1
2026-06-22,East,Product B,Online,Enterprise,4409.35,22,6,5,6,0,125,2551.58,413.42,0,1
2026-06-22,East,Product B,Online,SMB,2970.71,15,6,4,6,0,78,1735.46,311.37,0,1
2026-06-22,East,Product B,Retail Partner,Enterprise,3186.28,16,5,4,5,0,90,1896.78,179.72,0,1
2026-06-22,East,Product B,Retail Partner,SMB,1958.69,10,4,3,4,0,58,1161.11,94.03,0,0
2026-06-22,East,Product C,Online,Enterprise,6335.4,14,4,3,4,0,102,3646.29,660.84,0,1
2026-06-22,East,Product C,Online,SMB,4500.07,10,4,3,4,0,57,2702.58,451.34,0,1
2026-06-22,East,Product C,Retail Partner,Enterprise,4709.09,10,3,2,3,0,67,2743.27,251.69,0,0
2026-06-22,East,Product C,Retail Partner,SMB,3128.34,7,3,2,3,0,40,1842.94,174.52,0,0
2026-06-22,West,Product A,Online,Enterprise,8714.45,30,9,7,5,4,95,4512.55,833.01,1,3
2026-06-22,West,Product A,Online,SMB,5597.16,20,8,6,4,3,64,2977.09,479.59,1,3
2026-06-22,West,Product A,Retail Partner,Enterprise,6297.11,22,6,5,4,5,70,3438.12,347.09,1,2
2026-06-22,West,Product A,Retail Partner,SMB,4366.02,15,6,5,4,2,48,2343.72,224.17,1,2
2026-06-22,West,Product B,Online,Enterprise,8186.42,40,11,8,11,0,159,4748.01,818.46,1,2
2026-06-22,West,Product B,Online,SMB,4888.17,24,9,7,9,1,98,2802.23,496.1,1,2
2026-06-22,West,Product B,Retail Partner,Enterprise,5571.72,28,8,6,8,0,113,3306.59,293.46,0,1
2026-06-22,West,Product B,Retail Partner,SMB,3955.3,20,8,6,8,0,77,2277.59,198.62,1,1
2026-06-22,West,Product C,Online,Enterprise,12728.56,29,8,6,8,0,115,7557.38,1214.97,1,1
2026-06-22,West,Product C,Online,SMB,7313.26,17,6,5,6,0,77,4338.95,648.08,1,1
2026-06-22,West,Product C,Retail Partner,Enterprise,9066.71,21,6,4,6,0,89,5353.03,422.28,0,1
2026-06-22,West,Product C,Retail Partner,SMB,5530.75,13,5,4,5,0,57,3266.72,312.33,0,1
2026-06-29,North,Product A,Online,Enterprise,8096.07,29,8,7,8,0,237,4386.71,691.22,1,1
2026-06-29,North,Product A,Online,SMB,5249.92,19,7,6,7,0,158,2927.42,465.71,0,2
2026-06-29,North,Product A,Retail Partner,Enterprise,5202.65,18,5,4,5,0,154,2724.95,267.49,0,1
2026-06-29,North,Product A,Retail Partner,SMB,3302.97,11,4,3,4,0,116,1667.84,178.49,0,1
2026-06-29,North,Product B,Online,Enterprise,4497.24,23,7,5,7,0,181,2720.87,458.44,0,1
2026-06-29,North,Product B,Online,SMB,2849.02,15,6,4,6,0,112,1726.11,238.69,0,1
2026-06-29,North,Product B,Retail Partner,Enterprise,3569.95,17,5,4,5,0,126,2051.68,159.59,0,1
2026-06-29,North,Product B,Retail Partner,SMB,2199.77,11,4,3,4,0,80,1248.52,127.0,0,1
2026-06-29,North,Product C,Online,Enterprise,7281.24,17,5,4,5,0,138,4477.17,666.67,0,1
2026-06-29,North,Product C,Online,SMB,5114.32,12,5,3,5,0,86,3095.48,469.07,0,1
2026-06-29,North,Product C,Retail Partner,Enterprise,5728.45,13,4,3,4,0,83,3376.32,271.49,0,1
2026-06-29,North,Product C,Retail Partner,SMB,4143.95,9,4,3,4,0,61,2408.96,192.34,0,1
2026-06-29,South,Product A,Online,Enterprise,12498.64,43,12,10,12,1,207,6568.08,1149.6,1,2
2026-06-29,South,Product A,Online,SMB,8833.2,31,12,10,12,1,129,4685.81,857.17,1,2
2026-06-29,South,Product A,Retail Partner,Enterprise,8681.97,30,9,7,9,0,140,4491.59,438.82,0,1
2026-06-29,South,Product A,Retail Partner,SMB,5589.81,19,7,6,7,0,98,2939.12,294.01,0,1
2026-06-29,South,Product B,Online,Enterprise,6505.01,32,9,7,9,0,143,3825.39,575.66,0,2
2026-06-29,South,Product B,Online,SMB,4515.46,22,9,7,9,0,93,2644.72,379.44,1,1
2026-06-29,South,Product B,Retail Partner,Enterprise,4722.67,24,7,5,7,0,102,2836.96,278.89,0,1
2026-06-29,South,Product B,Retail Partner,SMB,3434.08,16,6,5,6,0,66,1933.45,184.86,0,1
2026-06-29,South,Product C,Online,Enterprise,10390.65,24,7,5,7,0,98,6242.61,835.62,0,1
2026-06-29,South,Product C,Online,SMB,7494.52,17,6,5,6,0,71,4359.36,656.59,0,1
2026-06-29,South,Product C,Retail Partner,Enterprise,8721.99,19,6,4,6,0,78,5094.12,479.38,0,1
2026-06-29,South,Product C,Retail Partner,SMB,5258.29,12,5,4,5,0,52,3033.01,262.88,0,0
2026-06-29,East,Product A,Online,Enterprise,7068.07,25,7,5,7,0,161,3770.68,614.05,0,1
2026-06-29,East,Product A,Online,SMB,4408.72,15,6,5,6,0,109,2318.36,378.77,0,1
2026-06-29,East,Product A,Retail Partner,Enterprise,5525.91,19,5,4,5,0,117,2830.1,320.14,0,1
2026-06-29,East,Product A,Retail Partner,SMB,3241.77,11,4,4,4,0,72,1696.6,153.05,0,1
2026-06-29,East,Product B,Online,Enterprise,4185.96,21,6,5,6,0,130,2466.51,377.99,0,1
2026-06-29,East,Product B,Online,SMB,2734.81,14,5,4,5,0,73,1589.2,252.84,0,1
2026-06-29,East,Product B,Retail Partner,Enterprise,2765.77,14,4,3,4,0,91,1652.1,137.71,0,1
2026-06-29,East,Product B,Retail Partner,SMB,1956.63,10,4,3,4,0,53,1140.6,98.34,0,0
2026-06-29,East,Product C,Online,Enterprise,6765.45,16,4,3,4,0,98,4045.84,650.41,0,1
2026-06-29,East,Product C,Online,SMB,3866.37,9,3,3,3,0,58,2290.12,348.78,0,1
2026-06-29,East,Product C,Retail Partner,Enterprise,4702.81,11,3,2,3,0,66,2817.8,232.57,0,0
2026-06-29,East,Product C,Retail Partner,SMB,3349.51,8,3,2,3,0,46,1964.18,191.03,0,0
2026-06-29,West,Product A,Online,Enterprise,13896.04,49,14,10,14,1,213,7443.45,1392.2,1,2
2026-06-29,West,Product A,Online,SMB,10418.54,37,14,11,14,0,137,5553.96,998.28,1,2
2026-06-29,West,Product A,Retail Partner,Enterprise,10810.31,37,11,9,11,0,164,5709.96,488.6,1,2
2026-06-29,West,Product A,Retail Partner,SMB,7136.86,25,10,7,10,1,106,3743.92,344.36,0,1
2026-06-29,West,Product B,Online,Enterprise,7462.14,36,10,8,10,0,170,4269.36,663.97,1,1
2026-06-29,West,Product B,Online,SMB,5270.11,26,10,7,10,0,100,3003.1,499.95,1,2
2026-06-29,West,Product B,Retail Partner,Enterprise,5618.74,28,8,6,8,0,115,3319.74,307.82,0,2
2026-06-29,West,Product B,Retail Partner,SMB,3510.54,17,7,5,7,0,76,2035.45,189.88,0,1
2026-06-29,West,Product C,Online,Enterprise,13297.59,30,8,6,8,0,104,7765.97,1335.22,0,1
2026-06-29,West,Product C,Online,SMB,7729.52,17,7,5,7,0,79,4587.41,825.66,1,1
2026-06-29,West,Product C,Retail Partner,Enterprise,8463.8,19,5,4,5,0,84,4899.94,406.09,0,1
2026-06-29,West,Product C,Retail Partner,SMB,5811.59,13,5,4,5,0,54,3339.78,269.91,0,1
