date,school,campus,grade,students_enrolled,attendance_present,absences,graduations,disciplinary_incidents,avg_test_score,teacher_absences,operating_cost
2023-01-02,Northstar Public School,North Campus,Grade_6,330,315,15,0,3,76.5,1,30910.33
2023-01-02,Northstar Public School,North Campus,Grade_7,325,308,17,0,3,73.6,1,29784.8
2023-01-02,Northstar Public School,North Campus,Grade_8,320,305,15,0,3,74.3,1,29606.43
2023-01-02,Northstar Public School,North Campus,Grade_9,310,293,17,0,2,78.3,0,29183.08
2023-01-02,Northstar Public School,South Campus,Grade_6,304,285,19,0,2,74.7,1,28472.2
2023-01-02,Northstar Public School,South Campus,Grade_7,299,282,17,0,2,77.2,1,27495.4
2023-01-02,Northstar Public School,South Campus,Grade_8,294,277,17,0,2,75.9,1,26088.71
2023-01-02,Northstar Public School,South Campus,Grade_9,285,267,18,0,2,75.2,1,25299.31
2023-01-09,Northstar Public School,North Campus,Grade_6,330,315,15,0,3,76.6,1,30407.3
2023-01-09,Northstar Public School,North Campus,Grade_7,325,307,18,0,3,77.0,1,29923.77
2023-01-09,Northstar Public School,North Campus,Grade_8,320,300,20,0,3,73.8,0,29117.81
2023-01-09,Northstar Public School,North Campus,Grade_9,310,294,16,0,2,77.0,1,28947.14
2023-01-09,Northstar Public School,South Campus,Grade_6,304,290,14,0,2,74.2,1,27761.22
2023-01-09,Northstar Public School,South Campus,Grade_7,299,279,20,0,2,78.2,0,27731.64
2023-01-09,Northstar Public School,South Campus,Grade_8,294,278,16,0,2,75.7,0,27649.83
2023-01-09,Northstar Public School,South Campus,Grade_9,285,270,15,0,2,75.8,0,25295.67
2023-01-16,Northstar Public School,North Campus,Grade_6,330,311,19,0,3,73.1,0,30950.62
2023-01-16,Northstar Public School,North Campus,Grade_7,325,307,18,0,3,75.5,0,29528.16
2023-01-16,Northstar Public School,North Campus,Grade_8,320,305,15,0,3,75.8,0,28120.06
2023-01-16,Northstar Public School,North Campus,Grade_9,310,291,19,0,2,75.6,1,27334.6
2023-01-16,Northstar Public School,South Campus,Grade_6,304,287,17,0,2,79.0,0,28761.76
2023-01-16,Northstar Public School,South Campus,Grade_7,299,286,13,0,2,73.1,0,27940.28
2023-01-16,Northstar Public School,South Campus,Grade_8,294,281,13,0,2,75.6,1,25984.59
2023-01-16,Northstar Public School,South Campus,Grade_9,285,269,16,0,2,73.7,1,26542.36
2023-01-23,Northstar Public School,North Campus,Grade_6,330,312,18,0,3,73.0,1,29609.48
2023-01-23,Northstar Public School,North Campus,Grade_7,325,307,18,0,3,78.9,0,28930.0
2023-01-23,Northstar Public School,North Campus,Grade_8,320,306,14,0,3,76.3,1,29511.61
2023-01-23,Northstar Public School,North Campus,Grade_9,310,297,13,0,2,75.1,1,28780.74
2023-01-23,Northstar Public School,South Campus,Grade_6,304,285,19,0,2,77.6,1,27499.32
2023-01-23,Northstar Public School,South Campus,Grade_7,299,283,16,0,2,74.1,1,27987.71
2023-01-23,Northstar Public School,South Campus,Grade_8,294,275,19,0,2,78.4,1,26530.37
2023-01-23,Northstar Public School,South Campus,Grade_9,285,269,16,0,2,74.2,1,26025.18
2023-01-30,Northstar Public School,North Campus,Grade_6,330,309,21,0,3,73.1,1,30891.16
2023-01-30,Northstar Public School,North Campus,Grade_7,325,306,19,0,3,75.8,0,30458.53
2023-01-30,Northstar Public School,North Campus,Grade_8,320,302,18,0,3,73.9,0,29111.35
2023-01-30,Northstar Public School,North Campus,Grade_9,310,292,18,0,2,73.8,0,29254.45
2023-01-30,Northstar Public School,South Campus,Grade_6,304,284,20,0,2,74.9,1,28561.42
2023-01-30,Northstar Public School,South Campus,Grade_7,299,286,13,0,2,73.0,0,27579.78
2023-01-30,Northstar Public School,South Campus,Grade_8,294,276,18,0,2,73.7,1,26663.15
2023-01-30,Northstar Public School,South Campus,Grade_9,285,272,13,0,2,74.9,0,26756.95
2023-02-06,Northstar Public School,North Campus,Grade_6,330,314,16,0,3,73.9,1,31092.36
2023-02-06,Northstar Public School,North Campus,Grade_7,325,304,21,0,3,76.5,0,30538.92
2023-02-06,Northstar Public School,North Campus,Grade_8,320,303,17,0,3,78.7,0,29257.07
2023-02-06,Northstar Public School,North Campus,Grade_9,310,296,14,0,2,74.4,1,29189.92
2023-02-06,Northstar Public School,South Campus,Grade_6,304,288,16,0,2,78.8,0,26816.08
2023-02-06,Northstar Public School,South Campus,Grade_7,299,282,17,0,2,76.4,1,27898.85
2023-02-06,Northstar Public School,South Campus,Grade_8,294,277,17,0,2,74.4,1,27588.72
2023-02-06,Northstar Public School,South Campus,Grade_9,285,269,16,0,2,77.0,1,26819.95
2023-02-13,Northstar Public School,North Campus,Grade_6,330,311,19,0,3,77.6,1,29329.38
2023-02-13,Northstar Public School,North Campus,Grade_7,325,310,15,0,3,73.8,0,30555.91
2023-02-13,Northstar Public School,North Campus,Grade_8,320,299,21,0,3,75.6,1,28032.88
2023-02-13,Northstar Public School,North Campus,Grade_9,310,295,15,0,2,78.7,1,27940.54
2023-02-13,Northstar Public School,South Campus,Grade_6,304,286,18,0,2,77.1,1,28420.51
2023-02-13,Northstar Public School,South Campus,Grade_7,299,283,16,0,2,74.0,0,27524.35
2023-02-13,Northstar Public School,South Campus,Grade_8,294,279,15,0,2,73.7,0,27250.06
2023-02-13,Northstar Public School,South Campus,Grade_9,285,267,18,0,2,78.0,0,26871.39
2023-02-20,Northstar Public School,North Campus,Grade_6,330,311,19,0,3,75.1,0,29359.07
2023-02-20,Northstar Public School,North Campus,Grade_7,325,308,17,0,3,78.2,1,29981.49
2023-02-20,Northstar Public School,North Campus,Grade_8,320,301,19,0,3,74.1,1,28832.49
2023-02-20,Northstar Public School,North Campus,Grade_9,310,293,17,0,2,77.5,1,28047.74
2023-02-20,Northstar Public School,South Campus,Grade_6,304,289,15,0,2,77.0,1,28468.38
2023-02-20,Northstar Public School,South Campus,Grade_7,299,285,14,0,2,75.6,1,27058.2
2023-02-20,Northstar Public School,South Campus,Grade_8,294,276,18,0,2,75.4,1,25859.42
2023-02-20,Northstar Public School,South Campus,Grade_9,285,269,16,0,2,73.5,1,26255.96
2023-02-27,Northstar Public School,North Campus,Grade_6,330,315,15,0,3,74.3,1,29443.27
2023-02-27,Northstar Public School,North Campus,Grade_7,325,311,14,0,3,76.4,0,29079.28
2023-02-27,Northstar Public School,North Campus,Grade_8,320,305,15,0,3,75.8,0,29484.14
2023-02-27,Northstar Public School,North Campus,Grade_9,310,296,14,0,2,74.2,0,27788.37
2023-02-27,Northstar Public School,South Campus,Grade_6,304,285,19,0,2,75.3,1,26889.94
2023-02-27,Northstar Public School,South Campus,Grade_7,299,284,15,0,2,74.1,1,26763.55
2023-02-27,Northstar Public School,South Campus,Grade_8,294,278,16,0,2,73.9,1,26063.58
2023-02-27,Northstar Public School,South Campus,Grade_9,285,271,14,0,2,78.8,0,25467.95
2023-03-06,Northstar Public School,North Campus,Grade_6,330,312,18,0,3,78.7,1,29796.86
2023-03-06,Northstar Public School,North Campus,Grade_7,325,304,21,0,3,75.4,1,28839.21
2023-03-06,Northstar Public School,North Campus,Grade_8,320,306,14,0,3,75.1,1,29018.06
2023-03-06,Northstar Public School,North Campus,Grade_9,310,290,20,0,2,77.4,1,27425.42
2023-03-06,Northstar Public School,South Campus,Grade_6,304,289,15,0,2,76.4,1,27946.91
2023-03-06,Northstar Public School,South Campus,Grade_7,299,283,16,0,2,73.3,1,26153.31
2023-03-06,Northstar Public School,South Campus,Grade_8,294,280,14,0,2,73.4,0,26557.54
2023-03-06,Northstar Public School,South Campus,Grade_9,285,267,18,0,2,78.8,1,26574.2
2023-03-13,Northstar Public School,North Campus,Grade_6,330,316,14,0,3,76.1,1,29490.2
2023-03-13,Northstar Public School,North Campus,Grade_7,325,310,15,0,3,78.2,1,29166.27
2023-03-13,Northstar Public School,North Campus,Grade_8,320,304,16,0,3,74.8,1,28496.27
2023-03-13,Northstar Public School,North Campus,Grade_9,310,293,17,0,2,73.7,0,28080.15
2023-03-13,Northstar Public School,South Campus,Grade_6,304,286,18,0,2,75.0,1,28026.52
2023-03-13,Northstar Public School,South Campus,Grade_7,299,280,19,0,2,76.6,0,26256.55
2023-03-13,Northstar Public School,South Campus,Grade_8,294,279,15,0,2,73.3,0,26515.51
2023-03-13,Northstar Public School,South Campus,Grade_9,285,269,16,0,2,74.1,1,25536.02
2023-03-20,Northstar Public School,North Campus,Grade_6,330,310,20,0,3,77.4,1,29324.01
2023-03-20,Northstar Public School,North Campus,Grade_7,325,305,20,0,3,73.7,1,29104.82
2023-03-20,Northstar Public School,North Campus,Grade_8,320,301,19,0,3,73.3,1,30023.42
2023-03-20,Northstar Public School,North Campus,Grade_9,310,293,17,0,2,75.5,1,27113.65
2023-03-20,Northstar Public School,South Campus,Grade_6,304,286,18,0,2,75.5,1,28201.82
2023-03-20,Northstar Public School,South Campus,Grade_7,299,283,16,0,2,78.9,0,27405.94
2023-03-20,Northstar Public School,South Campus,Grade_8,294,275,19,0,2,78.4,1,26478.36
2023-03-20,Northstar Public School,South Campus,Grade_9,285,271,14,0,2,73.3,1,26319.16
2023-03-27,Northstar Public School,North Campus,Grade_6,330,314,16,0,3,74.0,1,30277.23
2023-03-27,Northstar Public School,North Campus,Grade_7,325,305,20,0,3,74.1,1,30141.14
2023-03-27,Northstar Public School,North Campus,Grade_8,320,303,17,0,3,74.4,1,28673.42
2023-03-27,Northstar Public School,North Campus,Grade_9,310,291,19,0,2,77.6,0,29066.63
2023-03-27,Northstar Public School,South Campus,Grade_6,304,285,19,0,2,76.2,0,28032.88
2023-03-27,Northstar Public School,South Campus,Grade_7,299,283,16,0,2,75.8,1,26961.84
2023-03-27,Northstar Public School,South Campus,Grade_8,294,275,19,0,2,73.5,0,27122.6
2023-03-27,Northstar Public School,South Campus,Grade_9,285,269,16,0,2,74.2,1,26961.44
2023-04-03,Northstar Public School,North Campus,Grade_6,330,315,15,0,3,76.7,0,29983.0
2023-04-03,Northstar Public School,North Campus,Grade_7,325,311,14,0,3,78.2,1,30480.78
2023-04-03,Northstar Public School,North Campus,Grade_8,320,303,17,0,3,74.5,1,30027.58
2023-04-03,Northstar Public School,North Campus,Grade_9,310,293,17,0,2,78.7,0,28897.86
2023-04-03,Northstar Public School,South Campus,Grade_6,304,290,14,0,2,73.8,1,28552.57
2023-04-03,Northstar Public School,South Campus,Grade_7,299,281,18,0,2,73.1,0,27377.08
2023-04-03,Northstar Public School,South Campus,Grade_8,294,282,12,0,2,74.5,1,25725.65
2023-04-03,Northstar Public School,South Campus,Grade_9,285,268,17,0,2,77.7,0,26006.05
2023-04-10,Northstar Public School,North Campus,Grade_6,330,316,14,0,3,77.7,1,30726.5
2023-04-10,Northstar Public School,North Campus,Grade_7,325,310,15,0,3,73.9,1,30294.16
2023-04-10,Northstar Public School,North Campus,Grade_8,320,299,21,0,3,74.9,1,28415.16
2023-04-10,Northstar Public School,North Campus,Grade_9,310,293,17,0,2,75.2,1,27484.32
2023-04-10,Northstar Public School,South Campus,Grade_6,304,285,19,0,2,77.1,0,26641.04
2023-04-10,Northstar Public School,South Campus,Grade_7,299,281,18,0,2,74.4,0,26844.56
2023-04-10,Northstar Public School,South Campus,Grade_8,294,278,16,0,2,78.6,1,27524.31
2023-04-10,Northstar Public School,South Campus,Grade_9,285,269,16,0,2,74.5,0,25580.5
2023-04-17,Northstar Public School,North Campus,Grade_6,330,308,22,0,3,75.6,1,30327.84
2023-04-17,Northstar Public School,North Campus,Grade_7,325,311,14,0,3,73.2,1,29329.4
2023-04-17,Northstar Public School,North Campus,Grade_8,320,300,20,0,3,75.8,1,29747.63
2023-04-17,Northstar Public School,North Campus,Grade_9,310,295,15,0,2,77.2,1,27130.3
2023-04-17,Northstar Public School,South Campus,Grade_6,304,286,18,0,2,73.9,1,27916.52
2023-04-17,Northstar Public School,South Campus,Grade_7,299,283,16,0,2,78.2,0,28118.44
2023-04-17,Northstar Public School,South Campus,Grade_8,294,277,17,0,2,78.6,0,25850.17
2023-04-17,Northstar Public School,South Campus,Grade_9,285,270,15,0,2,76.9,0,26408.67
2023-04-24,Northstar Public School,North Campus,Grade_6,330,316,14,0,3,75.9,1,29805.27
2023-04-24,Northstar Public School,North Campus,Grade_7,325,306,19,0,3,75.9,0,29150.51
2023-04-24,Northstar Public School,North Campus,Grade_8,320,302,18,0,3,77.7,0,30021.71
2023-04-24,Northstar Public School,North Campus,Grade_9,310,293,17,0,2,77.3,1,29014.8
2023-04-24,Northstar Public School,South Campus,Grade_6,304,284,20,0,2,76.9,1,26620.44
2023-04-24,Northstar Public School,South Campus,Grade_7,299,282,17,0,2,78.6,0,27808.38
2023-04-24,Northstar Public School,South Campus,Grade_8,294,276,18,0,2,79.0,1,27031.35
2023-04-24,Northstar Public School,South Campus,Grade_9,285,271,14,0,2,73.2,0,25470.24
2023-05-01,Northstar Public School,North Campus,Grade_6,330,316,14,0,3,73.2,1,30899.86
2023-05-01,Northstar Public School,North Campus,Grade_7,325,309,16,0,3,75.2,1,29094.39
2023-05-01,Northstar Public School,North Campus,Grade_8,320,306,14,0,3,74.8,1,29950.37
2023-05-01,Northstar Public School,North Campus,Grade_9,310,294,16,0,2,78.3,1,27962.95
2023-05-01,Northstar Public School,South Campus,Grade_6,304,288,16,0,2,74.4,0,28293.48
2023-05-01,Northstar Public School,South Campus,Grade_7,299,281,18,0,2,74.8,0,26951.78
2023-05-01,Northstar Public School,South Campus,Grade_8,294,281,13,0,2,78.6,1,27093.01
2023-05-01,Northstar Public School,South Campus,Grade_9,285,270,15,0,2,77.6,0,26922.75
2023-05-08,Northstar Public School,North Campus,Grade_6,330,315,15,0,3,74.9,1,30943.83
2023-05-08,Northstar Public School,North Campus,Grade_7,325,309,16,0,3,78.1,0,28991.76
2023-05-08,Northstar Public School,North Campus,Grade_8,320,306,14,0,3,76.4,0,29182.95
2023-05-08,Northstar Public School,North Campus,Grade_9,310,296,14,0,2,76.6,0,27717.14
2023-05-08,Northstar Public School,South Campus,Grade_6,304,290,14,0,2,73.7,1,28575.55
2023-05-08,Northstar Public School,South Campus,Grade_7,299,283,16,0,2,75.4,0,26204.91
2023-05-08,Northstar Public School,South Campus,Grade_8,294,278,16,0,2,74.2,0,25788.42
2023-05-08,Northstar Public School,South Campus,Grade_9,285,272,13,0,2,75.2,1,26034.72
2023-05-15,Northstar Public School,North Campus,Grade_6,330,311,19,0,3,78.0,1,30335.05
2023-05-15,Northstar Public School,North Campus,Grade_7,325,308,17,0,3,74.6,1,28424.45
2023-05-15,Northstar Public School,North Campus,Grade_8,320,300,20,0,3,77.1,1,28697.78
2023-05-15,Northstar Public School,North Campus,Grade_9,310,296,14,0,2,73.9,1,28606.03
2023-05-15,Northstar Public School,South Campus,Grade_6,304,288,16,0,2,75.0,0,28132.44
2023-05-15,Northstar Public School,South Campus,Grade_7,299,282,17,0,2,76.1,1,27312.1
2023-05-15,Northstar Public School,South Campus,Grade_8,294,276,18,0,2,73.8,0,26925.5
2023-05-15,Northstar Public School,South Campus,Grade_9,285,270,15,0,2,78.4,1,25930.76
2023-05-22,Northstar Public School,North Campus,Grade_6,330,314,16,0,3,76.7,1,30462.53
2023-05-22,Northstar Public School,North Campus,Grade_7,325,304,21,0,3,77.4,0,28578.43
2023-05-22,Northstar Public School,North Campus,Grade_8,320,303,17,0,3,73.3,0,28592.98
2023-05-22,Northstar Public School,North Campus,Grade_9,310,291,19,0,2,77.5,0,29177.75
2023-05-22,Northstar Public School,South Campus,Grade_6,304,291,13,0,2,74.3,1,27941.07
2023-05-22,Northstar Public School,South Campus,Grade_7,299,283,16,0,2,74.4,0,27628.41
2023-05-22,Northstar Public School,South Campus,Grade_8,294,280,14,0,2,74.1,1,26117.28
2023-05-22,Northstar Public School,South Campus,Grade_9,285,273,12,0,2,78.5,1,26455.2
2023-05-29,Northstar Public School,North Campus,Grade_6,330,313,17,0,3,78.6,1,30389.67
2023-05-29,Northstar Public School,North Campus,Grade_7,325,307,18,0,3,77.4,0,29287.57
2023-05-29,Northstar Public School,North Campus,Grade_8,320,303,17,0,3,78.2,1,28671.09
2023-05-29,Northstar Public School,North Campus,Grade_9,310,297,13,0,2,77.9,1,27399.93
2023-05-29,Northstar Public School,South Campus,Grade_6,304,291,13,0,2,76.5,0,28293.96
2023-05-29,Northstar Public School,South Campus,Grade_7,299,284,15,0,2,75.9,1,26475.12
2023-05-29,Northstar Public School,South Campus,Grade_8,294,280,14,0,2,73.9,1,27025.96
2023-05-29,Northstar Public School,South Campus,Grade_9,285,268,17,0,2,73.9,0,25940.72
2023-06-05,Northstar Public School,North Campus,Grade_6,330,306,24,0,3,77.0,1,29011.89
2023-06-05,Northstar Public School,North Campus,Grade_7,325,296,29,0,3,74.2,1,29500.65
2023-06-05,Northstar Public School,North Campus,Grade_8,320,291,29,0,3,73.3,1,28210.99
2023-06-05,Northstar Public School,North Campus,Grade_9,310,288,22,1,2,77.6,1,27719.36
2023-06-05,Northstar Public School,South Campus,Grade_6,304,282,22,0,2,73.2,1,28473.87
2023-06-05,Northstar Public School,South Campus,Grade_7,299,278,21,0,2,77.2,1,27808.3
2023-06-05,Northstar Public School,South Campus,Grade_8,294,270,24,0,2,78.3,1,27743.49
2023-06-05,Northstar Public School,South Campus,Grade_9,285,264,21,1,2,77.4,0,25447.95
2023-06-12,Northstar Public School,North Campus,Grade_6,330,307,23,0,3,75.3,0,29234.97
2023-06-12,Northstar Public School,North Campus,Grade_7,325,296,29,0,3,77.6,1,28666.68
2023-06-12,Northstar Public School,North Campus,Grade_8,320,294,26,0,3,75.2,1,29708.9
2023-06-12,Northstar Public School,North Campus,Grade_9,310,285,25,1,2,77.6,0,28835.22
2023-06-12,Northstar Public School,South Campus,Grade_6,304,277,27,0,2,75.2,1,27289.44
2023-06-12,Northstar Public School,South Campus,Grade_7,299,273,26,0,2,73.9,0,28041.61
2023-06-12,Northstar Public School,South Campus,Grade_8,294,271,23,0,2,75.0,0,27283.48
2023-06-12,Northstar Public School,South Campus,Grade_9,285,266,19,1,2,75.2,0,25315.67
2023-06-19,Northstar Public School,North Campus,Grade_6,330,301,29,0,3,78.7,1,31048.61
2023-06-19,Northstar Public School,North Campus,Grade_7,325,296,29,0,3,76.9,1,30689.87
2023-06-19,Northstar Public School,North Campus,Grade_8,320,296,24,0,3,78.9,1,28929.14
2023-06-19,Northstar Public School,North Campus,Grade_9,310,283,27,1,2,76.7,1,27860.27
2023-06-19,Northstar Public School,South Campus,Grade_6,304,282,22,0,2,75.1,0,26983.45
2023-06-19,Northstar Public School,South Campus,Grade_7,299,277,22,0,2,75.8,1,26835.05
2023-06-19,Northstar Public School,South Campus,Grade_8,294,270,24,0,2,74.0,0,27473.55
2023-06-19,Northstar Public School,South Campus,Grade_9,285,266,19,1,2,76.9,0,25251.42
2023-06-26,Northstar Public School,North Campus,Grade_6,330,304,26,0,3,78.2,1,30156.77
2023-06-26,Northstar Public School,North Campus,Grade_7,325,298,27,0,3,76.1,0,29816.39
2023-06-26,Northstar Public School,North Campus,Grade_8,320,294,26,0,3,77.5,0,30107.78
2023-06-26,Northstar Public School,North Campus,Grade_9,310,287,23,1,2,75.2,0,28563.79
2023-06-26,Northstar Public School,South Campus,Grade_6,304,278,26,0,2,78.5,0,28264.28
2023-06-26,Northstar Public School,South Campus,Grade_7,299,273,26,0,2,74.7,1,27268.38
2023-06-26,Northstar Public School,South Campus,Grade_8,294,273,21,0,2,78.4,1,26863.45
2023-06-26,Northstar Public School,South Campus,Grade_9,285,264,21,1,2,73.1,1,25398.3
2023-07-03,Northstar Public School,North Campus,Grade_6,330,304,26,0,3,75.1,0,31035.91
2023-07-03,Northstar Public School,North Campus,Grade_7,325,299,26,0,3,78.8,1,30711.34
2023-07-03,Northstar Public School,North Campus,Grade_8,320,298,22,0,3,77.8,1,28458.19
2023-07-03,Northstar Public School,North Campus,Grade_9,310,285,25,0,2,76.7,0,27481.27
2023-07-03,Northstar Public School,South Campus,Grade_6,304,279,25,0,2,74.1,1,28349.23
2023-07-03,Northstar Public School,South Campus,Grade_7,299,277,22,0,2,78.1,0,27714.93
2023-07-03,Northstar Public School,South Campus,Grade_8,294,270,24,0,2,77.8,1,26601.57
2023-07-03,Northstar Public School,South Campus,Grade_9,285,263,22,0,2,73.1,0,26963.83
2023-07-10,Northstar Public School,North Campus,Grade_6,330,305,25,0,3,74.5,0,30735.76
2023-07-10,Northstar Public School,North Campus,Grade_7,325,300,25,0,3,74.6,1,30081.93
2023-07-10,Northstar Public School,North Campus,Grade_8,320,292,28,0,3,75.9,1,28277.37
2023-07-10,Northstar Public School,North Campus,Grade_9,310,289,21,0,2,74.7,0,29027.64
2023-07-10,Northstar Public School,South Campus,Grade_6,304,278,26,0,2,73.0,1,28417.21
2023-07-10,Northstar Public School,South Campus,Grade_7,299,277,22,0,2,78.1,0,26738.34
2023-07-10,Northstar Public School,South Campus,Grade_8,294,269,25,0,2,74.4,0,26280.14
2023-07-10,Northstar Public School,South Campus,Grade_9,285,261,24,0,2,74.7,0,25417.67
2023-07-17,Northstar Public School,North Campus,Grade_6,330,308,22,0,3,74.4,1,31131.38
2023-07-17,Northstar Public School,North Campus,Grade_7,325,297,28,0,3,74.4,0,30513.93
2023-07-17,Northstar Public School,North Campus,Grade_8,320,292,28,0,3,78.1,1,28396.98
2023-07-17,Northstar Public School,North Campus,Grade_9,310,283,27,0,2,77.9,1,29048.78
2023-07-17,Northstar Public School,South Campus,Grade_6,304,281,23,0,2,76.1,0,27973.8
2023-07-17,Northstar Public School,South Campus,Grade_7,299,279,20,0,2,76.0,1,28150.29
2023-07-17,Northstar Public School,South Campus,Grade_8,294,270,24,0,2,75.0,0,27462.95
2023-07-17,Northstar Public School,South Campus,Grade_9,285,262,23,0,2,79.0,0,25128.08
2023-07-24,Northstar Public School,North Campus,Grade_6,330,306,24,0,3,74.0,1,30150.42
2023-07-24,Northstar Public School,North Campus,Grade_7,325,298,27,0,3,77.3,1,29807.88
2023-07-24,Northstar Public School,North Campus,Grade_8,320,298,22,0,3,77.1,0,28493.48
2023-07-24,Northstar Public School,North Campus,Grade_9,310,288,22,0,2,76.4,1,27617.05
2023-07-24,Northstar Public School,South Campus,Grade_6,304,283,21,0,2,73.5,1,28417.63
2023-07-24,Northstar Public School,South Campus,Grade_7,299,277,22,0,2,76.2,1,27207.72
2023-07-24,Northstar Public School,South Campus,Grade_8,294,268,26,0,2,74.3,0,27189.97
2023-07-24,Northstar Public School,South Campus,Grade_9,285,259,26,0,2,75.5,1,26238.74
2023-07-31,Northstar Public School,North Campus,Grade_6,330,306,24,0,3,78.4,1,29567.76
2023-07-31,Northstar Public School,North Campus,Grade_7,325,300,25,0,3,78.1,1,29298.25
2023-07-31,Northstar Public School,North Campus,Grade_8,320,294,26,0,3,75.8,1,28082.33
2023-07-31,Northstar Public School,North Campus,Grade_9,310,288,22,0,2,75.4,1,27935.48
2023-07-31,Northstar Public School,South Campus,Grade_6,304,280,24,0,2,77.7,0,27541.34
2023-07-31,Northstar Public School,South Campus,Grade_7,299,273,26,0,2,77.7,0,26648.95
2023-07-31,Northstar Public School,South Campus,Grade_8,294,269,25,0,2,76.7,0,27480.32
2023-07-31,Northstar Public School,South Campus,Grade_9,285,266,19,0,2,79.0,0,25015.68
2023-08-07,Northstar Public School,North Campus,Grade_6,330,314,16,0,3,75.9,1,30939.81
2023-08-07,Northstar Public School,North Campus,Grade_7,325,308,17,0,3,73.6,0,30385.15
2023-08-07,Northstar Public School,North Campus,Grade_8,320,306,14,0,3,78.7,0,30070.9
2023-08-07,Northstar Public School,North Campus,Grade_9,310,294,16,0,2,73.1,1,29077.94
2023-08-07,Northstar Public School,South Campus,Grade_6,304,288,16,0,2,73.6,0,26948.79
2023-08-07,Northstar Public School,South Campus,Grade_7,299,279,20,0,2,75.8,1,27707.98
2023-08-07,Northstar Public School,South Campus,Grade_8,294,280,14,0,2,78.4,0,27314.64
2023-08-07,Northstar Public School,South Campus,Grade_9,285,266,19,0,2,74.1,1,26185.3
2023-08-14,Northstar Public School,North Campus,Grade_6,330,311,19,0,3,78.3,0,30972.83
2023-08-14,Northstar Public School,North Campus,Grade_7,325,305,20,0,3,74.4,1,29957.23
2023-08-14,Northstar Public School,North Campus,Grade_8,320,300,20,0,3,74.5,1,28100.67
2023-08-14,Northstar Public School,North Campus,Grade_9,310,295,15,0,2,75.3,0,28034.88
2023-08-14,Northstar Public School,South Campus,Grade_6,304,291,13,0,2,78.8,1,27212.64
2023-08-14,Northstar Public School,South Campus,Grade_7,299,284,15,0,2,78.7,0,26963.18
2023-08-14,Northstar Public School,South Campus,Grade_8,294,276,18,0,2,78.0,0,27693.9
2023-08-14,Northstar Public School,South Campus,Grade_9,285,267,18,0,2,73.3,1,26513.64
2023-08-21,Northstar Public School,North Campus,Grade_6,330,315,15,0,3,73.4,1,29232.95
2023-08-21,Northstar Public School,North Campus,Grade_7,325,307,18,0,3,78.5,1,28579.37
2023-08-21,Northstar Public School,North Campus,Grade_8,320,299,21,0,3,75.2,1,28924.41
2023-08-21,Northstar Public School,North Campus,Grade_9,310,295,15,0,2,77.8,1,27322.52
2023-08-21,Northstar Public School,South Campus,Grade_6,304,287,17,0,2,78.1,1,26982.96
2023-08-21,Northstar Public School,South Campus,Grade_7,299,281,18,0,2,78.3,1,27415.17
2023-08-21,Northstar Public School,South Campus,Grade_8,294,280,14,0,2,75.9,1,27585.1
2023-08-21,Northstar Public School,South Campus,Grade_9,285,266,19,0,2,79.0,1,25532.57
2023-08-28,Northstar Public School,North Campus,Grade_6,330,311,19,0,3,78.3,1,29803.51
2023-08-28,Northstar Public School,North Campus,Grade_7,325,305,20,0,3,78.1,1,28441.4
2023-08-28,Northstar Public School,North Campus,Grade_8,320,303,17,0,3,73.4,0,28496.21
2023-08-28,Northstar Public School,North Campus,Grade_9,310,294,16,0,2,74.2,0,27857.15
2023-08-28,Northstar Public School,South Campus,Grade_6,304,290,14,0,2,73.4,1,28372.31
2023-08-28,Northstar Public School,South Campus,Grade_7,299,284,15,0,2,74.9,0,26699.41
2023-08-28,Northstar Public School,South Campus,Grade_8,294,275,19,0,2,75.2,1,27095.66
2023-08-28,Northstar Public School,South Campus,Grade_9,285,268,17,0,2,73.2,0,24926.89
2023-09-04,Northstar Public School,North Campus,Grade_6,330,316,14,0,3,76.7,1,29434.76
2023-09-04,Northstar Public School,North Campus,Grade_7,325,306,19,0,3,76.1,1,30713.93
2023-09-04,Northstar Public School,North Campus,Grade_8,320,304,16,0,3,77.2,0,29918.34
2023-09-04,Northstar Public School,North Campus,Grade_9,310,291,19,0,2,78.9,1,27846.05
2023-09-04,Northstar Public School,South Campus,Grade_6,304,287,17,0,2,73.4,1,27754.49
2023-09-04,Northstar Public School,South Campus,Grade_7,299,282,17,0,2,77.5,1,27379.59
2023-09-04,Northstar Public School,South Campus,Grade_8,294,276,18,0,2,78.0,0,27038.3
2023-09-04,Northstar Public School,South Campus,Grade_9,285,272,13,0,2,78.9,0,26648.62
2023-09-11,Northstar Public School,North Campus,Grade_6,330,312,18,0,3,76.7,0,30931.25
2023-09-11,Northstar Public School,North Campus,Grade_7,325,306,19,0,3,74.8,1,30707.52
2023-09-11,Northstar Public School,North Campus,Grade_8,320,305,15,0,3,77.3,1,29919.88
2023-09-11,Northstar Public School,North Campus,Grade_9,310,292,18,0,2,77.4,0,28035.13
2023-09-11,Northstar Public School,South Campus,Grade_6,304,290,14,0,2,73.2,0,27574.25
2023-09-11,Northstar Public School,South Campus,Grade_7,299,284,15,0,2,79.0,1,26899.15
2023-09-11,Northstar Public School,South Campus,Grade_8,294,281,13,0,2,76.9,1,27382.84
2023-09-11,Northstar Public School,South Campus,Grade_9,285,270,15,0,2,75.2,0,24909.55
2023-09-18,Northstar Public School,North Campus,Grade_6,330,309,21,0,3,74.5,1,30247.27
2023-09-18,Northstar Public School,North Campus,Grade_7,325,308,17,0,3,74.8,1,29093.76
2023-09-18,Northstar Public School,North Campus,Grade_8,320,303,17,0,3,74.4,1,29740.56
2023-09-18,Northstar Public School,North Campus,Grade_9,310,297,13,0,2,73.7,0,29335.04
2023-09-18,Northstar Public School,South Campus,Grade_6,304,285,19,0,2,73.8,0,27937.09
2023-09-18,Northstar Public School,South Campus,Grade_7,299,283,16,0,2,73.9,0,28033.31
2023-09-18,Northstar Public School,South Campus,Grade_8,294,277,17,0,2,76.7,0,27722.17
2023-09-18,Northstar Public School,South Campus,Grade_9,285,272,13,0,2,73.7,1,26165.79
2023-09-25,Northstar Public School,North Campus,Grade_6,330,314,16,0,3,78.1,0,29964.82
2023-09-25,Northstar Public School,North Campus,Grade_7,325,306,19,0,3,74.3,1,29524.07
2023-09-25,Northstar Public School,North Campus,Grade_8,320,306,14,0,3,73.5,1,28187.47
2023-09-25,Northstar Public School,North Campus,Grade_9,310,296,14,0,2,78.1,0,27389.31
2023-09-25,Northstar Public School,South Campus,Grade_6,304,287,17,0,2,75.8,0,26579.17
2023-09-25,Northstar Public School,South Campus,Grade_7,299,286,13,0,2,76.1,1,27331.76
2023-09-25,Northstar Public School,South Campus,Grade_8,294,280,14,0,2,78.0,1,27749.02
2023-09-25,Northstar Public School,South Campus,Grade_9,285,270,15,0,2,78.1,1,25687.92
2023-10-02,Northstar Public School,North Campus,Grade_6,330,311,19,0,3,73.9,1,29183.39
2023-10-02,Northstar Public School,North Campus,Grade_7,325,304,21,0,3,74.5,0,29030.38
2023-10-02,Northstar Public School,North Campus,Grade_8,320,303,17,0,3,73.5,1,30256.41
2023-10-02,Northstar Public School,North Campus,Grade_9,310,293,17,0,2,77.2,1,27947.12
2023-10-02,Northstar Public School,South Campus,Grade_6,304,284,20,0,2,73.3,1,27018.75
2023-10-02,Northstar Public School,South Campus,Grade_7,299,284,15,0,2,76.1,1,28080.94
2023-10-02,Northstar Public School,South Campus,Grade_8,294,279,15,0,2,78.5,1,27226.03
2023-10-02,Northstar Public School,South Campus,Grade_9,285,272,13,0,2,75.0,1,26659.38
2023-10-09,Northstar Public School,North Campus,Grade_6,330,313,17,0,3,75.3,1,30351.21
2023-10-09,Northstar Public School,North Campus,Grade_7,325,309,16,0,3,74.8,1,29952.91
2023-10-09,Northstar Public School,North Campus,Grade_8,320,303,17,0,3,74.7,0,28259.78
2023-10-09,Northstar Public School,North Campus,Grade_9,310,296,14,0,2,74.0,0,29103.17
2023-10-09,Northstar Public School,South Campus,Grade_6,304,288,16,0,2,75.1,1,27676.64
2023-10-09,Northstar Public School,South Campus,Grade_7,299,286,13,0,2,75.0,1,26487.72
2023-10-09,Northstar Public School,South Campus,Grade_8,294,278,16,0,2,77.8,1,26502.9
2023-10-09,Northstar Public School,South Campus,Grade_9,285,269,16,0,2,78.8,1,25639.73
2023-10-16,Northstar Public School,North Campus,Grade_6,330,316,14,0,3,74.8,1,30371.92
2023-10-16,Northstar Public School,North Campus,Grade_7,325,306,19,0,3,76.3,0,28473.11
2023-10-16,Northstar Public School,North Campus,Grade_8,320,300,20,0,3,74.5,1,29142.99
2023-10-16,Northstar Public School,North Campus,Grade_9,310,296,14,0,2,76.6,1,27111.49
2023-10-16,Northstar Public School,South Campus,Grade_6,304,287,17,0,2,73.6,1,28405.17
2023-10-16,Northstar Public School,South Campus,Grade_7,299,280,19,0,2,75.5,0,26740.99
2023-10-16,Northstar Public School,South Campus,Grade_8,294,281,13,0,2,74.1,0,26555.59
2023-10-16,Northstar Public School,South Campus,Grade_9,285,272,13,0,2,78.7,0,26904.81
2023-10-23,Northstar Public School,North Campus,Grade_6,330,315,15,0,3,74.4,0,30752.5
2023-10-23,Northstar Public School,North Campus,Grade_7,325,310,15,0,3,74.7,1,29807.15
2023-10-23,Northstar Public School,North Campus,Grade_8,320,299,21,0,3,77.3,1,30007.93
2023-10-23,Northstar Public School,North Campus,Grade_9,310,295,15,0,2,74.4,1,27243.3
2023-10-23,Northstar Public School,South Campus,Grade_6,304,284,20,0,2,73.5,0,28089.59
2023-10-23,Northstar Public School,South Campus,Grade_7,299,282,17,0,2,77.0,0,27050.61
2023-10-23,Northstar Public School,South Campus,Grade_8,294,281,13,0,2,75.8,0,26135.97
2023-10-23,Northstar Public School,South Campus,Grade_9,285,271,14,0,2,77.3,1,26402.7
2023-10-30,Northstar Public School,North Campus,Grade_6,330,314,16,0,3,74.3,1,30749.54
2023-10-30,Northstar Public School,North Campus,Grade_7,325,310,15,0,3,74.0,0,29966.71
2023-10-30,Northstar Public School,North Campus,Grade_8,320,301,19,0,3,78.2,1,28101.03
2023-10-30,Northstar Public School,North Campus,Grade_9,310,295,15,0,2,75.6,1,28171.63
2023-10-30,Northstar Public School,South Campus,Grade_6,304,290,14,0,2,76.1,1,28084.45
2023-10-30,Northstar Public School,South Campus,Grade_7,299,280,19,0,2,75.6,0,27571.96
2023-10-30,Northstar Public School,South Campus,Grade_8,294,279,15,0,2,76.2,1,27762.41
2023-10-30,Northstar Public School,South Campus,Grade_9,285,268,17,0,2,74.6,0,25100.24
2023-11-06,Northstar Public School,North Campus,Grade_6,330,311,19,0,3,73.6,1,28946.2
2023-11-06,Northstar Public School,North Campus,Grade_7,325,311,14,0,3,75.3,0,30479.12
2023-11-06,Northstar Public School,North Campus,Grade_8,320,302,18,0,3,74.2,1,29200.97
2023-11-06,Northstar Public School,North Campus,Grade_9,310,293,17,0,2,77.7,1,27544.96
2023-11-06,Northstar Public School,South Campus,Grade_6,304,285,19,0,2,73.4,0,27498.75
2023-11-06,Northstar Public School,South Campus,Grade_7,299,284,15,0,2,75.3,0,27079.02
2023-11-06,Northstar Public School,South Campus,Grade_8,294,275,19,0,2,73.4,0,25862.03
2023-11-06,Northstar Public School,South Campus,Grade_9,285,268,17,0,2,77.7,1,25060.78
2023-11-13,Northstar Public School,North Campus,Grade_6,330,316,14,0,3,74.3,0,30709.91
2023-11-13,Northstar Public School,North Campus,Grade_7,325,305,20,0,3,78.5,1,28540.98
2023-11-13,Northstar Public School,North Campus,Grade_8,320,302,18,0,3,78.0,1,28256.09
2023-11-13,Northstar Public School,North Campus,Grade_9,310,290,20,0,2,78.0,0,28372.15
2023-11-13,Northstar Public School,South Campus,Grade_6,304,289,15,0,2,74.8,1,28636.4
2023-11-13,Northstar Public School,South Campus,Grade_7,299,283,16,0,2,76.0,0,28136.42
2023-11-13,Northstar Public School,South Campus,Grade_8,294,279,15,0,2,75.1,0,26369.45
2023-11-13,Northstar Public School,South Campus,Grade_9,285,266,19,0,2,75.6,0,26575.88
2023-11-20,Northstar Public School,North Campus,Grade_6,330,316,14,0,3,77.5,1,29807.52
2023-11-20,Northstar Public School,North Campus,Grade_7,325,311,14,0,3,76.9,0,29837.1
2023-11-20,Northstar Public School,North Campus,Grade_8,320,299,21,0,3,74.7,0,29051.84
2023-11-20,Northstar Public School,North Campus,Grade_9,310,291,19,0,2,75.8,0,28373.65
2023-11-20,Northstar Public School,South Campus,Grade_6,304,286,18,0,2,74.3,0,27787.08
2023-11-20,Northstar Public School,South Campus,Grade_7,299,280,19,0,2,77.9,1,27784.13
2023-11-20,Northstar Public School,South Campus,Grade_8,294,278,16,0,2,75.2,1,27027.03
2023-11-20,Northstar Public School,South Campus,Grade_9,285,271,14,0,2,73.8,0,24910.61
2023-11-27,Northstar Public School,North Campus,Grade_6,330,310,20,0,3,75.1,1,30138.84
2023-11-27,Northstar Public School,North Campus,Grade_7,325,304,21,0,3,78.4,0,29196.99
2023-11-27,Northstar Public School,North Campus,Grade_8,320,303,17,0,3,77.6,1,28814.53
2023-11-27,Northstar Public School,North Campus,Grade_9,310,290,20,0,2,74.8,1,27697.15
2023-11-27,Northstar Public School,South Campus,Grade_6,304,285,19,0,2,75.9,0,28556.42
2023-11-27,Northstar Public School,South Campus,Grade_7,299,284,15,0,2,75.9,1,27700.82
2023-11-27,Northstar Public School,South Campus,Grade_8,294,277,17,0,2,76.1,0,25977.69
2023-11-27,Northstar Public School,South Campus,Grade_9,285,269,16,0,2,73.8,1,26828.12
2023-12-04,Northstar Public School,North Campus,Grade_6,330,305,25,0,3,73.9,1,29288.27
2023-12-04,Northstar Public School,North Campus,Grade_7,325,301,24,0,3,74.4,1,29611.98
2023-12-04,Northstar Public School,North Campus,Grade_8,320,292,28,0,3,76.9,1,29098.41
2023-12-04,Northstar Public School,North Campus,Grade_9,310,284,26,0,2,77.0,1,28299.32
2023-12-04,Northstar Public School,South Campus,Grade_6,304,284,20,0,2,78.5,0,28728.67
2023-12-04,Northstar Public School,South Campus,Grade_7,299,275,24,0,2,75.8,1,26675.12
2023-12-04,Northstar Public School,South Campus,Grade_8,294,268,26,0,2,73.0,1,26033.23
2023-12-04,Northstar Public School,South Campus,Grade_9,285,265,20,0,2,76.0,0,26672.83
2023-12-11,Northstar Public School,North Campus,Grade_6,330,304,26,0,3,78.1,1,30397.89
2023-12-11,Northstar Public School,North Campus,Grade_7,325,299,26,0,3,73.0,1,28605.9
2023-12-11,Northstar Public School,North Campus,Grade_8,320,293,27,0,3,77.2,1,29510.12
2023-12-11,Northstar Public School,North Campus,Grade_9,310,283,27,0,2,75.5,0,28249.35
2023-12-11,Northstar Public School,South Campus,Grade_6,304,277,27,0,2,76.4,0,27358.94
2023-12-11,Northstar Public School,South Campus,Grade_7,299,272,27,0,2,76.5,1,26293.03
2023-12-11,Northstar Public School,South Campus,Grade_8,294,272,22,0,2,76.2,1,26144.12
2023-12-11,Northstar Public School,South Campus,Grade_9,285,261,24,0,2,77.2,0,25789.48
2023-12-18,Northstar Public School,North Campus,Grade_6,330,302,28,0,3,76.8,1,29200.32
2023-12-18,Northstar Public School,North Campus,Grade_7,325,296,29,0,3,75.6,1,29189.86
2023-12-18,Northstar Public School,North Campus,Grade_8,320,298,22,0,3,75.0,1,29688.2
2023-12-18,Northstar Public School,North Campus,Grade_9,310,288,22,0,2,78.1,1,27395.08
2023-12-18,Northstar Public School,South Campus,Grade_6,304,281,23,0,2,75.9,1,27138.74
2023-12-18,Northstar Public School,South Campus,Grade_7,299,275,24,0,2,78.4,0,26793.26
2023-12-18,Northstar Public School,South Campus,Grade_8,294,272,22,0,2,74.1,1,26827.52
2023-12-18,Northstar Public School,South Campus,Grade_9,285,263,22,0,2,74.9,0,25992.86
2023-12-25,Northstar Public School,North Campus,Grade_6,330,305,25,0,3,75.2,0,29087.31
2023-12-25,Northstar Public School,North Campus,Grade_7,325,303,22,0,3,74.2,1,30150.41
2023-12-25,Northstar Public School,North Campus,Grade_8,320,297,23,0,3,78.7,1,28667.71
2023-12-25,Northstar Public School,North Campus,Grade_9,310,283,27,0,2,77.2,1,27491.08
2023-12-25,Northstar Public School,South Campus,Grade_6,304,281,23,0,2,75.8,1,27342.71
2023-12-25,Northstar Public School,South Campus,Grade_7,299,272,27,0,2,76.2,0,28184.25
2023-12-25,Northstar Public School,South Campus,Grade_8,294,269,25,0,2,75.2,0,27473.96
2023-12-25,Northstar Public School,South Campus,Grade_9,285,259,26,0,2,73.9,0,25043.62
2024-01-01,Northstar Public School,North Campus,Grade_6,330,312,18,0,3,78.7,0,30254.3
2024-01-01,Northstar Public School,North Campus,Grade_7,325,308,17,0,3,76.4,0,28863.41
2024-01-01,Northstar Public School,North Campus,Grade_8,320,299,21,0,3,73.9,0,29429.87
2024-01-01,Northstar Public School,North Campus,Grade_9,310,290,20,0,2,76.7,1,29082.18
2024-01-01,Northstar Public School,South Campus,Grade_6,304,290,14,0,2,78.3,1,28004.05
2024-01-01,Northstar Public School,South Campus,Grade_7,299,285,14,0,2,75.8,0,26642.3
2024-01-01,Northstar Public School,South Campus,Grade_8,294,277,17,0,2,74.8,0,27676.46
2024-01-01,Northstar Public School,South Campus,Grade_9,285,269,16,0,2,78.4,0,26348.78
2024-01-08,Northstar Public School,North Campus,Grade_6,330,309,21,0,3,77.4,1,28970.44
2024-01-08,Northstar Public School,North Campus,Grade_7,325,311,14,0,3,75.8,1,30651.33
2024-01-08,Northstar Public School,North Campus,Grade_8,320,303,17,0,3,77.3,0,29881.3
2024-01-08,Northstar Public School,North Campus,Grade_9,310,291,19,0,2,74.0,0,27717.87
2024-01-08,Northstar Public School,South Campus,Grade_6,304,287,17,0,2,74.5,1,27363.27
2024-01-08,Northstar Public School,South Campus,Grade_7,299,280,19,0,2,75.4,0,27548.0
2024-01-08,Northstar Public School,South Campus,Grade_8,294,280,14,0,2,78.2,0,27722.12
2024-01-08,Northstar Public School,South Campus,Grade_9,285,273,12,0,2,74.4,0,26349.16
2024-01-15,Northstar Public School,North Campus,Grade_6,330,309,21,0,3,75.0,1,29651.67
2024-01-15,Northstar Public School,North Campus,Grade_7,325,306,19,0,3,77.7,1,29851.01
2024-01-15,Northstar Public School,North Campus,Grade_8,320,306,14,0,3,78.0,1,27961.88
2024-01-15,Northstar Public School,North Campus,Grade_9,310,293,17,0,2,77.2,0,28471.85
2024-01-15,Northstar Public School,South Campus,Grade_6,304,288,16,0,2,77.2,1,28739.82
2024-01-15,Northstar Public School,South Campus,Grade_7,299,283,16,0,2,76.7,0,27628.7
2024-01-15,Northstar Public School,South Campus,Grade_8,294,280,14,0,2,78.5,1,26813.81
2024-01-15,Northstar Public School,South Campus,Grade_9,285,271,14,0,2,76.9,0,25747.05
2024-01-22,Northstar Public School,North Campus,Grade_6,330,309,21,0,3,75.2,1,29498.55
2024-01-22,Northstar Public School,North Campus,Grade_7,325,308,17,0,3,78.2,1,28567.48
2024-01-22,Northstar Public School,North Campus,Grade_8,320,302,18,0,3,74.8,1,28467.66
2024-01-22,Northstar Public School,North Campus,Grade_9,310,292,18,0,2,74.6,1,27930.5
2024-01-22,Northstar Public School,South Campus,Grade_6,304,287,17,0,2,77.7,1,26991.68
2024-01-22,Northstar Public School,South Campus,Grade_7,299,282,17,0,2,76.0,0,27170.3
2024-01-22,Northstar Public School,South Campus,Grade_8,294,275,19,0,2,74.3,0,26750.56
2024-01-22,Northstar Public School,South Campus,Grade_9,285,271,14,0,2,77.0,0,25184.55
2024-01-29,Northstar Public School,North Campus,Grade_6,330,315,15,0,3,75.8,1,30289.25
2024-01-29,Northstar Public School,North Campus,Grade_7,325,307,18,0,3,75.1,1,28401.0
2024-01-29,Northstar Public School,North Campus,Grade_8,320,305,15,0,3,78.4,1,29730.26
2024-01-29,Northstar Public School,North Campus,Grade_9,310,295,15,0,2,74.5,0,27309.2
2024-01-29,Northstar Public School,South Campus,Grade_6,304,286,18,0,2,74.7,0,28036.99
2024-01-29,Northstar Public School,South Campus,Grade_7,299,280,19,0,2,76.7,1,27843.73
2024-01-29,Northstar Public School,South Campus,Grade_8,294,276,18,0,2,76.1,0,26967.66
2024-01-29,Northstar Public School,South Campus,Grade_9,285,271,14,0,2,76.8,1,26587.46
2024-02-05,Northstar Public School,North Campus,Grade_6,330,316,14,0,3,73.5,1,29456.45
2024-02-05,Northstar Public School,North Campus,Grade_7,325,305,20,0,3,75.7,1,28537.38
2024-02-05,Northstar Public School,North Campus,Grade_8,320,306,14,0,3,74.7,1,27973.71
2024-02-05,Northstar Public School,North Campus,Grade_9,310,294,16,0,2,77.7,1,28482.42
2024-02-05,Northstar Public School,South Campus,Grade_6,304,291,13,0,2,78.9,0,27879.2
2024-02-05,Northstar Public School,South Campus,Grade_7,299,285,14,0,2,74.6,0,27957.23
2024-02-05,Northstar Public School,South Campus,Grade_8,294,280,14,0,2,73.9,1,25849.09
2024-02-05,Northstar Public School,South Campus,Grade_9,285,273,12,0,2,75.8,0,26433.81
2024-02-12,Northstar Public School,North Campus,Grade_6,330,309,21,0,3,76.2,1,30771.25
2024-02-12,Northstar Public School,North Campus,Grade_7,325,304,21,0,3,78.1,1,30310.57
2024-02-12,Northstar Public School,North Campus,Grade_8,320,305,15,0,3,74.8,1,29632.67
2024-02-12,Northstar Public School,North Campus,Grade_9,310,296,14,0,2,76.2,1,28498.6
2024-02-12,Northstar Public School,South Campus,Grade_6,304,289,15,0,2,76.7,1,27522.06
2024-02-12,Northstar Public School,South Campus,Grade_7,299,284,15,0,2,74.5,1,27926.24
2024-02-12,Northstar Public School,South Campus,Grade_8,294,276,18,0,2,77.4,0,25688.67
2024-02-12,Northstar Public School,South Campus,Grade_9,285,270,15,0,2,75.8,0,26722.48
2024-02-19,Northstar Public School,North Campus,Grade_6,330,312,18,0,3,74.8,0,29587.17
2024-02-19,Northstar Public School,North Campus,Grade_7,325,311,14,0,3,76.1,0,30602.6
2024-02-19,Northstar Public School,North Campus,Grade_8,320,302,18,0,3,76.4,1,30151.54
2024-02-19,Northstar Public School,North Campus,Grade_9,310,296,14,0,2,75.3,1,28218.46
2024-02-19,Northstar Public School,South Campus,Grade_6,304,290,14,0,2,75.0,1,28187.53
2024-02-19,Northstar Public School,South Campus,Grade_7,299,279,20,0,2,75.2,1,26425.15
2024-02-19,Northstar Public School,South Campus,Grade_8,294,275,19,0,2,78.1,1,27223.0
2024-02-19,Northstar Public School,South Campus,Grade_9,285,273,12,0,2,74.5,0,26774.24
2024-02-26,Northstar Public School,North Campus,Grade_6,330,316,14,0,3,78.3,0,29414.6
2024-02-26,Northstar Public School,North Campus,Grade_7,325,306,19,0,3,74.2,1,29190.16
2024-02-26,Northstar Public School,North Campus,Grade_8,320,300,20,0,3,77.1,0,30063.11
2024-02-26,Northstar Public School,North Campus,Grade_9,310,293,17,0,2,73.5,0,28353.75
2024-02-26,Northstar Public School,South Campus,Grade_6,304,285,19,0,2,75.0,0,28158.33
2024-02-26,Northstar Public School,South Campus,Grade_7,299,284,15,0,2,76.2,1,28104.73
2024-02-26,Northstar Public School,South Campus,Grade_8,294,280,14,0,2,76.5,1,27154.21
2024-02-26,Northstar Public School,South Campus,Grade_9,285,270,15,0,2,76.5,0,26525.22
2024-03-04,Northstar Public School,North Campus,Grade_6,330,310,20,0,3,78.8,0,30734.32
2024-03-04,Northstar Public School,North Campus,Grade_7,325,305,20,0,3,76.5,1,30518.78
2024-03-04,Northstar Public School,North Campus,Grade_8,320,304,16,0,3,77.5,1,29329.88
2024-03-04,Northstar Public School,North Campus,Grade_9,310,292,18,0,2,73.3,1,28727.42
2024-03-04,Northstar Public School,South Campus,Grade_6,304,291,13,0,2,78.3,1,28381.55
2024-03-04,Northstar Public School,South Campus,Grade_7,299,284,15,0,2,77.6,0,26143.31
2024-03-04,Northstar Public School,South Campus,Grade_8,294,281,13,0,2,78.5,1,26888.47
2024-03-04,Northstar Public School,South Campus,Grade_9,285,272,13,0,2,78.7,0,26297.91
2024-03-11,Northstar Public School,North Campus,Grade_6,330,311,19,0,3,75.3,1,29502.05
2024-03-11,Northstar Public School,North Campus,Grade_7,325,304,21,0,3,78.0,1,28760.11
2024-03-11,Northstar Public School,North Campus,Grade_8,320,306,14,0,3,75.7,1,28866.15
2024-03-11,Northstar Public School,North Campus,Grade_9,310,290,20,0,2,75.0,1,27260.13
2024-03-11,Northstar Public School,South Campus,Grade_6,304,286,18,0,2,73.4,1,27044.75
2024-03-11,Northstar Public School,South Campus,Grade_7,299,281,18,0,2,75.0,0,27414.58
2024-03-11,Northstar Public School,South Campus,Grade_8,294,275,19,0,2,74.9,0,27771.49
2024-03-11,Northstar Public School,South Campus,Grade_9,285,269,16,0,2,73.2,1,26152.64
2024-03-18,Northstar Public School,North Campus,Grade_6,330,313,17,0,3,77.7,1,30278.47
2024-03-18,Northstar Public School,North Campus,Grade_7,325,304,21,0,3,77.8,1,29054.55
2024-03-18,Northstar Public School,North Campus,Grade_8,320,302,18,0,3,75.4,1,28649.12
2024-03-18,Northstar Public School,North Campus,Grade_9,310,290,20,0,2,78.5,0,28463.2
2024-03-18,Northstar Public School,South Campus,Grade_6,304,287,17,0,2,78.1,1,27501.01
2024-03-18,Northstar Public School,South Campus,Grade_7,299,285,14,0,2,75.6,0,27260.16
2024-03-18,Northstar Public School,South Campus,Grade_8,294,275,19,0,2,76.0,0,27542.35
2024-03-18,Northstar Public School,South Campus,Grade_9,285,269,16,0,2,75.5,1,25453.86
2024-03-25,Northstar Public School,North Campus,Grade_6,330,310,20,0,3,78.8,1,31004.46
2024-03-25,Northstar Public School,North Campus,Grade_7,325,304,21,0,3,77.0,0,30035.55
2024-03-25,Northstar Public School,North Campus,Grade_8,320,305,15,0,3,78.8,0,28314.38
2024-03-25,Northstar Public School,North Campus,Grade_9,310,295,15,0,2,73.9,1,27830.01
2024-03-25,Northstar Public School,South Campus,Grade_6,304,291,13,0,2,73.0,0,27368.17
2024-03-25,Northstar Public School,South Campus,Grade_7,299,283,16,0,2,75.5,1,27658.39
2024-03-25,Northstar Public School,South Campus,Grade_8,294,279,15,0,2,75.5,1,27639.1
2024-03-25,Northstar Public School,South Campus,Grade_9,285,270,15,0,2,75.9,1,26375.29
2024-04-01,Northstar Public School,North Campus,Grade_6,330,316,14,0,3,76.8,1,30843.74
2024-04-01,Northstar Public School,North Campus,Grade_7,325,305,20,0,3,74.7,1,30681.15
2024-04-01,Northstar Public School,North Campus,Grade_8,320,302,18,0,3,78.2,1,28739.69
2024-04-01,Northstar Public School,North Campus,Grade_9,310,294,16,0,2,74.6,0,28450.36
2024-04-01,Northstar Public School,South Campus,Grade_6,304,288,16,0,2,74.1,0,27043.78
2024-04-01,Northstar Public School,South Campus,Grade_7,299,284,15,0,2,75.7,1,27159.73
2024-04-01,Northstar Public School,South Campus,Grade_8,294,275,19,0,2,77.1,1,26933.93
2024-04-01,Northstar Public School,South Campus,Grade_9,285,271,14,0,2,74.7,0,26184.54
2024-04-08,Northstar Public School,North Campus,Grade_6,330,316,14,0,3,76.1,0,30823.53
2024-04-08,Northstar Public School,North Campus,Grade_7,325,305,20,0,3,73.3,1,29130.25
2024-04-08,Northstar Public School,North Campus,Grade_8,320,301,19,0,3,78.1,1,28871.91
2024-04-08,Northstar Public School,North Campus,Grade_9,310,293,17,0,2,76.2,0,27217.88
2024-04-08,Northstar Public School,South Campus,Grade_6,304,287,17,0,2,76.7,1,27626.62
2024-04-08,Northstar Public School,South Campus,Grade_7,299,286,13,0,2,77.8,0,27644.51
2024-04-08,Northstar Public School,South Campus,Grade_8,294,278,16,0,2,78.3,1,26123.19
2024-04-08,Northstar Public School,South Campus,Grade_9,285,272,13,0,2,73.7,0,25600.31
2024-04-15,Northstar Public School,North Campus,Grade_6,330,309,21,0,3,75.6,0,30003.93
2024-04-15,Northstar Public School,North Campus,Grade_7,325,305,20,0,3,77.4,1,30660.92
2024-04-15,Northstar Public School,North Campus,Grade_8,320,306,14,0,3,75.4,1,29530.63
2024-04-15,Northstar Public School,North Campus,Grade_9,310,290,20,0,2,75.7,0,27873.68
2024-04-15,Northstar Public School,South Campus,Grade_6,304,286,18,0,2,76.4,0,26732.28
2024-04-15,Northstar Public School,South Campus,Grade_7,299,286,13,0,2,74.6,0,27471.1
2024-04-15,Northstar Public School,South Campus,Grade_8,294,276,18,0,2,77.3,1,26733.99
2024-04-15,Northstar Public School,South Campus,Grade_9,285,269,16,0,2,78.3,0,26865.1
2024-04-22,Northstar Public School,North Campus,Grade_6,330,309,21,0,3,76.0,1,30462.3
2024-04-22,Northstar Public School,North Campus,Grade_7,325,310,15,0,3,76.0,1,29815.53
2024-04-22,Northstar Public School,North Campus,Grade_8,320,305,15,0,3,78.8,0,28446.47
2024-04-22,Northstar Public School,North Campus,Grade_9,310,291,19,0,2,73.4,1,27687.41
2024-04-22,Northstar Public School,South Campus,Grade_6,304,290,14,0,2,74.6,1,26743.59
2024-04-22,Northstar Public School,South Campus,Grade_7,299,282,17,0,2,78.9,0,27588.29
2024-04-22,Northstar Public School,South Campus,Grade_8,294,276,18,0,2,74.9,0,26053.33
2024-04-22,Northstar Public School,South Campus,Grade_9,285,271,14,0,2,78.9,0,26237.14
2024-04-29,Northstar Public School,North Campus,Grade_6,330,310,20,0,3,74.9,0,31015.64
2024-04-29,Northstar Public School,North Campus,Grade_7,325,307,18,0,3,77.1,0,29950.3
2024-04-29,Northstar Public School,North Campus,Grade_8,320,300,20,0,3,75.7,1,28500.85
2024-04-29,Northstar Public School,North Campus,Grade_9,310,297,13,0,2,74.4,1,29112.84
2024-04-29,Northstar Public School,South Campus,Grade_6,304,287,17,0,2,74.5,0,26580.7
2024-04-29,Northstar Public School,South Campus,Grade_7,299,282,17,0,2,76.2,1,27025.8
2024-04-29,Northstar Public School,South Campus,Grade_8,294,275,19,0,2,76.7,0,26525.81
2024-04-29,Northstar Public School,South Campus,Grade_9,285,267,18,0,2,78.1,0,26340.3
2024-05-06,Northstar Public School,North Campus,Grade_6,330,313,17,0,3,73.9,0,30605.57
2024-05-06,Northstar Public School,North Campus,Grade_7,325,304,21,0,3,73.6,0,29934.06
2024-05-06,Northstar Public School,North Campus,Grade_8,320,304,16,0,3,78.7,1,30242.7
2024-05-06,Northstar Public School,North Campus,Grade_9,310,292,18,0,2,73.4,0,28261.8
2024-05-06,Northstar Public School,South Campus,Grade_6,304,288,16,0,2,78.1,1,27303.68
2024-05-06,Northstar Public School,South Campus,Grade_7,299,283,16,0,2,73.7,0,27000.43
2024-05-06,Northstar Public School,South Campus,Grade_8,294,276,18,0,2,77.5,1,26394.74
2024-05-06,Northstar Public School,South Campus,Grade_9,285,270,15,0,2,74.4,0,25251.23
2024-05-13,Northstar Public School,North Campus,Grade_6,330,314,16,0,3,74.2,0,29372.28
2024-05-13,Northstar Public School,North Campus,Grade_7,325,308,17,0,3,78.9,0,30209.27
2024-05-13,Northstar Public School,North Campus,Grade_8,320,304,16,0,3,76.9,1,29533.99
2024-05-13,Northstar Public School,North Campus,Grade_9,310,291,19,0,2,77.8,0,28250.63
2024-05-13,Northstar Public School,South Campus,Grade_6,304,290,14,0,2,73.9,1,26706.07
2024-05-13,Northstar Public School,South Campus,Grade_7,299,283,16,0,2,75.3,1,26817.39
2024-05-13,Northstar Public School,South Campus,Grade_8,294,280,14,0,2,75.1,0,27209.51
2024-05-13,Northstar Public School,South Campus,Grade_9,285,268,17,0,2,77.1,1,25074.8
2024-05-20,Northstar Public School,North Campus,Grade_6,330,314,16,0,3,77.9,0,30057.15
2024-05-20,Northstar Public School,North Campus,Grade_7,325,309,16,0,3,74.8,1,28759.75
2024-05-20,Northstar Public School,North Campus,Grade_8,320,302,18,0,3,76.5,1,28557.31
2024-05-20,Northstar Public School,North Campus,Grade_9,310,292,18,0,2,76.5,0,27894.42
2024-05-20,Northstar Public School,South Campus,Grade_6,304,286,18,0,2,76.5,0,26966.76
2024-05-20,Northstar Public School,South Campus,Grade_7,299,283,16,0,2,73.0,1,28111.21
2024-05-20,Northstar Public School,South Campus,Grade_8,294,277,17,0,2,77.7,1,26269.67
2024-05-20,Northstar Public School,South Campus,Grade_9,285,273,12,0,2,77.3,0,26360.48
2024-05-27,Northstar Public School,North Campus,Grade_6,330,311,19,0,3,75.7,1,30973.82
2024-05-27,Northstar Public School,North Campus,Grade_7,325,308,17,0,3,73.9,1,30729.96
2024-05-27,Northstar Public School,North Campus,Grade_8,320,301,19,0,3,76.8,1,29604.64
2024-05-27,Northstar Public School,North Campus,Grade_9,310,297,13,0,2,75.6,1,29002.23
2024-05-27,Northstar Public School,South Campus,Grade_6,304,284,20,0,2,78.9,1,28121.11
2024-05-27,Northstar Public School,South Campus,Grade_7,299,285,14,0,2,78.2,1,27632.62
2024-05-27,Northstar Public School,South Campus,Grade_8,294,275,19,0,2,74.5,0,26090.36
2024-05-27,Northstar Public School,South Campus,Grade_9,285,271,14,0,2,75.5,1,26188.59
2024-06-03,Northstar Public School,North Campus,Grade_6,330,303,27,0,3,78.6,0,31204.8
2024-06-03,Northstar Public School,North Campus,Grade_7,325,297,28,0,3,73.7,1,28898.3
2024-06-03,Northstar Public School,North Campus,Grade_8,320,295,25,0,3,78.7,1,29908.81
2024-06-03,Northstar Public School,North Campus,Grade_9,310,286,24,1,2,75.2,1,28900.5
2024-06-03,Northstar Public School,South Campus,Grade_6,304,279,25,0,2,77.3,1,28562.56
2024-06-03,Northstar Public School,South Campus,Grade_7,299,275,24,0,2,73.8,1,27383.25
2024-06-03,Northstar Public School,South Campus,Grade_8,294,269,25,0,2,74.3,1,26749.34
2024-06-03,Northstar Public School,South Campus,Grade_9,285,265,20,1,2,74.7,1,25304.59
2024-06-10,Northstar Public School,North Campus,Grade_6,330,300,30,0,3,78.8,1,29939.1
2024-06-10,Northstar Public School,North Campus,Grade_7,325,295,30,0,3,77.0,1,30092.48
2024-06-10,Northstar Public School,North Campus,Grade_8,320,293,27,0,3,78.0,1,29829.72
2024-06-10,Northstar Public School,North Campus,Grade_9,310,286,24,1,2,74.6,0,28716.39
2024-06-10,Northstar Public School,South Campus,Grade_6,304,281,23,0,2,75.3,0,28323.43
2024-06-10,Northstar Public School,South Campus,Grade_7,299,274,25,0,2,77.3,0,26372.94
2024-06-10,Northstar Public School,South Campus,Grade_8,294,268,26,0,2,73.4,1,26124.82
2024-06-10,Northstar Public School,South Campus,Grade_9,285,260,25,1,2,78.2,0,25776.81
2024-06-17,Northstar Public School,North Campus,Grade_6,330,307,23,0,3,78.4,1,29413.68
2024-06-17,Northstar Public School,North Campus,Grade_7,325,298,27,0,3,77.0,1,30486.64
2024-06-17,Northstar Public School,North Campus,Grade_8,320,292,28,0,3,78.3,0,28851.94
2024-06-17,Northstar Public School,North Campus,Grade_9,310,287,23,1,2,77.5,1,28055.53
2024-06-17,Northstar Public School,South Campus,Grade_6,304,282,22,0,2,78.1,0,27205.4
2024-06-17,Northstar Public School,South Campus,Grade_7,299,273,26,0,2,74.3,1,26939.44
2024-06-17,Northstar Public School,South Campus,Grade_8,294,271,23,0,2,76.9,1,27229.64
2024-06-17,Northstar Public School,South Campus,Grade_9,285,259,26,1,2,76.0,1,26769.25
2024-06-24,Northstar Public School,North Campus,Grade_6,330,307,23,0,3,74.2,1,29095.04
2024-06-24,Northstar Public School,North Campus,Grade_7,325,302,23,0,3,74.6,0,28667.08
2024-06-24,Northstar Public School,North Campus,Grade_8,320,299,21,0,3,74.0,0,29277.98
2024-06-24,Northstar Public School,North Campus,Grade_9,310,288,22,1,2,73.9,0,27826.67
2024-06-24,Northstar Public School,South Campus,Grade_6,304,280,24,0,2,75.7,1,27445.58
2024-06-24,Northstar Public School,South Campus,Grade_7,299,278,21,0,2,77.4,0,26230.24
2024-06-24,Northstar Public School,South Campus,Grade_8,294,272,22,0,2,78.2,0,25938.2
2024-06-24,Northstar Public School,South Campus,Grade_9,285,259,26,1,2,75.2,0,25461.25
2024-07-01,Northstar Public School,North Campus,Grade_6,330,306,24,0,3,78.3,1,30428.65
2024-07-01,Northstar Public School,North Campus,Grade_7,325,297,28,0,3,78.6,0,29783.24
2024-07-01,Northstar Public School,North Campus,Grade_8,320,297,23,0,3,75.1,0,29840.35
2024-07-01,Northstar Public School,North Campus,Grade_9,310,282,28,0,2,74.0,1,28165.33
2024-07-01,Northstar Public School,South Campus,Grade_6,304,284,20,0,2,75.0,1,28545.56
2024-07-01,Northstar Public School,South Campus,Grade_7,299,275,24,0,2,78.4,0,28092.9
2024-07-01,Northstar Public School,South Campus,Grade_8,294,274,20,0,2,74.8,1,26809.09
2024-07-01,Northstar Public School,South Campus,Grade_9,285,264,21,0,2,78.3,1,24959.33
2024-07-08,Northstar Public School,North Campus,Grade_6,330,304,26,0,3,75.8,1,30714.33
2024-07-08,Northstar Public School,North Campus,Grade_7,325,300,25,0,3,78.8,1,29543.91
2024-07-08,Northstar Public School,North Campus,Grade_8,320,297,23,0,3,78.2,1,28201.23
2024-07-08,Northstar Public School,North Campus,Grade_9,310,289,21,0,2,73.4,1,28330.26
2024-07-08,Northstar Public School,South Campus,Grade_6,304,280,24,0,2,74.7,0,27275.53
2024-07-08,Northstar Public School,South Campus,Grade_7,299,277,22,0,2,77.2,0,27118.69
2024-07-08,Northstar Public School,South Campus,Grade_8,294,270,24,0,2,78.5,1,26872.01
2024-07-08,Northstar Public School,South Campus,Grade_9,285,266,19,0,2,78.3,0,25684.92
2024-07-15,Northstar Public School,North Campus,Grade_6,330,306,24,0,3,77.0,1,30233.74
2024-07-15,Northstar Public School,North Campus,Grade_7,325,301,24,0,3,79.0,1,30290.19
2024-07-15,Northstar Public School,North Campus,Grade_8,320,298,22,0,3,76.0,1,30072.47
2024-07-15,Northstar Public School,North Campus,Grade_9,310,286,24,0,2,78.5,1,27695.57
2024-07-15,Northstar Public School,South Campus,Grade_6,304,283,21,0,2,77.5,1,28258.09
2024-07-15,Northstar Public School,South Campus,Grade_7,299,277,22,0,2,73.1,1,28073.68
2024-07-15,Northstar Public School,South Campus,Grade_8,294,271,23,0,2,75.6,1,26589.38
2024-07-15,Northstar Public School,South Campus,Grade_9,285,266,19,0,2,78.0,0,25092.28
2024-07-22,Northstar Public School,North Campus,Grade_6,330,301,29,0,3,74.1,0,30974.43
2024-07-22,Northstar Public School,North Campus,Grade_7,325,301,24,0,3,75.9,0,28459.58
2024-07-22,Northstar Public School,North Campus,Grade_8,320,297,23,0,3,78.8,0,29226.46
2024-07-22,Northstar Public School,North Campus,Grade_9,310,284,26,0,2,76.1,1,28613.46
2024-07-22,Northstar Public School,South Campus,Grade_6,304,281,23,0,2,76.7,1,27365.16
2024-07-22,Northstar Public School,South Campus,Grade_7,299,273,26,0,2,73.2,1,27445.33
2024-07-22,Northstar Public School,South Campus,Grade_8,294,270,24,0,2,73.7,0,26349.08
2024-07-22,Northstar Public School,South Campus,Grade_9,285,263,22,0,2,77.7,0,25059.24
2024-07-29,Northstar Public School,North Campus,Grade_6,330,304,26,0,3,77.8,1,29637.67
2024-07-29,Northstar Public School,North Campus,Grade_7,325,298,27,0,3,76.1,0,30346.56
2024-07-29,Northstar Public School,North Campus,Grade_8,320,296,24,0,3,76.7,0,28471.79
2024-07-29,Northstar Public School,North Campus,Grade_9,310,287,23,0,2,74.9,1,28570.99
2024-07-29,Northstar Public School,South Campus,Grade_6,304,283,21,0,2,75.3,0,26980.48
2024-07-29,Northstar Public School,South Campus,Grade_7,299,274,25,0,2,76.6,1,27925.27
2024-07-29,Northstar Public School,South Campus,Grade_8,294,273,21,0,2,74.5,1,26660.39
2024-07-29,Northstar Public School,South Campus,Grade_9,285,266,19,0,2,75.8,0,26968.71
2024-08-05,Northstar Public School,North Campus,Grade_6,330,314,16,0,3,76.4,0,31046.22
2024-08-05,Northstar Public School,North Campus,Grade_7,325,306,19,0,3,75.4,0,30654.14
2024-08-05,Northstar Public School,North Campus,Grade_8,320,303,17,0,3,74.3,1,28780.69
2024-08-05,Northstar Public School,North Campus,Grade_9,310,291,19,0,2,75.4,0,28595.98
2024-08-05,Northstar Public School,South Campus,Grade_6,304,289,15,0,2,74.9,0,26558.05
2024-08-05,Northstar Public School,South Campus,Grade_7,299,282,17,0,2,74.7,1,26605.21
2024-08-05,Northstar Public School,South Campus,Grade_8,294,281,13,0,2,73.8,0,27149.95
2024-08-05,Northstar Public School,South Campus,Grade_9,285,270,15,0,2,73.9,0,26636.35
2024-08-12,Northstar Public School,North Campus,Grade_6,330,312,18,0,3,76.3,1,29022.38
2024-08-12,Northstar Public School,North Campus,Grade_7,325,310,15,0,3,75.4,0,28858.46
2024-08-12,Northstar Public School,North Campus,Grade_8,320,299,21,0,3,78.4,1,29997.46
2024-08-12,Northstar Public School,North Campus,Grade_9,310,296,14,0,2,75.5,0,27096.78
2024-08-12,Northstar Public School,South Campus,Grade_6,304,287,17,0,2,76.7,1,28522.72
2024-08-12,Northstar Public School,South Campus,Grade_7,299,283,16,0,2,74.8,1,26206.3
2024-08-12,Northstar Public School,South Campus,Grade_8,294,277,17,0,2,73.9,1,26557.69
2024-08-12,Northstar Public School,South Campus,Grade_9,285,268,17,0,2,76.6,1,25091.04
2024-08-19,Northstar Public School,North Campus,Grade_6,330,310,20,0,3,75.7,1,30644.94
2024-08-19,Northstar Public School,North Campus,Grade_7,325,308,17,0,3,78.7,1,30755.05
2024-08-19,Northstar Public School,North Campus,Grade_8,320,305,15,0,3,73.3,1,29943.23
2024-08-19,Northstar Public School,North Campus,Grade_9,310,294,16,0,2,74.8,1,28337.97
2024-08-19,Northstar Public School,South Campus,Grade_6,304,288,16,0,2,76.9,1,28275.5
2024-08-19,Northstar Public School,South Campus,Grade_7,299,286,13,0,2,74.7,1,28279.31
2024-08-19,Northstar Public School,South Campus,Grade_8,294,277,17,0,2,77.6,1,27410.68
2024-08-19,Northstar Public School,South Campus,Grade_9,285,273,12,0,2,74.9,0,26808.56
2024-08-26,Northstar Public School,North Campus,Grade_6,330,315,15,0,3,77.8,1,31225.27
2024-08-26,Northstar Public School,North Campus,Grade_7,325,311,14,0,3,76.7,1,28774.56
2024-08-26,Northstar Public School,North Campus,Grade_8,320,302,18,0,3,76.4,0,29235.13
2024-08-26,Northstar Public School,North Campus,Grade_9,310,293,17,0,2,74.4,1,28405.23
2024-08-26,Northstar Public School,South Campus,Grade_6,304,289,15,0,2,74.0,0,27936.57
2024-08-26,Northstar Public School,South Campus,Grade_7,299,285,14,0,2,74.5,1,27766.48
2024-08-26,Northstar Public School,South Campus,Grade_8,294,281,13,0,2,76.9,0,27528.22
2024-08-26,Northstar Public School,South Campus,Grade_9,285,271,14,0,2,78.8,0,24975.81
2024-09-02,Northstar Public School,North Campus,Grade_6,330,310,20,0,3,74.5,0,29800.75
2024-09-02,Northstar Public School,North Campus,Grade_7,325,310,15,0,3,78.3,0,28689.31
2024-09-02,Northstar Public School,North Campus,Grade_8,320,306,14,0,3,75.2,1,29609.68
2024-09-02,Northstar Public School,North Campus,Grade_9,310,296,14,0,2,75.7,0,27094.43
2024-09-02,Northstar Public School,South Campus,Grade_6,304,284,20,0,2,77.4,0,28206.9
2024-09-02,Northstar Public School,South Campus,Grade_7,299,283,16,0,2,74.7,0,26911.22
2024-09-02,Northstar Public School,South Campus,Grade_8,294,277,17,0,2,77.8,0,27777.25
2024-09-02,Northstar Public School,South Campus,Grade_9,285,267,18,0,2,74.9,0,25505.08
2024-09-09,Northstar Public School,North Campus,Grade_6,330,315,15,0,3,76.8,0,30347.06
2024-09-09,Northstar Public School,North Campus,Grade_7,325,309,16,0,3,76.4,1,28514.16
2024-09-09,Northstar Public School,North Campus,Grade_8,320,306,14,0,3,76.4,1,29529.74
2024-09-09,Northstar Public School,North Campus,Grade_9,310,293,17,0,2,77.3,0,29010.16
2024-09-09,Northstar Public School,South Campus,Grade_6,304,288,16,0,2,74.9,1,27365.87
2024-09-09,Northstar Public School,South Campus,Grade_7,299,280,19,0,2,74.7,0,28007.68
2024-09-09,Northstar Public School,South Campus,Grade_8,294,278,16,0,2,78.2,0,25718.76
2024-09-09,Northstar Public School,South Campus,Grade_9,285,268,17,0,2,74.4,0,26497.79
2024-09-16,Northstar Public School,North Campus,Grade_6,330,315,15,0,3,75.9,0,29089.3
2024-09-16,Northstar Public School,North Campus,Grade_7,325,308,17,0,3,75.0,1,30229.87
2024-09-16,Northstar Public School,North Campus,Grade_8,320,299,21,0,3,78.0,1,28308.45
2024-09-16,Northstar Public School,North Campus,Grade_9,310,294,16,0,2,76.7,1,27741.77
2024-09-16,Northstar Public School,South Campus,Grade_6,304,289,15,0,2,76.8,1,28565.69
2024-09-16,Northstar Public School,South Campus,Grade_7,299,285,14,0,2,78.0,0,27486.47
2024-09-16,Northstar Public School,South Campus,Grade_8,294,275,19,0,2,73.4,1,27334.88
2024-09-16,Northstar Public School,South Campus,Grade_9,285,267,18,0,2,77.4,1,25209.09
2024-09-23,Northstar Public School,North Campus,Grade_6,330,312,18,0,3,76.6,1,30331.92
2024-09-23,Northstar Public School,North Campus,Grade_7,325,306,19,0,3,78.0,1,28621.36
2024-09-23,Northstar Public School,North Campus,Grade_8,320,302,18,0,3,74.0,0,28839.47
2024-09-23,Northstar Public School,North Campus,Grade_9,310,294,16,0,2,78.6,1,28533.37
2024-09-23,Northstar Public School,South Campus,Grade_6,304,284,20,0,2,74.1,0,27669.08
2024-09-23,Northstar Public School,South Campus,Grade_7,299,283,16,0,2,75.0,0,26287.65
2024-09-23,Northstar Public School,South Campus,Grade_8,294,275,19,0,2,74.2,1,26329.93
2024-09-23,Northstar Public School,South Campus,Grade_9,285,269,16,0,2,76.9,1,25604.47
2024-09-30,Northstar Public School,North Campus,Grade_6,330,313,17,0,3,78.7,1,29476.67
2024-09-30,Northstar Public School,North Campus,Grade_7,325,309,16,0,3,73.4,1,30062.98
2024-09-30,Northstar Public School,North Campus,Grade_8,320,306,14,0,3,73.8,1,29284.8
2024-09-30,Northstar Public School,North Campus,Grade_9,310,290,20,0,2,78.4,0,28508.36
2024-09-30,Northstar Public School,South Campus,Grade_6,304,285,19,0,2,74.5,0,26833.34
2024-09-30,Northstar Public School,South Campus,Grade_7,299,284,15,0,2,76.3,0,27160.15
2024-09-30,Northstar Public School,South Campus,Grade_8,294,278,16,0,2,74.5,0,26723.24
2024-09-30,Northstar Public School,South Campus,Grade_9,285,269,16,0,2,78.9,1,25958.8
2024-10-07,Northstar Public School,North Campus,Grade_6,330,314,16,0,3,76.2,1,29978.98
2024-10-07,Northstar Public School,North Campus,Grade_7,325,306,19,0,3,74.1,0,28852.8
2024-10-07,Northstar Public School,North Campus,Grade_8,320,301,19,0,3,78.4,1,28974.32
2024-10-07,Northstar Public School,North Campus,Grade_9,310,292,18,0,2,73.5,0,28282.18
2024-10-07,Northstar Public School,South Campus,Grade_6,304,287,17,0,2,75.6,1,27898.99
2024-10-07,Northstar Public School,South Campus,Grade_7,299,282,17,0,2,78.8,0,27950.08
2024-10-07,Northstar Public School,South Campus,Grade_8,294,276,18,0,2,77.9,1,26169.04
2024-10-07,Northstar Public School,South Campus,Grade_9,285,268,17,0,2,73.8,0,26487.21
2024-10-14,Northstar Public School,North Campus,Grade_6,330,311,19,0,3,76.3,1,29400.92
2024-10-14,Northstar Public School,North Campus,Grade_7,325,305,20,0,3,77.5,0,29959.05
2024-10-14,Northstar Public School,North Campus,Grade_8,320,304,16,0,3,74.3,1,29007.83
2024-10-14,Northstar Public School,North Campus,Grade_9,310,295,15,0,2,74.2,0,28304.47
2024-10-14,Northstar Public School,South Campus,Grade_6,304,287,17,0,2,74.9,0,28160.2
2024-10-14,Northstar Public School,South Campus,Grade_7,299,282,17,0,2,77.7,0,27407.92
2024-10-14,Northstar Public School,South Campus,Grade_8,294,276,18,0,2,73.6,1,27234.25
2024-10-14,Northstar Public School,South Campus,Grade_9,285,271,14,0,2,76.4,0,26597.71
2024-10-21,Northstar Public School,North Campus,Grade_6,330,310,20,0,3,74.1,1,29974.28
2024-10-21,Northstar Public School,North Campus,Grade_7,325,310,15,0,3,77.7,1,28612.38
2024-10-21,Northstar Public School,North Campus,Grade_8,320,302,18,0,3,74.6,1,28853.89
2024-10-21,Northstar Public School,North Campus,Grade_9,310,292,18,0,2,77.6,0,28603.69
2024-10-21,Northstar Public School,South Campus,Grade_6,304,285,19,0,2,77.3,0,27030.95
2024-10-21,Northstar Public School,South Campus,Grade_7,299,284,15,0,2,74.2,1,26368.52
2024-10-21,Northstar Public School,South Campus,Grade_8,294,275,19,0,2,77.1,0,26182.63
2024-10-21,Northstar Public School,South Campus,Grade_9,285,267,18,0,2,76.5,0,24975.25
2024-10-28,Northstar Public School,North Campus,Grade_6,330,309,21,0,3,74.8,1,29849.81
2024-10-28,Northstar Public School,North Campus,Grade_7,325,308,17,0,3,79.0,1,29805.15
2024-10-28,Northstar Public School,North Campus,Grade_8,320,306,14,0,3,78.5,1,28949.04
2024-10-28,Northstar Public School,North Campus,Grade_9,310,293,17,0,2,74.6,1,28456.1
2024-10-28,Northstar Public School,South Campus,Grade_6,304,289,15,0,2,74.3,1,26844.88
2024-10-28,Northstar Public School,South Campus,Grade_7,299,285,14,0,2,78.7,1,26665.87
2024-10-28,Northstar Public School,South Campus,Grade_8,294,276,18,0,2,75.5,1,27007.39
2024-10-28,Northstar Public School,South Campus,Grade_9,285,270,15,0,2,74.6,1,25074.91
2024-11-04,Northstar Public School,North Campus,Grade_6,330,312,18,0,3,78.0,1,30517.67
2024-11-04,Northstar Public School,North Campus,Grade_7,325,307,18,0,3,74.3,1,30006.58
2024-11-04,Northstar Public School,North Campus,Grade_8,320,306,14,0,3,78.5,1,28614.75
2024-11-04,Northstar Public School,North Campus,Grade_9,310,294,16,0,2,78.2,0,27758.3
2024-11-04,Northstar Public School,South Campus,Grade_6,304,291,13,0,2,75.3,0,26838.09
2024-11-04,Northstar Public School,South Campus,Grade_7,299,283,16,0,2,75.7,1,26882.46
2024-11-04,Northstar Public School,South Campus,Grade_8,294,279,15,0,2,73.1,0,25870.43
2024-11-04,Northstar Public School,South Campus,Grade_9,285,273,12,0,2,78.9,1,26336.93
2024-11-11,Northstar Public School,North Campus,Grade_6,330,315,15,0,3,76.5,1,30219.29
2024-11-11,Northstar Public School,North Campus,Grade_7,325,309,16,0,3,73.1,1,30103.24
2024-11-11,Northstar Public School,North Campus,Grade_8,320,301,19,0,3,75.1,1,29602.56
2024-11-11,Northstar Public School,North Campus,Grade_9,310,292,18,0,2,74.8,1,27195.65
2024-11-11,Northstar Public School,South Campus,Grade_6,304,289,15,0,2,78.5,0,28230.12
2024-11-11,Northstar Public School,South Campus,Grade_7,299,282,17,0,2,77.2,1,27186.55
2024-11-11,Northstar Public School,South Campus,Grade_8,294,280,14,0,2,78.1,1,26744.84
2024-11-11,Northstar Public School,South Campus,Grade_9,285,271,14,0,2,73.9,1,25109.45
2024-11-18,Northstar Public School,North Campus,Grade_6,330,312,18,0,3,75.6,1,29116.85
2024-11-18,Northstar Public School,North Campus,Grade_7,325,310,15,0,3,76.3,0,29015.13
2024-11-18,Northstar Public School,North Campus,Grade_8,320,302,18,0,3,77.8,0,28429.56
2024-11-18,Northstar Public School,North Campus,Grade_9,310,292,18,0,2,78.6,0,28240.88
2024-11-18,Northstar Public School,South Campus,Grade_6,304,285,19,0,2,78.7,1,27533.32
2024-11-18,Northstar Public School,South Campus,Grade_7,299,285,14,0,2,75.8,0,27856.74
2024-11-18,Northstar Public School,South Campus,Grade_8,294,277,17,0,2,78.3,1,26508.74
2024-11-18,Northstar Public School,South Campus,Grade_9,285,268,17,0,2,73.5,0,25775.43
2024-11-25,Northstar Public School,North Campus,Grade_6,330,316,14,0,3,75.4,0,30957.85
2024-11-25,Northstar Public School,North Campus,Grade_7,325,305,20,0,3,78.5,1,28858.43
2024-11-25,Northstar Public School,North Campus,Grade_8,320,303,17,0,3,75.6,1,29706.73
2024-11-25,Northstar Public School,North Campus,Grade_9,310,291,19,0,2,75.3,0,27663.67
2024-11-25,Northstar Public School,South Campus,Grade_6,304,287,17,0,2,73.3,1,28632.76
2024-11-25,Northstar Public School,South Campus,Grade_7,299,284,15,0,2,76.1,0,27091.61
2024-11-25,Northstar Public School,South Campus,Grade_8,294,279,15,0,2,77.9,0,27493.36
2024-11-25,Northstar Public School,South Campus,Grade_9,285,269,16,0,2,74.4,0,25956.91
2024-12-02,Northstar Public School,North Campus,Grade_6,330,300,30,0,3,74.5,1,30312.73
2024-12-02,Northstar Public School,North Campus,Grade_7,325,297,28,0,3,76.7,1,30179.71
2024-12-02,Northstar Public School,North Campus,Grade_8,320,294,26,0,3,78.0,1,30279.58
2024-12-02,Northstar Public School,North Campus,Grade_9,310,289,21,0,2,77.9,1,29225.3
2024-12-02,Northstar Public School,South Campus,Grade_6,304,277,27,0,2,78.7,1,26906.82
2024-12-02,Northstar Public School,South Campus,Grade_7,299,278,21,0,2,76.4,0,27697.59
2024-12-02,Northstar Public School,South Campus,Grade_8,294,273,21,0,2,78.4,0,27792.83
2024-12-02,Northstar Public School,South Campus,Grade_9,285,265,20,0,2,75.7,1,25187.39
2024-12-09,Northstar Public School,North Campus,Grade_6,330,302,28,0,3,74.2,0,30863.04
2024-12-09,Northstar Public School,North Campus,Grade_7,325,299,26,0,3,78.9,1,30101.05
2024-12-09,Northstar Public School,North Campus,Grade_8,320,294,26,0,3,74.1,0,29440.68
2024-12-09,Northstar Public School,North Campus,Grade_9,310,283,27,0,2,78.4,1,28397.21
2024-12-09,Northstar Public School,South Campus,Grade_6,304,278,26,0,2,74.9,1,28333.67
2024-12-09,Northstar Public School,South Campus,Grade_7,299,276,23,0,2,77.9,1,26572.11
2024-12-09,Northstar Public School,South Campus,Grade_8,294,272,22,0,2,73.4,1,27704.28
2024-12-09,Northstar Public School,South Campus,Grade_9,285,261,24,0,2,75.2,0,25806.45
2024-12-16,Northstar Public School,North Campus,Grade_6,330,302,28,0,3,77.0,1,30431.32
2024-12-16,Northstar Public School,North Campus,Grade_7,325,301,24,0,3,73.7,1,29310.42
2024-12-16,Northstar Public School,North Campus,Grade_8,320,297,23,0,3,73.7,0,28809.2
2024-12-16,Northstar Public School,North Campus,Grade_9,310,286,24,0,2,78.5,0,27228.47
2024-12-16,Northstar Public School,South Campus,Grade_6,304,281,23,0,2,73.6,0,27419.75
2024-12-16,Northstar Public School,South Campus,Grade_7,299,279,20,0,2,74.1,1,26482.95
2024-12-16,Northstar Public School,South Campus,Grade_8,294,268,26,0,2,73.2,1,27463.76
2024-12-16,Northstar Public School,South Campus,Grade_9,285,259,26,0,2,77.2,1,25366.04
2024-12-23,Northstar Public School,North Campus,Grade_6,330,306,24,0,3,74.7,0,29122.7
2024-12-23,Northstar Public School,North Campus,Grade_7,325,301,24,0,3,76.1,0,28548.44
2024-12-23,Northstar Public School,North Campus,Grade_8,320,296,24,0,3,78.8,0,30255.47
2024-12-23,Northstar Public School,North Campus,Grade_9,310,289,21,0,2,78.8,1,29291.8
2024-12-23,Northstar Public School,South Campus,Grade_6,304,282,22,0,2,77.0,0,27464.41
2024-12-23,Northstar Public School,South Campus,Grade_7,299,272,27,0,2,74.9,1,26600.1
2024-12-23,Northstar Public School,South Campus,Grade_8,294,268,26,0,2,73.2,1,27034.51
2024-12-23,Northstar Public School,South Campus,Grade_9,285,263,22,0,2,77.3,0,25290.98
2024-12-30,Northstar Public School,North Campus,Grade_6,330,304,26,0,3,78.4,1,29741.8
2024-12-30,Northstar Public School,North Campus,Grade_7,325,297,28,0,3,76.2,0,29458.3
2024-12-30,Northstar Public School,North Campus,Grade_8,320,292,28,0,3,74.4,1,28646.04
2024-12-30,Northstar Public School,North Campus,Grade_9,310,285,25,0,2,74.5,0,27338.29
2024-12-30,Northstar Public School,South Campus,Grade_6,304,278,26,0,2,77.1,1,27274.93
2024-12-30,Northstar Public School,South Campus,Grade_7,299,274,25,0,2,74.6,0,27209.74
2024-12-30,Northstar Public School,South Campus,Grade_8,294,271,23,0,2,75.1,0,25759.98
2024-12-30,Northstar Public School,South Campus,Grade_9,285,260,25,0,2,78.9,0,26183.89
2025-01-06,Northstar Public School,North Campus,Grade_6,330,315,15,0,3,78.5,0,31132.04
2025-01-06,Northstar Public School,North Campus,Grade_7,325,308,17,0,3,73.1,1,28885.39
2025-01-06,Northstar Public School,North Campus,Grade_8,320,304,16,0,3,77.0,0,28491.43
2025-01-06,Northstar Public School,North Campus,Grade_9,310,292,18,0,2,76.6,1,28435.33
2025-01-06,Northstar Public School,South Campus,Grade_6,304,288,16,0,2,75.8,1,27070.75
2025-01-06,Northstar Public School,South Campus,Grade_7,299,286,13,0,2,77.4,1,26309.69
2025-01-06,Northstar Public School,South Campus,Grade_8,294,275,19,0,2,75.3,0,26472.37
2025-01-06,Northstar Public School,South Campus,Grade_9,285,271,14,0,2,78.8,0,26776.03
2025-01-13,Northstar Public School,North Campus,Grade_6,330,314,16,0,3,74.0,0,29613.59
2025-01-13,Northstar Public School,North Campus,Grade_7,325,311,14,0,3,75.9,0,30410.7
2025-01-13,Northstar Public School,North Campus,Grade_8,320,304,16,0,3,73.0,1,29461.63
2025-01-13,Northstar Public School,North Campus,Grade_9,310,296,14,0,2,78.6,0,27180.42
2025-01-13,Northstar Public School,South Campus,Grade_6,304,286,18,0,2,78.3,0,27377.94
2025-01-13,Northstar Public School,South Campus,Grade_7,299,281,18,0,2,73.9,0,26522.99
2025-01-13,Northstar Public School,South Campus,Grade_8,294,279,15,0,2,76.3,1,27691.78
2025-01-13,Northstar Public School,South Campus,Grade_9,285,268,17,0,2,73.2,1,26097.59
2025-01-20,Northstar Public School,North Campus,Grade_6,330,310,20,0,3,78.1,1,30766.01
2025-01-20,Northstar Public School,North Campus,Grade_7,325,311,14,0,3,74.0,1,29086.18
2025-01-20,Northstar Public School,North Campus,Grade_8,320,306,14,0,3,75.9,1,30271.5
2025-01-20,Northstar Public School,North Campus,Grade_9,310,296,14,0,2,74.6,0,27572.26
2025-01-20,Northstar Public School,South Campus,Grade_6,304,289,15,0,2,78.8,1,28483.2
2025-01-20,Northstar Public School,South Campus,Grade_7,299,285,14,0,2,75.5,0,27767.57
2025-01-20,Northstar Public School,South Campus,Grade_8,294,277,17,0,2,77.5,0,26867.65
2025-01-20,Northstar Public School,South Campus,Grade_9,285,267,18,0,2,73.9,0,26845.1
2025-01-27,Northstar Public School,North Campus,Grade_6,330,310,20,0,3,76.1,0,29309.24
2025-01-27,Northstar Public School,North Campus,Grade_7,325,309,16,0,3,78.1,1,29092.84
2025-01-27,Northstar Public School,North Campus,Grade_8,320,300,20,0,3,75.4,1,29612.48
2025-01-27,Northstar Public School,North Campus,Grade_9,310,297,13,0,2,73.6,0,27548.71
2025-01-27,Northstar Public School,South Campus,Grade_6,304,285,19,0,2,73.9,0,27895.76
2025-01-27,Northstar Public School,South Campus,Grade_7,299,281,18,0,2,77.9,1,26346.47
2025-01-27,Northstar Public School,South Campus,Grade_8,294,280,14,0,2,73.0,0,26350.55
2025-01-27,Northstar Public School,South Campus,Grade_9,285,272,13,0,2,78.8,0,26869.16
2025-02-03,Northstar Public School,North Campus,Grade_6,330,316,14,0,3,74.0,0,30660.01
2025-02-03,Northstar Public School,North Campus,Grade_7,325,308,17,0,3,74.2,0,29842.83
2025-02-03,Northstar Public School,North Campus,Grade_8,320,300,20,0,3,78.9,0,28348.19
2025-02-03,Northstar Public School,North Campus,Grade_9,310,294,16,0,2,76.2,0,28901.9
2025-02-03,Northstar Public School,South Campus,Grade_6,304,287,17,0,2,77.5,0,26963.46
2025-02-03,Northstar Public School,South Campus,Grade_7,299,280,19,0,2,73.2,0,28171.55
2025-02-03,Northstar Public School,South Campus,Grade_8,294,275,19,0,2,74.6,1,27798.04
2025-02-03,Northstar Public School,South Campus,Grade_9,285,267,18,0,2,75.7,0,25281.19
2025-02-10,Northstar Public School,North Campus,Grade_6,330,316,14,0,3,78.8,1,29287.33
2025-02-10,Northstar Public School,North Campus,Grade_7,325,305,20,0,3,74.0,1,29064.33
2025-02-10,Northstar Public School,North Campus,Grade_8,320,301,19,0,3,77.2,1,29109.36
2025-02-10,Northstar Public School,North Campus,Grade_9,310,291,19,0,2,73.7,1,28755.09
2025-02-10,Northstar Public School,South Campus,Grade_6,304,285,19,0,2,76.2,0,28179.05
2025-02-10,Northstar Public School,South Campus,Grade_7,299,282,17,0,2,75.7,0,26455.51
2025-02-10,Northstar Public School,South Campus,Grade_8,294,277,17,0,2,77.9,0,26662.21
2025-02-10,Northstar Public School,South Campus,Grade_9,285,267,18,0,2,77.3,1,25492.39
2025-02-17,Northstar Public School,North Campus,Grade_6,330,315,15,0,3,78.9,1,31179.34
2025-02-17,Northstar Public School,North Campus,Grade_7,325,309,16,0,3,75.2,1,29625.88
2025-02-17,Northstar Public School,North Campus,Grade_8,320,303,17,0,3,73.7,1,28631.38
2025-02-17,Northstar Public School,North Campus,Grade_9,310,292,18,0,2,76.6,0,28637.87
2025-02-17,Northstar Public School,South Campus,Grade_6,304,287,17,0,2,75.2,1,27226.81
2025-02-17,Northstar Public School,South Campus,Grade_7,299,286,13,0,2,75.5,1,26389.44
2025-02-17,Northstar Public School,South Campus,Grade_8,294,277,17,0,2,73.7,1,26343.0
2025-02-17,Northstar Public School,South Campus,Grade_9,285,271,14,0,2,75.6,0,26761.33
2025-02-24,Northstar Public School,North Campus,Grade_6,330,309,21,0,3,73.7,1,30369.37
2025-02-24,Northstar Public School,North Campus,Grade_7,325,309,16,0,3,77.0,1,29665.11
2025-02-24,Northstar Public School,North Campus,Grade_8,320,299,21,0,3,74.9,0,29542.72
2025-02-24,Northstar Public School,North Campus,Grade_9,310,294,16,0,2,74.2,0,29002.34
2025-02-24,Northstar Public School,South Campus,Grade_6,304,290,14,0,2,75.0,1,28294.57
2025-02-24,Northstar Public School,South Campus,Grade_7,299,286,13,0,2,74.4,0,26945.04
2025-02-24,Northstar Public School,South Campus,Grade_8,294,278,16,0,2,78.6,0,26780.12
2025-02-24,Northstar Public School,South Campus,Grade_9,285,267,18,0,2,77.5,0,25880.81
2025-03-03,Northstar Public School,North Campus,Grade_6,330,314,16,0,3,77.0,0,30825.55
2025-03-03,Northstar Public School,North Campus,Grade_7,325,311,14,0,3,77.6,1,29295.38
2025-03-03,Northstar Public School,North Campus,Grade_8,320,304,16,0,3,74.6,1,29863.94
2025-03-03,Northstar Public School,North Campus,Grade_9,310,295,15,0,2,78.3,1,27822.47
2025-03-03,Northstar Public School,South Campus,Grade_6,304,286,18,0,2,73.2,0,28174.11
2025-03-03,Northstar Public School,South Campus,Grade_7,299,284,15,0,2,75.3,0,26890.06
2025-03-03,Northstar Public School,South Campus,Grade_8,294,275,19,0,2,76.9,0,26627.34
2025-03-03,Northstar Public School,South Campus,Grade_9,285,271,14,0,2,78.1,0,25382.84
2025-03-10,Northstar Public School,North Campus,Grade_6,330,310,20,0,3,78.0,0,30365.79
2025-03-10,Northstar Public School,North Campus,Grade_7,325,310,15,0,3,73.1,1,28447.02
2025-03-10,Northstar Public School,North Campus,Grade_8,320,301,19,0,3,76.6,1,29050.12
2025-03-10,Northstar Public School,North Campus,Grade_9,310,293,17,0,2,78.8,0,27495.42
2025-03-10,Northstar Public School,South Campus,Grade_6,304,285,19,0,2,78.1,1,27886.42
2025-03-10,Northstar Public School,South Campus,Grade_7,299,279,20,0,2,77.1,1,27682.74
2025-03-10,Northstar Public School,South Campus,Grade_8,294,276,18,0,2,78.6,1,27767.5
2025-03-10,Northstar Public School,South Campus,Grade_9,285,266,19,0,2,74.0,1,24905.61
2025-03-17,Northstar Public School,North Campus,Grade_6,330,315,15,0,3,78.1,0,30701.92
2025-03-17,Northstar Public School,North Campus,Grade_7,325,310,15,0,3,73.1,0,28787.75
2025-03-17,Northstar Public School,North Campus,Grade_8,320,304,16,0,3,77.8,1,29855.6
2025-03-17,Northstar Public School,North Campus,Grade_9,310,292,18,0,2,75.1,1,28362.11
2025-03-17,Northstar Public School,South Campus,Grade_6,304,286,18,0,2,74.4,0,26959.48
2025-03-17,Northstar Public School,South Campus,Grade_7,299,280,19,0,2,73.7,0,28147.65
2025-03-17,Northstar Public School,South Campus,Grade_8,294,277,17,0,2,76.5,1,25881.73
2025-03-17,Northstar Public School,South Campus,Grade_9,285,272,13,0,2,74.3,0,26671.35
2025-03-24,Northstar Public School,North Campus,Grade_6,330,313,17,0,3,73.4,0,29016.65
2025-03-24,Northstar Public School,North Campus,Grade_7,325,305,20,0,3,76.1,1,30040.12
2025-03-24,Northstar Public School,North Campus,Grade_8,320,299,21,0,3,73.8,0,30082.98
2025-03-24,Northstar Public School,North Campus,Grade_9,310,290,20,0,2,74.9,0,28873.59
2025-03-24,Northstar Public School,South Campus,Grade_6,304,288,16,0,2,78.1,1,28404.33
2025-03-24,Northstar Public School,South Campus,Grade_7,299,282,17,0,2,74.1,0,26215.37
2025-03-24,Northstar Public School,South Campus,Grade_8,294,276,18,0,2,73.8,0,26104.54
2025-03-24,Northstar Public School,South Campus,Grade_9,285,273,12,0,2,78.2,1,25586.31
2025-03-31,Northstar Public School,North Campus,Grade_6,330,309,21,0,3,74.2,1,29115.56
2025-03-31,Northstar Public School,North Campus,Grade_7,325,308,17,0,3,75.9,1,30207.26
2025-03-31,Northstar Public School,North Campus,Grade_8,320,304,16,0,3,74.0,1,28621.79
2025-03-31,Northstar Public School,North Campus,Grade_9,310,291,19,0,2,76.9,1,28157.71
2025-03-31,Northstar Public School,South Campus,Grade_6,304,284,20,0,2,75.2,1,27510.29
2025-03-31,Northstar Public School,South Campus,Grade_7,299,280,19,0,2,75.2,0,26291.11
2025-03-31,Northstar Public School,South Campus,Grade_8,294,275,19,0,2,73.7,0,25697.53
2025-03-31,Northstar Public School,South Campus,Grade_9,285,270,15,0,2,78.1,1,25238.81
2025-04-07,Northstar Public School,North Campus,Grade_6,330,314,16,0,3,77.7,0,30369.17
2025-04-07,Northstar Public School,North Campus,Grade_7,325,309,16,0,3,75.0,1,28424.43
2025-04-07,Northstar Public School,North Campus,Grade_8,320,304,16,0,3,73.7,1,29933.97
2025-04-07,Northstar Public School,North Campus,Grade_9,310,296,14,0,2,77.1,1,27214.65
2025-04-07,Northstar Public School,South Campus,Grade_6,304,285,19,0,2,76.3,1,28598.0
2025-04-07,Northstar Public School,South Campus,Grade_7,299,284,15,0,2,76.4,1,26491.38
2025-04-07,Northstar Public School,South Campus,Grade_8,294,276,18,0,2,79.0,1,26091.37
2025-04-07,Northstar Public School,South Campus,Grade_9,285,269,16,0,2,75.9,1,26969.77
2025-04-14,Northstar Public School,North Campus,Grade_6,330,309,21,0,3,74.2,0,29101.15
2025-04-14,Northstar Public School,North Campus,Grade_7,325,306,19,0,3,78.5,1,29227.22
2025-04-14,Northstar Public School,North Campus,Grade_8,320,305,15,0,3,76.1,1,29720.81
2025-04-14,Northstar Public School,North Campus,Grade_9,310,296,14,0,2,76.7,0,29095.6
2025-04-14,Northstar Public School,South Campus,Grade_6,304,289,15,0,2,75.0,1,27080.88
2025-04-14,Northstar Public School,South Campus,Grade_7,299,286,13,0,2,77.8,0,27828.02
2025-04-14,Northstar Public School,South Campus,Grade_8,294,278,16,0,2,78.0,0,27322.95
2025-04-14,Northstar Public School,South Campus,Grade_9,285,267,18,0,2,77.7,1,26744.29
2025-04-21,Northstar Public School,North Campus,Grade_6,330,310,20,0,3,74.6,0,31010.41
2025-04-21,Northstar Public School,North Campus,Grade_7,325,304,21,0,3,73.8,1,30005.18
2025-04-21,Northstar Public School,North Campus,Grade_8,320,302,18,0,3,77.8,1,30195.37
2025-04-21,Northstar Public School,North Campus,Grade_9,310,296,14,0,2,78.0,1,27968.65
2025-04-21,Northstar Public School,South Campus,Grade_6,304,286,18,0,2,75.8,0,27131.2
2025-04-21,Northstar Public School,South Campus,Grade_7,299,284,15,0,2,78.1,0,26586.26
2025-04-21,Northstar Public School,South Campus,Grade_8,294,275,19,0,2,77.4,0,27668.27
2025-04-21,Northstar Public School,South Campus,Grade_9,285,272,13,0,2,78.2,0,25068.21
2025-04-28,Northstar Public School,North Campus,Grade_6,330,310,20,0,3,75.9,1,29092.2
2025-04-28,Northstar Public School,North Campus,Grade_7,325,310,15,0,3,75.8,0,29907.52
2025-04-28,Northstar Public School,North Campus,Grade_8,320,301,19,0,3,75.1,1,28358.83
2025-04-28,Northstar Public School,North Campus,Grade_9,310,296,14,0,2,77.0,1,28566.9
2025-04-28,Northstar Public School,South Campus,Grade_6,304,287,17,0,2,75.7,0,28488.14
2025-04-28,Northstar Public School,South Campus,Grade_7,299,284,15,0,2,75.4,1,27642.37
2025-04-28,Northstar Public School,South Campus,Grade_8,294,281,13,0,2,73.6,1,27560.43
2025-04-28,Northstar Public School,South Campus,Grade_9,285,272,13,0,2,75.5,1,26644.85
2025-05-05,Northstar Public School,North Campus,Grade_6,330,313,17,0,3,73.1,1,31172.27
2025-05-05,Northstar Public School,North Campus,Grade_7,325,309,16,0,3,74.4,0,28755.66
2025-05-05,Northstar Public School,North Campus,Grade_8,320,304,16,0,3,76.5,0,29993.48
2025-05-05,Northstar Public School,North Campus,Grade_9,310,296,14,0,2,78.7,1,28293.43
2025-05-05,Northstar Public School,South Campus,Grade_6,304,284,20,0,2,73.6,0,28439.31
2025-05-05,Northstar Public School,South Campus,Grade_7,299,280,19,0,2,73.4,0,27357.58
2025-05-05,Northstar Public School,South Campus,Grade_8,294,278,16,0,2,76.2,1,27672.11
2025-05-05,Northstar Public School,South Campus,Grade_9,285,266,19,0,2,73.1,1,26813.75
2025-05-12,Northstar Public School,North Campus,Grade_6,330,311,19,0,3,77.6,1,30865.8
2025-05-12,Northstar Public School,North Campus,Grade_7,325,311,14,0,3,77.0,0,30086.69
2025-05-12,Northstar Public School,North Campus,Grade_8,320,305,15,0,3,75.3,1,28833.86
2025-05-12,Northstar Public School,North Campus,Grade_9,310,290,20,0,2,76.8,1,28647.03
2025-05-12,Northstar Public School,South Campus,Grade_6,304,284,20,0,2,73.5,0,27263.99
2025-05-12,Northstar Public School,South Campus,Grade_7,299,281,18,0,2,76.6,0,27800.71
2025-05-12,Northstar Public School,South Campus,Grade_8,294,275,19,0,2,78.1,0,25961.24
2025-05-12,Northstar Public School,South Campus,Grade_9,285,270,15,0,2,78.7,0,25783.24
2025-05-19,Northstar Public School,North Campus,Grade_6,330,311,19,0,3,76.4,0,30037.1
2025-05-19,Northstar Public School,North Campus,Grade_7,325,308,17,0,3,76.7,0,30700.34
2025-05-19,Northstar Public School,North Campus,Grade_8,320,306,14,0,3,75.7,0,28945.98
2025-05-19,Northstar Public School,North Campus,Grade_9,310,297,13,0,2,75.6,0,29108.17
2025-05-19,Northstar Public School,South Campus,Grade_6,304,285,19,0,2,77.9,1,27790.45
2025-05-19,Northstar Public School,South Campus,Grade_7,299,286,13,0,2,78.4,0,26914.35
2025-05-19,Northstar Public School,South Campus,Grade_8,294,280,14,0,2,73.2,1,27663.31
2025-05-19,Northstar Public School,South Campus,Grade_9,285,269,16,0,2,78.2,0,26021.18
2025-05-26,Northstar Public School,North Campus,Grade_6,330,312,18,0,3,74.9,0,29094.16
2025-05-26,Northstar Public School,North Campus,Grade_7,325,304,21,0,3,75.0,1,29164.99
2025-05-26,Northstar Public School,North Campus,Grade_8,320,301,19,0,3,77.7,1,29582.37
2025-05-26,Northstar Public School,North Campus,Grade_9,310,295,15,0,2,76.1,1,27236.42
2025-05-26,Northstar Public School,South Campus,Grade_6,304,291,13,0,2,73.2,1,26600.59
2025-05-26,Northstar Public School,South Campus,Grade_7,299,281,18,0,2,76.2,1,26764.44
2025-05-26,Northstar Public School,South Campus,Grade_8,294,280,14,0,2,75.0,0,26645.75
2025-05-26,Northstar Public School,South Campus,Grade_9,285,271,14,0,2,75.3,0,25047.06
2025-06-02,Northstar Public School,North Campus,Grade_6,330,304,26,0,3,74.5,1,30118.22
2025-06-02,Northstar Public School,North Campus,Grade_7,325,302,23,0,3,75.5,1,28677.85
2025-06-02,Northstar Public School,North Campus,Grade_8,320,298,22,0,3,75.7,1,30242.63
2025-06-02,Northstar Public School,North Campus,Grade_9,310,283,27,1,2,76.2,1,28132.87
2025-06-02,Northstar Public School,South Campus,Grade_6,304,282,22,0,2,77.0,1,28527.29
2025-06-02,Northstar Public School,South Campus,Grade_7,299,278,21,0,2,74.3,1,27396.72
2025-06-02,Northstar Public School,South Campus,Grade_8,294,274,20,0,2,77.5,1,27646.82
2025-06-02,Northstar Public School,South Campus,Grade_9,285,265,20,1,2,75.4,1,26115.05
2025-06-09,Northstar Public School,North Campus,Grade_6,330,304,26,0,3,78.6,1,31190.81
2025-06-09,Northstar Public School,North Campus,Grade_7,325,299,26,0,3,76.2,1,29958.43
2025-06-09,Northstar Public School,North Campus,Grade_8,320,291,29,0,3,76.3,1,28922.28
2025-06-09,Northstar Public School,North Campus,Grade_9,310,286,24,1,2,74.0,1,28521.33
2025-06-09,Northstar Public School,South Campus,Grade_6,304,280,24,0,2,74.5,0,27323.89
2025-06-09,Northstar Public School,South Campus,Grade_7,299,273,26,0,2,78.0,1,26873.58
2025-06-09,Northstar Public School,South Campus,Grade_8,294,268,26,0,2,74.2,1,27703.81
2025-06-09,Northstar Public School,South Campus,Grade_9,285,263,22,1,2,78.5,0,25859.82
2025-06-16,Northstar Public School,North Campus,Grade_6,330,304,26,0,3,78.9,1,30519.59
2025-06-16,Northstar Public School,North Campus,Grade_7,325,299,26,0,3,74.6,0,28508.33
2025-06-16,Northstar Public School,North Campus,Grade_8,320,297,23,0,3,78.3,0,28331.53
2025-06-16,Northstar Public School,North Campus,Grade_9,310,284,26,1,2,75.8,0,27450.44
2025-06-16,Northstar Public School,South Campus,Grade_6,304,280,24,0,2,77.9,0,27369.22
2025-06-16,Northstar Public School,South Campus,Grade_7,299,277,22,0,2,74.2,1,27425.21
2025-06-16,Northstar Public School,South Campus,Grade_8,294,272,22,0,2,75.1,0,26196.06
2025-06-16,Northstar Public School,South Campus,Grade_9,285,264,21,1,2,75.5,1,25873.93
2025-06-23,Northstar Public School,North Campus,Grade_6,330,303,27,0,3,78.4,0,28851.3
2025-06-23,Northstar Public School,North Campus,Grade_7,325,298,27,0,3,76.3,1,30144.81
2025-06-23,Northstar Public School,North Campus,Grade_8,320,291,29,0,3,76.6,1,28052.95
2025-06-23,Northstar Public School,North Campus,Grade_9,310,286,24,1,2,74.3,0,29187.43
2025-06-23,Northstar Public School,South Campus,Grade_6,304,280,24,0,2,74.7,0,26690.71
2025-06-23,Northstar Public School,South Campus,Grade_7,299,272,27,0,2,74.7,1,27675.66
2025-06-23,Northstar Public School,South Campus,Grade_8,294,268,26,0,2,73.1,1,26726.63
2025-06-23,Northstar Public School,South Campus,Grade_9,285,263,22,1,2,74.4,0,25734.38
2025-06-30,Northstar Public School,North Campus,Grade_6,330,306,24,0,3,74.9,0,29648.25
2025-06-30,Northstar Public School,North Campus,Grade_7,325,296,29,0,3,77.8,0,30639.6
2025-06-30,Northstar Public School,North Campus,Grade_8,320,294,26,0,3,77.7,0,28696.25
2025-06-30,Northstar Public School,North Campus,Grade_9,310,289,21,1,2,78.5,0,28840.3
2025-06-30,Northstar Public School,South Campus,Grade_6,304,283,21,0,2,76.1,0,28468.68
2025-06-30,Northstar Public School,South Campus,Grade_7,299,277,22,0,2,75.5,0,26893.96
2025-06-30,Northstar Public School,South Campus,Grade_8,294,274,20,0,2,77.9,0,26787.6
2025-06-30,Northstar Public School,South Campus,Grade_9,285,266,19,1,2,75.0,0,25054.4
2025-07-07,Northstar Public School,North Campus,Grade_6,330,301,29,0,3,78.6,1,29837.72
2025-07-07,Northstar Public School,North Campus,Grade_7,325,300,25,0,3,77.2,1,30481.25
2025-07-07,Northstar Public School,North Campus,Grade_8,320,292,28,0,3,78.9,0,29441.61
2025-07-07,Northstar Public School,North Campus,Grade_9,310,288,22,0,2,78.4,0,28162.23
2025-07-07,Northstar Public School,South Campus,Grade_6,304,282,22,0,2,73.1,1,27733.23
2025-07-07,Northstar Public School,South Campus,Grade_7,299,276,23,0,2,77.4,1,26588.55
2025-07-07,Northstar Public School,South Campus,Grade_8,294,273,21,0,2,73.0,1,27615.73
2025-07-07,Northstar Public School,South Campus,Grade_9,285,260,25,0,2,77.3,0,25429.9
2025-07-14,Northstar Public School,North Campus,Grade_6,330,305,25,0,3,74.7,1,29919.03
2025-07-14,Northstar Public School,North Campus,Grade_7,325,298,27,0,3,75.9,1,30687.99
2025-07-14,Northstar Public School,North Campus,Grade_8,320,294,26,0,3,76.6,1,28146.8
2025-07-14,Northstar Public School,North Campus,Grade_9,310,283,27,0,2,75.8,1,28438.79
2025-07-14,Northstar Public School,South Campus,Grade_6,304,276,28,0,2,74.6,1,28365.06
2025-07-14,Northstar Public School,South Campus,Grade_7,299,276,23,0,2,76.2,1,26907.24
2025-07-14,Northstar Public School,South Campus,Grade_8,294,270,24,0,2,73.8,1,25869.58
2025-07-14,Northstar Public School,South Campus,Grade_9,285,261,24,0,2,77.0,1,25098.99
2025-07-21,Northstar Public School,North Campus,Grade_6,330,302,28,0,3,74.3,0,30431.36
2025-07-21,Northstar Public School,North Campus,Grade_7,325,301,24,0,3,73.5,1,29969.94
2025-07-21,Northstar Public School,North Campus,Grade_8,320,295,25,0,3,76.0,1,28149.18
2025-07-21,Northstar Public School,North Campus,Grade_9,310,283,27,0,2,73.5,1,27510.72
2025-07-21,Northstar Public School,South Campus,Grade_6,304,278,26,0,2,76.0,0,27169.8
2025-07-21,Northstar Public School,South Campus,Grade_7,299,275,24,0,2,75.8,1,26247.8
2025-07-21,Northstar Public School,South Campus,Grade_8,294,272,22,0,2,77.2,0,26800.69
2025-07-21,Northstar Public School,South Campus,Grade_9,285,261,24,0,2,75.7,0,25443.63
2025-07-28,Northstar Public School,North Campus,Grade_6,330,300,30,0,3,75.0,0,30191.66
2025-07-28,Northstar Public School,North Campus,Grade_7,325,298,27,0,3,76.9,1,30061.62
2025-07-28,Northstar Public School,North Campus,Grade_8,320,297,23,0,3,73.3,1,28496.57
2025-07-28,Northstar Public School,North Campus,Grade_9,310,287,23,0,2,74.7,1,28992.96
2025-07-28,Northstar Public School,South Campus,Grade_6,304,283,21,0,2,77.5,1,28700.62
2025-07-28,Northstar Public School,South Campus,Grade_7,299,276,23,0,2,74.4,1,28256.83
2025-07-28,Northstar Public School,South Campus,Grade_8,294,274,20,0,2,77.0,0,27306.85
2025-07-28,Northstar Public School,South Campus,Grade_9,285,260,25,0,2,74.0,1,26351.89
2025-08-04,Northstar Public School,North Campus,Grade_6,330,313,17,0,3,73.7,1,30171.25
2025-08-04,Northstar Public School,North Campus,Grade_7,325,305,20,0,3,73.9,0,29759.6
2025-08-04,Northstar Public School,North Campus,Grade_8,320,306,14,0,3,78.7,1,29495.75
2025-08-04,Northstar Public School,North Campus,Grade_9,310,296,14,0,2,76.0,1,28023.11
2025-08-04,Northstar Public School,South Campus,Grade_6,304,284,20,0,2,75.2,0,27173.23
2025-08-04,Northstar Public School,South Campus,Grade_7,299,282,17,0,2,73.3,1,28275.36
2025-08-04,Northstar Public School,South Campus,Grade_8,294,276,18,0,2,77.9,0,26031.55
2025-08-04,Northstar Public School,South Campus,Grade_9,285,269,16,0,2,73.0,1,26132.59
2025-08-11,Northstar Public School,North Campus,Grade_6,330,314,16,0,3,75.4,1,30864.54
2025-08-11,Northstar Public School,North Campus,Grade_7,325,309,16,0,3,73.4,0,29405.08
2025-08-11,Northstar Public School,North Campus,Grade_8,320,305,15,0,3,78.3,0,28996.46
2025-08-11,Northstar Public School,North Campus,Grade_9,310,296,14,0,2,76.5,0,27703.23
2025-08-11,Northstar Public School,South Campus,Grade_6,304,285,19,0,2,75.4,0,27658.21
2025-08-11,Northstar Public School,South Campus,Grade_7,299,283,16,0,2,78.0,1,26605.61
2025-08-11,Northstar Public School,South Campus,Grade_8,294,281,13,0,2,76.9,0,26336.68
2025-08-11,Northstar Public School,South Campus,Grade_9,285,273,12,0,2,75.4,1,25099.73
2025-08-18,Northstar Public School,North Campus,Grade_6,330,316,14,0,3,73.1,1,29630.2
2025-08-18,Northstar Public School,North Campus,Grade_7,325,304,21,0,3,75.7,1,28489.8
2025-08-18,Northstar Public School,North Campus,Grade_8,320,305,15,0,3,73.0,0,30208.69
2025-08-18,Northstar Public School,North Campus,Grade_9,310,296,14,0,2,76.9,1,27304.36
2025-08-18,Northstar Public School,South Campus,Grade_6,304,290,14,0,2,75.6,0,26622.97
2025-08-18,Northstar Public School,South Campus,Grade_7,299,281,18,0,2,76.5,0,28259.8
2025-08-18,Northstar Public School,South Campus,Grade_8,294,279,15,0,2,78.5,0,26931.82
2025-08-18,Northstar Public School,South Campus,Grade_9,285,270,15,0,2,78.5,1,25857.47
2025-08-25,Northstar Public School,North Campus,Grade_6,330,308,22,0,3,78.0,1,30386.53
2025-08-25,Northstar Public School,North Campus,Grade_7,325,307,18,0,3,76.7,0,28890.54
2025-08-25,Northstar Public School,North Campus,Grade_8,320,299,21,0,3,78.4,1,30205.88
2025-08-25,Northstar Public School,North Campus,Grade_9,310,293,17,0,2,74.3,1,27945.28
2025-08-25,Northstar Public School,South Campus,Grade_6,304,288,16,0,2,73.7,1,28675.04
2025-08-25,Northstar Public School,South Campus,Grade_7,299,283,16,0,2,76.5,1,27289.61
2025-08-25,Northstar Public School,South Campus,Grade_8,294,279,15,0,2,75.0,0,26549.11
2025-08-25,Northstar Public School,South Campus,Grade_9,285,271,14,0,2,77.5,0,25831.7
2025-09-01,Northstar Public School,North Campus,Grade_6,330,308,22,0,3,73.1,1,30532.68
2025-09-01,Northstar Public School,North Campus,Grade_7,325,307,18,0,3,74.7,0,29899.99
2025-09-01,Northstar Public School,North Campus,Grade_8,320,304,16,0,3,78.9,1,30098.4
2025-09-01,Northstar Public School,North Campus,Grade_9,310,295,15,0,2,73.2,0,27588.45
2025-09-01,Northstar Public School,South Campus,Grade_6,304,290,14,0,2,75.8,1,28656.53
2025-09-01,Northstar Public School,South Campus,Grade_7,299,282,17,0,2,76.8,1,27514.83
2025-09-01,Northstar Public School,South Campus,Grade_8,294,275,19,0,2,74.2,1,27295.41
2025-09-01,Northstar Public School,South Campus,Grade_9,285,268,17,0,2,77.9,1,25648.09
2025-09-08,Northstar Public School,North Campus,Grade_6,330,314,16,0,3,73.0,1,29754.91
2025-09-08,Northstar Public School,North Campus,Grade_7,325,304,21,0,3,78.8,1,30159.88
2025-09-08,Northstar Public School,North Campus,Grade_8,320,301,19,0,3,73.5,0,29303.92
2025-09-08,Northstar Public School,North Campus,Grade_9,310,295,15,0,2,73.4,0,28967.66
2025-09-08,Northstar Public School,South Campus,Grade_6,304,287,17,0,2,78.3,1,26955.75
2025-09-08,Northstar Public School,South Campus,Grade_7,299,286,13,0,2,74.1,0,26255.53
2025-09-08,Northstar Public School,South Campus,Grade_8,294,277,17,0,2,73.6,1,26801.63
2025-09-08,Northstar Public School,South Campus,Grade_9,285,268,17,0,2,74.4,1,26722.33
2025-09-15,Northstar Public School,North Campus,Grade_6,330,313,17,0,3,75.3,1,29711.36
2025-09-15,Northstar Public School,North Campus,Grade_7,325,306,19,0,3,75.2,0,28598.72
2025-09-15,Northstar Public School,North Campus,Grade_8,320,300,20,0,3,76.8,1,29713.5
2025-09-15,Northstar Public School,North Campus,Grade_9,310,292,18,0,2,78.1,0,27481.36
2025-09-15,Northstar Public School,South Campus,Grade_6,304,286,18,0,2,73.9,1,27930.95
2025-09-15,Northstar Public School,South Campus,Grade_7,299,279,20,0,2,78.8,1,27781.89
2025-09-15,Northstar Public School,South Campus,Grade_8,294,275,19,0,2,73.8,1,27739.56
2025-09-15,Northstar Public School,South Campus,Grade_9,285,268,17,0,2,76.5,1,26012.33
2025-09-22,Northstar Public School,North Campus,Grade_6,330,313,17,0,3,74.0,1,30960.61
2025-09-22,Northstar Public School,North Campus,Grade_7,325,305,20,0,3,76.7,0,30321.0
2025-09-22,Northstar Public School,North Campus,Grade_8,320,301,19,0,3,74.8,1,30185.68
2025-09-22,Northstar Public School,North Campus,Grade_9,310,295,15,0,2,78.2,1,27172.52
2025-09-22,Northstar Public School,South Campus,Grade_6,304,286,18,0,2,74.2,1,27965.89
2025-09-22,Northstar Public School,South Campus,Grade_7,299,284,15,0,2,78.5,0,27630.71
2025-09-22,Northstar Public School,South Campus,Grade_8,294,277,17,0,2,77.6,0,26669.92
2025-09-22,Northstar Public School,South Campus,Grade_9,285,269,16,0,2,76.3,0,24935.96
2025-09-29,Northstar Public School,North Campus,Grade_6,330,312,18,0,3,76.6,0,28880.43
2025-09-29,Northstar Public School,North Campus,Grade_7,325,309,16,0,3,78.6,1,29865.24
2025-09-29,Northstar Public School,North Campus,Grade_8,320,305,15,0,3,73.2,0,29089.55
2025-09-29,Northstar Public School,North Campus,Grade_9,310,290,20,0,2,77.0,0,28395.92
2025-09-29,Northstar Public School,South Campus,Grade_6,304,288,16,0,2,78.2,0,27240.93
2025-09-29,Northstar Public School,South Campus,Grade_7,299,280,19,0,2,73.5,0,26815.96
2025-09-29,Northstar Public School,South Campus,Grade_8,294,275,19,0,2,75.4,1,25780.74
2025-09-29,Northstar Public School,South Campus,Grade_9,285,267,18,0,2,78.4,0,25422.21
2025-10-06,Northstar Public School,North Campus,Grade_6,330,314,16,0,3,76.6,1,31059.76
2025-10-06,Northstar Public School,North Campus,Grade_7,325,305,20,0,3,78.8,1,30381.49
2025-10-06,Northstar Public School,North Campus,Grade_8,320,301,19,0,3,77.7,1,29462.89
2025-10-06,Northstar Public School,North Campus,Grade_9,310,295,15,0,2,78.9,0,29231.65
2025-10-06,Northstar Public School,South Campus,Grade_6,304,286,18,0,2,76.4,0,28084.18
2025-10-06,Northstar Public School,South Campus,Grade_7,299,283,16,0,2,74.2,0,26244.47
2025-10-06,Northstar Public School,South Campus,Grade_8,294,278,16,0,2,77.3,0,26716.3
2025-10-06,Northstar Public School,South Campus,Grade_9,285,269,16,0,2,78.1,0,26598.4
2025-10-13,Northstar Public School,North Campus,Grade_6,330,310,20,0,3,74.0,1,30880.09
2025-10-13,Northstar Public School,North Campus,Grade_7,325,306,19,0,3,74.0,1,28955.48
2025-10-13,Northstar Public School,North Campus,Grade_8,320,305,15,0,3,78.4,0,29747.28
2025-10-13,Northstar Public School,North Campus,Grade_9,310,297,13,0,2,73.4,0,28178.22
2025-10-13,Northstar Public School,South Campus,Grade_6,304,286,18,0,2,75.9,1,27984.91
2025-10-13,Northstar Public School,South Campus,Grade_7,299,285,14,0,2,77.1,1,28260.74
2025-10-13,Northstar Public School,South Campus,Grade_8,294,280,14,0,2,77.2,1,26316.45
2025-10-13,Northstar Public School,South Campus,Grade_9,285,271,14,0,2,74.2,0,26656.36
2025-10-20,Northstar Public School,North Campus,Grade_6,330,310,20,0,3,75.6,1,30316.97
2025-10-20,Northstar Public School,North Campus,Grade_7,325,307,18,0,3,76.0,0,29197.6
2025-10-20,Northstar Public School,North Campus,Grade_8,320,304,16,0,3,75.2,1,28267.57
2025-10-20,Northstar Public School,North Campus,Grade_9,310,292,18,0,2,77.9,0,28857.43
2025-10-20,Northstar Public School,South Campus,Grade_6,304,288,16,0,2,74.8,1,26615.69
2025-10-20,Northstar Public School,South Campus,Grade_7,299,286,13,0,2,78.3,1,26273.96
2025-10-20,Northstar Public School,South Campus,Grade_8,294,276,18,0,2,78.1,1,26703.45
2025-10-20,Northstar Public School,South Campus,Grade_9,285,273,12,0,2,78.5,0,26145.25
2025-10-27,Northstar Public School,North Campus,Grade_6,330,313,17,0,3,73.7,1,28886.8
2025-10-27,Northstar Public School,North Campus,Grade_7,325,305,20,0,3,76.7,0,30485.26
2025-10-27,Northstar Public School,North Campus,Grade_8,320,303,17,0,3,77.9,1,28420.65
2025-10-27,Northstar Public School,North Campus,Grade_9,310,295,15,0,2,77.1,1,27249.0
2025-10-27,Northstar Public School,South Campus,Grade_6,304,290,14,0,2,77.4,0,28138.22
2025-10-27,Northstar Public School,South Campus,Grade_7,299,286,13,0,2,78.4,1,27814.74
2025-10-27,Northstar Public School,South Campus,Grade_8,294,279,15,0,2,77.3,1,27797.85
2025-10-27,Northstar Public School,South Campus,Grade_9,285,269,16,0,2,76.7,0,25696.71
2025-11-03,Northstar Public School,North Campus,Grade_6,330,309,21,0,3,73.6,1,29976.42
2025-11-03,Northstar Public School,North Campus,Grade_7,325,309,16,0,3,78.6,1,29755.75
2025-11-03,Northstar Public School,North Campus,Grade_8,320,307,13,0,3,77.0,0,28716.56
2025-11-03,Northstar Public School,North Campus,Grade_9,310,295,15,0,2,76.1,1,28407.18
2025-11-03,Northstar Public School,South Campus,Grade_6,304,288,16,0,2,79.0,1,28043.26
2025-11-03,Northstar Public School,South Campus,Grade_7,299,283,16,0,2,77.9,1,27489.87
2025-11-03,Northstar Public School,South Campus,Grade_8,294,281,13,0,2,74.6,0,25921.48
2025-11-03,Northstar Public School,South Campus,Grade_9,285,272,13,0,2,77.6,0,26111.39
2025-11-10,Northstar Public School,North Campus,Grade_6,330,309,21,0,3,77.2,1,31154.29
2025-11-10,Northstar Public School,North Campus,Grade_7,325,305,20,0,3,73.9,0,30519.75
2025-11-10,Northstar Public School,North Campus,Grade_8,320,302,18,0,3,73.5,1,29494.39
2025-11-10,Northstar Public School,North Campus,Grade_9,310,296,14,0,2,76.9,1,27375.51
2025-11-10,Northstar Public School,South Campus,Grade_6,304,288,16,0,2,75.1,1,27346.48
2025-11-10,Northstar Public School,South Campus,Grade_7,299,281,18,0,2,75.9,1,27564.42
2025-11-10,Northstar Public School,South Campus,Grade_8,294,275,19,0,2,73.3,0,26239.73
2025-11-10,Northstar Public School,South Campus,Grade_9,285,268,17,0,2,74.7,0,26670.31
2025-11-17,Northstar Public School,North Campus,Grade_6,330,311,19,0,3,76.3,1,29304.35
2025-11-17,Northstar Public School,North Campus,Grade_7,325,306,19,0,3,74.5,0,29796.86
2025-11-17,Northstar Public School,North Campus,Grade_8,320,304,16,0,3,78.7,1,28108.52
2025-11-17,Northstar Public School,North Campus,Grade_9,310,296,14,0,2,73.6,1,28255.61
2025-11-17,Northstar Public School,South Campus,Grade_6,304,291,13,0,2,78.6,1,27224.4
2025-11-17,Northstar Public School,South Campus,Grade_7,299,282,17,0,2,78.0,0,26763.02
2025-11-17,Northstar Public School,South Campus,Grade_8,294,281,13,0,2,77.1,0,27261.57
2025-11-17,Northstar Public School,South Campus,Grade_9,285,272,13,0,2,77.4,1,25104.56
2025-11-24,Northstar Public School,North Campus,Grade_6,330,315,15,0,3,73.0,1,30817.43
2025-11-24,Northstar Public School,North Campus,Grade_7,325,309,16,0,3,78.9,1,30379.34
2025-11-24,Northstar Public School,North Campus,Grade_8,320,300,20,0,3,75.8,0,29414.29
2025-11-24,Northstar Public School,North Campus,Grade_9,310,293,17,0,2,73.1,1,28868.58
2025-11-24,Northstar Public School,South Campus,Grade_6,304,287,17,0,2,75.5,0,27185.32
2025-11-24,Northstar Public School,South Campus,Grade_7,299,280,19,0,2,75.4,0,27439.83
2025-11-24,Northstar Public School,South Campus,Grade_8,294,280,14,0,2,73.2,1,25963.56
2025-11-24,Northstar Public School,South Campus,Grade_9,285,273,12,0,2,77.6,0,26546.19
2025-12-01,Northstar Public School,North Campus,Grade_6,330,301,29,0,3,78.1,1,30816.11
2025-12-01,Northstar Public School,North Campus,Grade_7,325,297,28,0,3,75.2,1,28544.6
2025-12-01,Northstar Public School,North Campus,Grade_8,320,298,22,0,3,78.2,0,28746.56
2025-12-01,Northstar Public School,North Campus,Grade_9,310,287,23,0,2,78.7,1,28434.1
2025-12-01,Northstar Public School,South Campus,Grade_6,304,277,27,0,2,78.6,1,27540.32
2025-12-01,Northstar Public School,South Campus,Grade_7,299,274,25,0,2,73.1,1,27606.76
2025-12-01,Northstar Public School,South Campus,Grade_8,294,270,24,0,2,74.1,0,26482.97
2025-12-01,Northstar Public School,South Campus,Grade_9,285,263,22,0,2,76.1,0,26361.56
2025-12-08,Northstar Public School,North Campus,Grade_6,330,302,28,0,3,78.0,1,30959.63
2025-12-08,Northstar Public School,North Campus,Grade_7,325,303,22,0,3,78.1,1,28846.2
2025-12-08,Northstar Public School,North Campus,Grade_8,320,295,25,0,3,73.7,1,28415.86
2025-12-08,Northstar Public School,North Campus,Grade_9,310,285,25,0,2,77.3,1,27852.78
2025-12-08,Northstar Public School,South Campus,Grade_6,304,281,23,0,2,77.8,1,28543.94
2025-12-08,Northstar Public School,South Campus,Grade_7,299,276,23,0,2,74.7,1,26227.74
2025-12-08,Northstar Public School,South Campus,Grade_8,294,267,27,0,2,74.6,1,26156.74
2025-12-08,Northstar Public School,South Campus,Grade_9,285,262,23,0,2,75.2,0,26842.26
2025-12-15,Northstar Public School,North Campus,Grade_6,330,300,30,0,3,75.7,1,31198.59
2025-12-15,Northstar Public School,North Campus,Grade_7,325,303,22,0,3,73.4,0,30603.09
2025-12-15,Northstar Public School,North Campus,Grade_8,320,292,28,0,3,76.2,1,29425.23
2025-12-15,Northstar Public School,North Campus,Grade_9,310,282,28,0,2,75.0,1,27482.16
2025-12-15,Northstar Public School,South Campus,Grade_6,304,282,22,0,2,76.5,1,27574.03
2025-12-15,Northstar Public School,South Campus,Grade_7,299,277,22,0,2,78.3,0,27417.01
2025-12-15,Northstar Public School,South Campus,Grade_8,294,274,20,0,2,76.0,1,27369.5
2025-12-15,Northstar Public School,South Campus,Grade_9,285,263,22,0,2,75.9,1,26537.15
2025-12-22,Northstar Public School,North Campus,Grade_6,330,304,26,0,3,73.6,1,29725.0
2025-12-22,Northstar Public School,North Campus,Grade_7,325,301,24,0,3,77.3,0,29659.72
2025-12-22,Northstar Public School,North Campus,Grade_8,320,293,27,0,3,75.7,1,29494.33
2025-12-22,Northstar Public School,North Campus,Grade_9,310,283,27,0,2,73.9,1,28346.52
2025-12-22,Northstar Public School,South Campus,Grade_6,304,283,21,0,2,78.7,0,28542.55
2025-12-22,Northstar Public School,South Campus,Grade_7,299,274,25,0,2,75.1,1,27754.96
2025-12-22,Northstar Public School,South Campus,Grade_8,294,272,22,0,2,73.7,1,27088.99
2025-12-22,Northstar Public School,South Campus,Grade_9,285,265,20,0,2,75.5,1,25689.33
2025-12-29,Northstar Public School,North Campus,Grade_6,330,303,27,0,3,73.9,0,30335.91
2025-12-29,Northstar Public School,North Campus,Grade_7,325,301,24,0,3,76.3,0,29428.23
2025-12-29,Northstar Public School,North Campus,Grade_8,320,292,28,0,3,77.2,0,29045.21
2025-12-29,Northstar Public School,North Campus,Grade_9,310,287,23,0,2,78.6,1,29139.0
2025-12-29,Northstar Public School,South Campus,Grade_6,304,283,21,0,2,77.5,0,27689.58
2025-12-29,Northstar Public School,South Campus,Grade_7,299,274,25,0,2,76.9,0,28098.27
2025-12-29,Northstar Public School,South Campus,Grade_8,294,274,20,0,2,76.0,0,26169.55
2025-12-29,Northstar Public School,South Campus,Grade_9,285,261,24,0,2,76.1,1,26100.7
2026-01-05,Northstar Public School,North Campus,Grade_6,330,312,18,0,3,76.2,1,30193.01
2026-01-05,Northstar Public School,North Campus,Grade_7,325,304,21,0,3,74.1,0,30377.12
2026-01-05,Northstar Public School,North Campus,Grade_8,320,302,18,0,3,76.2,1,30153.76
2026-01-05,Northstar Public School,North Campus,Grade_9,310,296,14,0,2,76.2,0,27956.13
2026-01-05,Northstar Public School,South Campus,Grade_6,304,290,14,0,2,78.2,0,27326.74
2026-01-05,Northstar Public School,South Campus,Grade_7,299,286,13,0,2,73.7,1,26603.29
2026-01-05,Northstar Public School,South Campus,Grade_8,294,281,13,0,2,75.2,1,27595.71
2026-01-05,Northstar Public School,South Campus,Grade_9,285,270,15,0,2,75.4,0,26147.04
2026-01-12,Northstar Public School,North Campus,Grade_6,330,315,15,0,3,79.0,1,29886.57
2026-01-12,Northstar Public School,North Campus,Grade_7,325,306,19,0,3,73.1,0,29285.32
2026-01-12,Northstar Public School,North Campus,Grade_8,320,300,20,0,3,78.5,1,28448.79
2026-01-12,Northstar Public School,North Campus,Grade_9,310,292,18,0,2,76.5,0,29046.54
2026-01-12,Northstar Public School,South Campus,Grade_6,304,285,19,0,2,73.0,0,28587.74
2026-01-12,Northstar Public School,South Campus,Grade_7,299,280,19,0,2,74.9,0,27542.67
2026-01-12,Northstar Public School,South Campus,Grade_8,294,281,13,0,2,77.5,1,26763.91
2026-01-12,Northstar Public School,South Campus,Grade_9,285,270,15,0,2,74.0,1,25922.05
2026-01-19,Northstar Public School,North Campus,Grade_6,330,312,18,0,3,78.8,1,30001.2
2026-01-19,Northstar Public School,North Campus,Grade_7,325,306,19,0,3,74.2,1,29235.33
2026-01-19,Northstar Public School,North Campus,Grade_8,320,302,18,0,3,74.9,0,29933.31
2026-01-19,Northstar Public School,North Campus,Grade_9,310,295,15,0,2,74.5,0,29065.28
2026-01-19,Northstar Public School,South Campus,Grade_6,304,290,14,0,2,78.3,0,27726.51
2026-01-19,Northstar Public School,South Campus,Grade_7,299,284,15,0,2,77.9,1,27602.12
2026-01-19,Northstar Public School,South Campus,Grade_8,294,280,14,0,2,74.2,0,25721.46
2026-01-19,Northstar Public School,South Campus,Grade_9,285,272,13,0,2,77.4,1,25033.76
2026-01-26,Northstar Public School,North Campus,Grade_6,330,313,17,0,3,73.2,1,29913.14
2026-01-26,Northstar Public School,North Campus,Grade_7,325,307,18,0,3,78.3,1,30679.64
2026-01-26,Northstar Public School,North Campus,Grade_8,320,302,18,0,3,76.4,1,28484.29
2026-01-26,Northstar Public School,North Campus,Grade_9,310,291,19,0,2,74.6,1,29113.79
2026-01-26,Northstar Public School,South Campus,Grade_6,304,289,15,0,2,73.7,1,26846.13
2026-01-26,Northstar Public School,South Campus,Grade_7,299,284,15,0,2,76.5,0,27691.0
2026-01-26,Northstar Public School,South Campus,Grade_8,294,280,14,0,2,73.0,1,27605.01
2026-01-26,Northstar Public School,South Campus,Grade_9,285,267,18,0,2,75.4,0,25244.31
2026-02-02,Northstar Public School,North Campus,Grade_6,330,312,18,0,3,76.8,0,28974.13
2026-02-02,Northstar Public School,North Campus,Grade_7,325,306,19,0,3,78.1,0,28801.69
2026-02-02,Northstar Public School,North Campus,Grade_8,320,304,16,0,3,78.9,1,28260.83
2026-02-02,Northstar Public School,North Campus,Grade_9,310,291,19,0,2,73.2,1,27263.26
2026-02-02,Northstar Public School,South Campus,Grade_6,304,287,17,0,2,76.8,1,28305.54
2026-02-02,Northstar Public School,South Campus,Grade_7,299,285,14,0,2,75.8,1,27309.08
2026-02-02,Northstar Public School,South Campus,Grade_8,294,277,17,0,2,75.4,1,26336.08
2026-02-02,Northstar Public School,South Campus,Grade_9,285,273,12,0,2,75.2,0,25145.01
2026-02-09,Northstar Public School,North Campus,Grade_6,330,313,17,0,3,78.5,1,29260.7
2026-02-09,Northstar Public School,North Campus,Grade_7,325,305,20,0,3,78.5,0,28552.89
2026-02-09,Northstar Public School,North Campus,Grade_8,320,302,18,0,3,78.0,0,30224.82
2026-02-09,Northstar Public School,North Campus,Grade_9,310,293,17,0,2,74.9,1,27568.94
2026-02-09,Northstar Public School,South Campus,Grade_6,304,287,17,0,2,73.6,0,28647.68
2026-02-09,Northstar Public School,South Campus,Grade_7,299,286,13,0,2,78.7,1,26296.5
2026-02-09,Northstar Public School,South Campus,Grade_8,294,275,19,0,2,78.8,1,27297.31
2026-02-09,Northstar Public School,South Campus,Grade_9,285,267,18,0,2,77.4,0,26299.12
2026-02-16,Northstar Public School,North Campus,Grade_6,330,309,21,0,3,74.5,1,29552.18
2026-02-16,Northstar Public School,North Campus,Grade_7,325,305,20,0,3,77.9,1,29625.69
2026-02-16,Northstar Public School,North Campus,Grade_8,320,303,17,0,3,75.9,0,28195.74
2026-02-16,Northstar Public School,North Campus,Grade_9,310,290,20,0,2,73.3,1,28872.65
2026-02-16,Northstar Public School,South Campus,Grade_6,304,290,14,0,2,78.1,1,27568.53
2026-02-16,Northstar Public School,South Campus,Grade_7,299,286,13,0,2,78.0,1,28178.67
2026-02-16,Northstar Public School,South Campus,Grade_8,294,278,16,0,2,74.2,1,27085.88
2026-02-16,Northstar Public School,South Campus,Grade_9,285,267,18,0,2,74.8,1,25530.4
2026-02-23,Northstar Public School,North Campus,Grade_6,330,313,17,0,3,76.7,0,30564.47
2026-02-23,Northstar Public School,North Campus,Grade_7,325,307,18,0,3,73.4,1,28704.0
2026-02-23,Northstar Public School,North Campus,Grade_8,320,304,16,0,3,73.6,1,29049.1
2026-02-23,Northstar Public School,North Campus,Grade_9,310,295,15,0,2,73.6,1,28508.49
2026-02-23,Northstar Public School,South Campus,Grade_6,304,286,18,0,2,78.0,1,28187.88
2026-02-23,Northstar Public School,South Campus,Grade_7,299,283,16,0,2,74.6,0,27792.66
2026-02-23,Northstar Public School,South Campus,Grade_8,294,280,14,0,2,73.7,1,27102.69
2026-02-23,Northstar Public School,South Campus,Grade_9,285,269,16,0,2,74.7,0,25546.56
2026-03-02,Northstar Public School,North Campus,Grade_6,330,313,17,0,3,73.9,0,29431.68
2026-03-02,Northstar Public School,North Campus,Grade_7,325,308,17,0,3,78.8,1,30512.3
2026-03-02,Northstar Public School,North Campus,Grade_8,320,301,19,0,3,73.1,1,27964.73
2026-03-02,Northstar Public School,North Campus,Grade_9,310,294,16,0,2,75.1,1,27833.38
2026-03-02,Northstar Public School,South Campus,Grade_6,304,286,18,0,2,77.6,0,27559.7
2026-03-02,Northstar Public School,South Campus,Grade_7,299,285,14,0,2,73.0,1,27552.32
2026-03-02,Northstar Public School,South Campus,Grade_8,294,281,13,0,2,78.0,0,26677.37
2026-03-02,Northstar Public School,South Campus,Grade_9,285,268,17,0,2,73.0,0,25722.38
2026-03-09,Northstar Public School,North Campus,Grade_6,330,312,18,0,3,78.8,1,31075.85
2026-03-09,Northstar Public School,North Campus,Grade_7,325,309,16,0,3,76.0,1,30423.91
2026-03-09,Northstar Public School,North Campus,Grade_8,320,299,21,0,3,76.2,1,28677.46
2026-03-09,Northstar Public School,North Campus,Grade_9,310,295,15,0,2,77.9,0,28256.65
2026-03-09,Northstar Public School,South Campus,Grade_6,304,288,16,0,2,73.8,1,28134.41
2026-03-09,Northstar Public School,South Campus,Grade_7,299,284,15,0,2,77.5,1,27299.68
2026-03-09,Northstar Public School,South Campus,Grade_8,294,281,13,0,2,75.9,1,27009.27
2026-03-09,Northstar Public School,South Campus,Grade_9,285,268,17,0,2,77.2,1,26916.38
2026-03-16,Northstar Public School,North Campus,Grade_6,330,315,15,0,3,78.9,1,30469.71
2026-03-16,Northstar Public School,North Campus,Grade_7,325,305,20,0,3,78.0,1,28522.77
2026-03-16,Northstar Public School,North Campus,Grade_8,320,301,19,0,3,76.4,1,28816.99
2026-03-16,Northstar Public School,North Campus,Grade_9,310,295,15,0,2,74.4,0,27914.3
2026-03-16,Northstar Public School,South Campus,Grade_6,304,286,18,0,2,76.1,1,27698.84
2026-03-16,Northstar Public School,South Campus,Grade_7,299,285,14,0,2,78.5,1,26189.13
2026-03-16,Northstar Public School,South Campus,Grade_8,294,276,18,0,2,75.1,0,26306.34
2026-03-16,Northstar Public School,South Campus,Grade_9,285,266,19,0,2,74.4,1,26073.1
2026-03-23,Northstar Public School,North Campus,Grade_6,330,315,15,0,3,73.3,1,29969.78
2026-03-23,Northstar Public School,North Campus,Grade_7,325,311,14,0,3,73.6,1,29728.0
2026-03-23,Northstar Public School,North Campus,Grade_8,320,299,21,0,3,73.4,1,29208.76
2026-03-23,Northstar Public School,North Campus,Grade_9,310,297,13,0,2,77.6,1,27598.79
2026-03-23,Northstar Public School,South Campus,Grade_6,304,286,18,0,2,73.5,1,28066.2
2026-03-23,Northstar Public School,South Campus,Grade_7,299,284,15,0,2,73.8,1,27376.67
2026-03-23,Northstar Public School,South Campus,Grade_8,294,277,17,0,2,75.6,0,25766.22
2026-03-23,Northstar Public School,South Campus,Grade_9,285,270,15,0,2,74.9,0,26270.87
2026-03-30,Northstar Public School,North Campus,Grade_6,330,312,18,0,3,74.5,1,29572.42
2026-03-30,Northstar Public School,North Campus,Grade_7,325,311,14,0,3,76.5,0,30339.58
2026-03-30,Northstar Public School,North Campus,Grade_8,320,301,19,0,3,73.8,0,28195.59
2026-03-30,Northstar Public School,North Campus,Grade_9,310,292,18,0,2,77.9,0,28994.81
2026-03-30,Northstar Public School,South Campus,Grade_6,304,287,17,0,2,75.3,0,28043.75
2026-03-30,Northstar Public School,South Campus,Grade_7,299,286,13,0,2,77.3,1,28103.34
2026-03-30,Northstar Public School,South Campus,Grade_8,294,277,17,0,2,75.9,0,26881.52
2026-03-30,Northstar Public School,South Campus,Grade_9,285,272,13,0,2,75.6,0,25441.14
2026-04-06,Northstar Public School,North Campus,Grade_6,330,312,18,0,5,77.9,1,29237.46
2026-04-06,Northstar Public School,North Campus,Grade_7,325,306,19,0,5,77.9,0,28989.55
2026-04-06,Northstar Public School,North Campus,Grade_8,320,306,14,0,4,77.7,0,29998.92
2026-04-06,Northstar Public School,North Campus,Grade_9,310,258,52,0,4,65.2,0,27993.71
2026-04-06,Northstar Public School,South Campus,Grade_6,304,287,17,0,4,77.4,0,28602.51
2026-04-06,Northstar Public School,South Campus,Grade_7,299,284,15,0,4,78.6,0,26742.34
2026-04-06,Northstar Public School,South Campus,Grade_8,294,280,14,0,4,78.4,0,27557.93
2026-04-06,Northstar Public School,South Campus,Grade_9,285,272,13,0,4,79.0,1,26327.53
2026-04-13,Northstar Public School,North Campus,Grade_6,330,313,17,0,5,75.9,0,30978.42
2026-04-13,Northstar Public School,North Campus,Grade_7,325,304,21,0,5,73.3,1,30283.23
2026-04-13,Northstar Public School,North Campus,Grade_8,320,300,20,0,4,74.1,0,28997.49
2026-04-13,Northstar Public School,North Campus,Grade_9,310,262,48,0,4,70.0,1,27810.3
2026-04-13,Northstar Public School,South Campus,Grade_6,304,288,16,0,4,75.6,0,27863.96
2026-04-13,Northstar Public School,South Campus,Grade_7,299,286,13,0,4,77.9,0,26814.48
2026-04-13,Northstar Public School,South Campus,Grade_8,294,280,14,0,4,76.8,0,25836.59
2026-04-13,Northstar Public School,South Campus,Grade_9,285,272,13,0,4,75.4,1,25631.39
2026-04-20,Northstar Public School,North Campus,Grade_6,330,316,14,0,5,78.0,1,28900.37
2026-04-20,Northstar Public School,North Campus,Grade_7,325,308,17,0,5,73.9,1,29274.03
2026-04-20,Northstar Public School,North Campus,Grade_8,320,304,16,0,4,78.6,1,28078.87
2026-04-20,Northstar Public School,North Campus,Grade_9,310,261,49,0,4,70.0,0,27455.42
2026-04-20,Northstar Public School,South Campus,Grade_6,304,291,13,0,4,77.6,0,27670.4
2026-04-20,Northstar Public School,South Campus,Grade_7,299,284,15,0,4,76.3,0,26491.4
2026-04-20,Northstar Public School,South Campus,Grade_8,294,275,19,0,4,77.5,0,27748.05
2026-04-20,Northstar Public School,South Campus,Grade_9,285,267,18,0,4,77.5,1,26228.71
2026-04-27,Northstar Public School,North Campus,Grade_6,330,315,15,0,5,78.1,1,29536.92
2026-04-27,Northstar Public School,North Campus,Grade_7,325,306,19,0,5,77.8,1,29625.41
2026-04-27,Northstar Public School,North Campus,Grade_8,320,301,19,0,4,77.1,1,29265.94
2026-04-27,Northstar Public School,North Campus,Grade_9,310,263,47,0,4,70.9,0,27405.94
2026-04-27,Northstar Public School,South Campus,Grade_6,304,288,16,0,4,76.8,1,27154.02
2026-04-27,Northstar Public School,South Campus,Grade_7,299,286,13,0,4,73.4,0,27941.68
2026-04-27,Northstar Public School,South Campus,Grade_8,294,275,19,0,4,73.3,0,26872.6
2026-04-27,Northstar Public School,South Campus,Grade_9,285,272,13,0,4,73.5,1,25924.11
2026-05-04,Northstar Public School,North Campus,Grade_6,330,313,17,0,5,75.5,1,30900.49
2026-05-04,Northstar Public School,North Campus,Grade_7,325,306,19,0,5,78.2,1,28991.46
2026-05-04,Northstar Public School,North Campus,Grade_8,320,300,20,0,4,73.5,1,28857.68
2026-05-04,Northstar Public School,North Campus,Grade_9,310,260,50,0,4,67.9,1,28114.75
2026-05-04,Northstar Public School,South Campus,Grade_6,304,291,13,0,4,75.8,0,28545.87
2026-05-04,Northstar Public School,South Campus,Grade_7,299,280,19,0,4,73.2,0,26612.98
2026-05-04,Northstar Public School,South Campus,Grade_8,294,275,19,0,4,76.8,0,26588.62
2026-05-04,Northstar Public School,South Campus,Grade_9,285,268,17,0,4,76.9,0,25485.55
2026-05-11,Northstar Public School,North Campus,Grade_6,330,311,19,0,5,76.9,1,30077.79
2026-05-11,Northstar Public School,North Campus,Grade_7,325,309,16,0,5,74.7,0,28519.66
2026-05-11,Northstar Public School,North Campus,Grade_8,320,305,15,0,4,76.0,1,28094.76
2026-05-11,Northstar Public School,North Campus,Grade_9,310,259,51,0,4,65.5,1,28954.98
2026-05-11,Northstar Public School,South Campus,Grade_6,304,287,17,0,4,73.4,1,28183.39
2026-05-11,Northstar Public School,South Campus,Grade_7,299,280,19,0,4,78.9,0,27896.74
2026-05-11,Northstar Public School,South Campus,Grade_8,294,280,14,0,4,74.9,1,27607.3
2026-05-11,Northstar Public School,South Campus,Grade_9,285,269,16,0,4,74.9,1,25725.69
2026-05-18,Northstar Public School,North Campus,Grade_6,330,310,20,0,5,73.9,1,29321.54
2026-05-18,Northstar Public School,North Campus,Grade_7,325,307,18,0,5,74.1,1,29521.62
2026-05-18,Northstar Public School,North Campus,Grade_8,320,302,18,0,4,76.9,1,29137.27
2026-05-18,Northstar Public School,North Campus,Grade_9,310,262,48,0,4,66.3,0,27853.02
2026-05-18,Northstar Public School,South Campus,Grade_6,304,289,15,0,4,78.7,1,28677.24
2026-05-18,Northstar Public School,South Campus,Grade_7,299,284,15,0,4,78.6,0,27630.71
2026-05-18,Northstar Public School,South Campus,Grade_8,294,279,15,0,4,77.8,1,26690.56
2026-05-18,Northstar Public School,South Campus,Grade_9,285,267,18,0,4,74.9,0,25159.37
2026-05-25,Northstar Public School,North Campus,Grade_6,330,315,15,0,5,76.4,1,30405.73
2026-05-25,Northstar Public School,North Campus,Grade_7,325,306,19,0,5,78.1,1,30586.66
2026-05-25,Northstar Public School,North Campus,Grade_8,320,306,14,0,4,73.1,0,30081.65
2026-05-25,Northstar Public School,North Campus,Grade_9,310,263,47,0,4,70.0,1,28902.38
2026-05-25,Northstar Public School,South Campus,Grade_6,304,287,17,0,4,75.9,1,27103.55
2026-05-25,Northstar Public School,South Campus,Grade_7,299,281,18,0,4,76.7,0,26881.2
2026-05-25,Northstar Public School,South Campus,Grade_8,294,277,17,0,4,76.3,0,26781.98
2026-05-25,Northstar Public School,South Campus,Grade_9,285,273,12,0,4,77.7,0,25584.03
2026-06-01,Northstar Public School,North Campus,Grade_6,330,306,24,0,5,78.4,1,29199.87
2026-06-01,Northstar Public School,North Campus,Grade_7,325,298,27,0,5,77.8,1,30334.4
2026-06-01,Northstar Public School,North Campus,Grade_8,320,297,23,0,4,77.2,0,30052.5
2026-06-01,Northstar Public School,North Campus,Grade_9,310,257,53,1,4,69.8,1,27245.17
2026-06-01,Northstar Public School,South Campus,Grade_6,304,281,23,0,4,75.9,1,27486.31
2026-06-01,Northstar Public School,South Campus,Grade_7,299,274,25,0,4,73.9,1,27290.02
2026-06-01,Northstar Public School,South Campus,Grade_8,294,270,24,0,4,76.8,0,27665.72
2026-06-01,Northstar Public School,South Campus,Grade_9,285,260,25,1,4,73.4,1,25473.64
2026-06-08,Northstar Public School,North Campus,Grade_6,330,307,23,0,5,77.3,1,29066.53
2026-06-08,Northstar Public School,North Campus,Grade_7,325,295,30,0,5,77.7,0,29591.13
2026-06-08,Northstar Public School,North Campus,Grade_8,320,291,29,0,4,78.5,1,28204.19
2026-06-08,Northstar Public School,North Campus,Grade_9,310,249,61,1,4,70.6,1,27893.04
2026-06-08,Northstar Public School,South Campus,Grade_6,304,283,21,0,4,76.3,0,27962.86
2026-06-08,Northstar Public School,South Campus,Grade_7,299,279,20,0,4,75.2,1,27562.73
2026-06-08,Northstar Public School,South Campus,Grade_8,294,272,22,0,4,76.8,0,26171.16
2026-06-08,Northstar Public School,South Campus,Grade_9,285,260,25,1,4,78.5,0,25617.0
2026-06-15,Northstar Public School,North Campus,Grade_6,330,308,22,0,5,74.8,1,30217.61
2026-06-15,Northstar Public School,North Campus,Grade_7,325,298,27,0,5,77.0,0,29493.63
2026-06-15,Northstar Public School,North Campus,Grade_8,320,294,26,0,4,73.6,0,30279.3
2026-06-15,Northstar Public School,North Campus,Grade_9,310,255,55,1,4,69.5,0,27612.43
2026-06-15,Northstar Public School,South Campus,Grade_6,304,277,27,0,4,74.2,0,28079.48
2026-06-15,Northstar Public School,South Campus,Grade_7,299,276,23,0,4,75.5,1,26799.93
2026-06-15,Northstar Public School,South Campus,Grade_8,294,269,25,0,4,78.1,1,25867.71
2026-06-15,Northstar Public School,South Campus,Grade_9,285,265,20,1,4,76.5,0,25173.45
2026-06-22,Northstar Public School,North Campus,Grade_6,330,305,25,0,5,77.5,0,30331.59
2026-06-22,Northstar Public School,North Campus,Grade_7,325,302,23,0,5,73.5,1,28752.78
2026-06-22,Northstar Public School,North Campus,Grade_8,320,297,23,0,4,74.3,1,29041.73
2026-06-22,Northstar Public School,North Campus,Grade_9,310,250,60,1,4,66.6,0,29170.31
2026-06-22,Northstar Public School,South Campus,Grade_6,304,279,25,0,4,73.3,1,26766.89
2026-06-22,Northstar Public School,South Campus,Grade_7,299,275,24,0,4,74.0,1,28156.08
2026-06-22,Northstar Public School,South Campus,Grade_8,294,273,21,0,4,74.4,0,26463.01
2026-06-22,Northstar Public School,South Campus,Grade_9,285,261,24,1,4,76.3,0,26352.16
