date,region,product_id,revenue,cost_of_goods,marketing_spend
2023-01-02,East,Product A,22673.07,12887.45,1642.5700000000002
2023-01-02,East,Product B,11506.77,7199.6900000000005,838.51
2023-01-02,East,Product C,18730.18,11749.2,1401.93
2023-01-02,North,Product A,31596.629999999997,17906.82,2256.5
2023-01-02,North,Product B,16479.77,10495.82,1186.52
2023-01-02,North,Product C,25956.08,16164.6,2035.06
2023-01-02,South,Product A,,14314.64,1950.81
2023-01-02,South,Product B,,8674.58,1035.65
2023-01-02,South,Product C,,13387.45,1494.1399999999999
2023-01-02,West,Product A,28924.11,16205.98,2123.43
2023-01-02,West,Product B,15493.01,9651.76,1182.12
2023-01-02,West,Product C,22590.23,14339.33,1631.78
2023-01-09,East,Product A,22302.77,12482.16,1810.1100000000001
2023-01-09,East,Product B,12204.68,7537.33,901.31
2023-01-09,East,Product C,18479.29,11764.93,1461.46
2023-01-09,North,Product A,30507.78,16955.99,2349.31
2023-01-09,North,Product B,16104.02,10057.03,1254.33
2023-01-09,North,Product C,27572.63,17471.82,2176.42
2023-01-09,South,Product A,,14939.93,2025.3000000000002
2023-01-09,South,Product B,,8240.65,1017.81
2023-01-09,South,Product C,,14345.25,1725.76
2023-01-09,West,Product A,27385.07,15627.41,2064.04
2023-01-09,West,Product B,15498.02,9712.19,1182.52
2023-01-09,West,Product C,24804.73,15715.800000000001,2052.95
2023-01-16,East,Product A,21614.51,12208.44,1581.57
2023-01-16,East,Product B,11322.11,7070.07,825.92
2023-01-16,East,Product C,19230.74,12237.25,1513.83
2023-01-16,North,Product A,30280.46,17054.39,2413.17
2023-01-16,North,Product B,17041.66,10517.39,1254.96
2023-01-16,North,Product C,25786.46,16430.010000000002,1810.91
2023-01-16,South,Product A,,14224.99,2015.94
2023-01-16,South,Product B,,8676.95,1085.61
2023-01-16,South,Product C,,13761.14,1658.04
2023-01-16,West,Product A,29377.45,16341.81,2155.42
2023-01-16,West,Product B,16002.96,10041.78,1207.6
2023-01-16,West,Product C,23873.03,15136.65,1746.56
2023-01-23,East,Product A,21527.67,12082.89,1644.52
2023-01-23,East,Product B,11751.33,7273.13,942.6500000000001
2023-01-23,East,Product C,18908.28,11938.5,1451.69
2023-01-23,North,Product A,30302.03,17338.0,2354.82
2023-01-23,North,Product B,16703.6,10437.4,1282.44
2023-01-23,North,Product C,25908.32,16279.79,1885.83
2023-01-23,South,Product A,,14846.17,2022.51
2023-01-23,South,Product B,,8431.85,952.82
2023-01-23,South,Product C,,13967.949999999999,1794.88
2023-01-23,West,Product A,28416.22,16212.78,2294.54
2023-01-23,West,Product B,15420.79,9739.220000000001,1160.04
2023-01-23,West,Product C,24317.97,15159.45,1835.6
2023-01-30,East,Product A,21096.02,12037.8,1564.69
2023-01-30,East,Product B,11882.560000000001,7444.360000000001,955.75
2023-01-30,East,Product C,19805.04,12527.17,1536.92
2023-01-30,North,Product A,31847.46,17777.33,2241.48
2023-01-30,North,Product B,16898.059999999998,10560.29,1304.32
2023-01-30,North,Product C,26165.27,16464.98,2023.2
2023-01-30,South,Product A,,14369.8,1881.3500000000001
2023-01-30,South,Product B,,8175.38,1070.69
2023-01-30,South,Product C,,13532.19,1679.8200000000002
2023-01-30,West,Product A,29054.68,16446.47,2254.09
2023-01-30,West,Product B,15126.86,9358.98,1144.2
2023-01-30,West,Product C,24949.809999999998,15604.84,1807.61
2023-02-06,East,Product A,23061.85,12829.01,1660.44
2023-02-06,East,Product B,12095.02,7503.37,858.71
2023-02-06,East,Product C,19654.42,12152.880000000001,1702.55
2023-02-06,North,Product A,31271.69,17760.08,2450.44
2023-02-06,North,Product B,16951.68,10488.56,1308.41
2023-02-06,North,Product C,28044.9,17724.25,2136.7200000000003
2023-02-06,South,Product A,,14366.16,1990.0400000000002
2023-02-06,South,Product B,,8565.18,1099.35
2023-02-06,South,Product C,,13860.47,1658.55
2023-02-06,West,Product A,31559.059999999998,17554.61,2453.61
2023-02-06,West,Product B,15647.880000000001,9655.84,1340.83
2023-02-06,West,Product C,24994.4,15831.98,1783.51
2023-02-13,East,Product A,21368.399999999998,11935.06,1635.82
2023-02-13,East,Product B,11759.04,7402.14,924.4100000000001
2023-02-13,East,Product C,18662.52,11928.79,1430.52
2023-02-13,North,Product A,30667.83,17213.46,2332.84
2023-02-13,North,Product B,16213.52,10142.49,1229.53
2023-02-13,North,Product C,26577.42,16707.86,2046.3500000000001
2023-02-13,South,Product A,,14428.22,1958.6
2023-02-13,South,Product B,,8220.19,996.4200000000001
2023-02-13,South,Product C,,14099.630000000001,1739.24
2023-02-13,West,Product A,30328.49,17206.95,2393.05
2023-02-13,West,Product B,15095.25,9474.23,1203.18
2023-02-13,West,Product C,25310.52,16099.09,1772.42
2023-02-20,East,Product A,23296.19,13102.060000000001,1827.9299999999998
2023-02-20,East,Product B,11615.52,7168.57,846.07
2023-02-20,East,Product C,19256.21,12085.31,1468.52
2023-02-20,North,Product A,32419.15,18478.1,2385.7799999999997
2023-02-20,North,Product B,16198.98,10147.83,1178.76
2023-02-20,North,Product C,27813.989999999998,17339.59,2045.92
2023-02-20,South,Product A,,14493.91,1959.3899999999999
2023-02-20,South,Product B,,8702.98,1000.88
2023-02-20,South,Product C,,14477.24,1682.47
2023-02-20,West,Product A,28457.44,16045.12,2235.63
2023-02-20,West,Product B,14559.01,9150.53,1071.08
2023-02-20,West,Product C,23565.0,15048.2,1699.98
2023-02-27,East,Product A,22833.3,12838.9,1786.08
2023-02-27,East,Product B,11391.44,7134.86,850.46
2023-02-27,East,Product C,18589.78,11663.49,1406.0
2023-02-27,North,Product A,31643.11,17749.5,2351.23
2023-02-27,North,Product B,17114.23,10623.51,1312.67
2023-02-27,North,Product C,27573.4,17379.13,1953.74
2023-02-27,South,Product A,,14027.36,1873.31
2023-02-27,South,Product B,,8470.05,1011.26
2023-02-27,South,Product C,,13648.95,1681.3799999999999
2023-02-27,West,Product A,27812.06,15579.62,2135.08
2023-02-27,West,Product B,15583.92,9742.51,1219.84
2023-02-27,West,Product C,25994.170000000002,16342.11,1898.47
2023-03-06,East,Product A,22414.86,12456.91,1757.46
2023-03-06,East,Product B,11470.369999999999,7103.719999999999,850.28
2023-03-06,East,Product C,19953.11,12471.58,1467.1
2023-03-06,North,Product A,33593.08,19006.85,2687.69
2023-03-06,North,Product B,16580.0,10307.25,1175.46
2023-03-06,North,Product C,26299.19,16736.43,1982.64
2023-03-06,South,Product A,,15306.57,1950.74
2023-03-06,South,Product B,,8347.74,1035.22
2023-03-06,South,Product C,,14619.51,1667.94
2023-03-06,West,Product A,30678.39,17274.620000000003,2185.92
2023-03-06,West,Product B,16240.41,10143.48,1160.18
2023-03-06,West,Product C,24833.42,15772.7,1806.45
2023-03-13,East,Product A,22529.33,12626.14,1943.98
2023-03-13,East,Product B,12128.7,7572.86,915.14
2023-03-13,East,Product C,19406.61,12118.0,1552.14
2023-03-13,North,Product A,32367.9,18149.13,2430.78
2023-03-13,North,Product B,17268.4,10657.630000000001,1352.8899999999999
2023-03-13,North,Product C,27243.309999999998,17203.72,2146.64
2023-03-13,South,Product A,,13805.99,1849.21
2023-03-13,South,Product B,,8618.51,1078.86
2023-03-13,South,Product C,,13598.82,1722.1100000000001
2023-03-13,West,Product A,29591.65,16497.25,2142.06
2023-03-13,West,Product B,16241.11,10074.17,1274.95
2023-03-13,West,Product C,26566.9,16811.32,1998.98
2023-03-20,East,Product A,22877.3,12769.89,1755.24
2023-03-20,East,Product B,12119.02,7445.29,960.14
2023-03-20,East,Product C,19411.86,12295.37,1428.59
2023-03-20,North,Product A,31651.879999999997,17985.940000000002,2225.89
2023-03-20,North,Product B,16008.18,9931.73,1226.29
2023-03-20,North,Product C,28455.78,17767.9,2167.7400000000002
2023-03-20,South,Product A,,15526.69,2107.67
2023-03-20,South,Product B,,8922.550000000001,1042.04
2023-03-20,South,Product C,,14186.630000000001,1616.3
2023-03-20,West,Product A,29438.97,16417.68,2516.2
2023-03-20,West,Product B,16094.33,10036.57,1218.02
2023-03-20,West,Product C,23121.92,14693.03,1769.03
2023-03-27,East,Product A,23502.5,13262.44,1746.73
2023-03-27,East,Product B,11753.32,7277.91,882.33
2023-03-27,East,Product C,18755.13,11842.64,1477.71
2023-03-27,North,Product A,32554.33,18032.44,2540.48
2023-03-27,North,Product B,17370.78,10712.67,1405.48
2023-03-27,North,Product C,26403.489999999998,16468.65,1977.61
2023-03-27,South,Product A,,14832.71,2039.31
2023-03-27,South,Product B,,8810.75,1018.5899999999999
2023-03-27,South,Product C,,14022.43,1785.92
2023-03-27,West,Product A,30948.14,17353.690000000002,2313.3
2023-03-27,West,Product B,15719.94,9777.59,1220.07
2023-03-27,West,Product C,25712.22,16012.720000000001,1938.79
2023-04-03,East,Product A,23035.84,12763.11,1703.97
2023-04-03,East,Product B,12233.61,7681.389999999999,915.36
2023-04-03,East,Product C,19350.37,12064.39,1531.76
2023-04-03,North,Product A,33157.81,18632.26,2707.36
2023-04-03,North,Product B,16246.619999999999,10174.27,1305.66
2023-04-03,North,Product C,27614.86,17485.94,2224.11
2023-04-03,South,Product A,,14860.52,2085.6
2023-04-03,South,Product B,,9180.15,1228.26
2023-04-03,South,Product C,,13796.43,1526.23
2023-04-03,West,Product A,31057.89,17215.55,2492.93
2023-04-03,West,Product B,16474.65,10117.38,1244.43
2023-04-03,West,Product C,25984.35,16455.71,2093.65
2023-04-10,East,Product A,22928.02,12966.75,1586.12
2023-04-10,East,Product B,12235.97,7628.27,905.58
2023-04-10,East,Product C,19203.45,12128.810000000001,1455.1299999999999
2023-04-10,North,Product A,36106.59,20274.8,2894.9700000000003
2023-04-10,North,Product B,17790.63,11040.89,1305.51
2023-04-10,North,Product C,27494.86,17367.91,2041.8600000000001
2023-04-10,South,Product A,,14774.04,2034.35
2023-04-10,South,Product B,,8855.47,1047.24
2023-04-10,South,Product C,,13767.98,1585.08
2023-04-10,West,Product A,29991.17,16845.86,2435.7400000000002
2023-04-10,West,Product B,15817.67,9945.34,1190.64
2023-04-10,West,Product C,25508.8,16039.72,1881.3
2023-04-17,East,Product A,22817.55,12868.039999999999,1672.4099999999999
2023-04-17,East,Product B,12228.51,7464.38,929.94
2023-04-17,East,Product C,19656.77,12414.91,1452.3200000000002
2023-04-17,North,Product A,33226.63,18640.81,2761.91
2023-04-17,North,Product B,17369.49,10739.81,1314.67
2023-04-17,North,Product C,27507.01,17151.45,2212.21
2023-04-17,South,Product A,,15140.08,2167.3
2023-04-17,South,Product B,,9029.61,1168.8
2023-04-17,South,Product C,,14827.470000000001,1897.02
2023-04-17,West,Product A,30735.52,17162.9,2280.56
2023-04-17,West,Product B,16282.59,10180.49,1228.74
2023-04-17,West,Product C,26286.16,16408.4,2019.17
2023-04-24,East,Product A,23111.29,12846.689999999999,1888.47
2023-04-24,East,Product B,12211.32,7527.57,960.22
2023-04-24,East,Product C,20644.579999999998,12887.04,1471.3
2023-04-24,North,Product A,32451.3,18142.46,2366.6
2023-04-24,North,Product B,17928.489999999998,10973.14,1404.1299999999999
2023-04-24,North,Product C,28986.93,18153.36,1996.62
2023-04-24,South,Product A,,15339.55,2064.37
2023-04-24,South,Product B,,8705.09,1135.18
2023-04-24,South,Product C,,14722.2,1673.0
2023-04-24,West,Product A,30957.72,17637.93,2440.6400000000003
2023-04-24,West,Product B,16450.23,10180.23,1252.92
2023-04-24,West,Product C,25889.3,16465.95,1900.25
2023-05-01,East,Product A,23052.21,12917.64,1656.88
2023-05-01,East,Product B,13035.81,8016.29,969.47
2023-05-01,East,Product C,20405.64,12859.83,1784.91
2023-05-01,North,Product A,33378.130000000005,18764.83,2592.22
2023-05-01,North,Product B,17563.74,10978.79,1299.02
2023-05-01,North,Product C,26921.170000000002,16924.18,2117.62
2023-05-01,South,Product A,,15072.09,1952.2099999999998
2023-05-01,South,Product B,,8911.28,1165.8799999999999
2023-05-01,South,Product C,,14314.58,1801.78
2023-05-01,West,Product A,30188.5,16895.59,2362.4900000000002
2023-05-01,West,Product B,16291.57,10113.52,1154.64
2023-05-01,West,Product C,27084.36,16695.62,2164.68
2023-05-08,East,Product A,25123.59,14056.380000000001,2061.96
2023-05-08,East,Product B,13110.59,8006.75,1059.79
2023-05-08,East,Product C,21123.72,13032.65,1611.06
2023-05-08,North,Product A,33186.53,18720.09,2688.38
2023-05-08,North,Product B,17192.32,10701.73,1385.28
2023-05-08,North,Product C,29233.83,18315.85,2157.19
2023-05-08,South,Product A,,15391.3,2144.58
2023-05-08,South,Product B,,9112.06,1160.91
2023-05-08,South,Product C,,14835.67,1755.54
2023-05-08,West,Product A,31626.15,17544.54,2467.02
2023-05-08,West,Product B,16500.53,10272.11,1191.0
2023-05-08,West,Product C,27326.129999999997,17204.04,2079.7
2023-05-15,East,Product A,25223.61,14017.36,1807.37
2023-05-15,East,Product B,12820.02,8066.79,984.86
2023-05-15,East,Product C,20551.68,12895.34,1608.77
2023-05-15,North,Product A,33293.97,18548.57,2563.53
2023-05-15,North,Product B,17021.13,10672.65,1313.42
2023-05-15,North,Product C,28240.2,17460.13,2228.67
2023-05-15,South,Product A,,16087.02,2182.52
2023-05-15,South,Product B,,8987.59,1034.4
2023-05-15,South,Product C,,15420.869999999999,2031.68
2023-05-15,West,Product A,30870.54,17499.39,2285.3
2023-05-15,West,Product B,16906.15,10614.15,1254.47
2023-05-15,West,Product C,27290.46,16706.63,2114.12
2023-05-22,East,Product A,23644.45,13196.26,1861.42
2023-05-22,East,Product B,12617.64,7736.7,954.38
2023-05-22,East,Product C,19824.48,12455.45,1603.0700000000002
2023-05-22,North,Product A,33165.35,18877.88,2653.3399999999997
2023-05-22,North,Product B,17580.58,10910.77,1216.37
2023-05-22,North,Product C,27867.3,17366.35,2038.1
2023-05-22,South,Product A,,15157.77,2087.65
2023-05-22,South,Product B,,8375.380000000001,988.23
2023-05-22,South,Product C,,14194.24,1758.29
2023-05-22,West,Product A,31718.96,17641.39,2456.56
2023-05-22,West,Product B,17223.31,10559.97,1360.6499999999999
2023-05-22,West,Product C,27090.65,16896.1,2151.83
2023-05-29,East,Product A,23689.16,13286.04,1786.48
2023-05-29,East,Product B,12442.66,7651.0199999999995,933.8199999999999
2023-05-29,East,Product C,19314.93,12165.25,1388.44
2023-05-29,North,Product A,35522.36,19667.03,2775.56
2023-05-29,North,Product B,18104.09,11249.61,1410.77
2023-05-29,North,Product C,27884.14,17394.68,2144.44
2023-05-29,South,Product A,,15926.46,2253.16
2023-05-29,South,Product B,,8910.73,1073.87
2023-05-29,South,Product C,,14597.9,1755.85
2023-05-29,West,Product A,30608.42,16897.94,2264.18
2023-05-29,West,Product B,16705.36,10225.74,1279.29
2023-05-29,West,Product C,27975.89,17382.66,2090.33
2023-06-05,East,Product A,24820.26,13774.380000000001,1827.9299999999998
2023-06-05,East,Product B,12635.77,7759.139999999999,946.82
2023-06-05,East,Product C,19829.52,12336.05,1470.94
2023-06-05,North,Product A,35313.73,19932.69,2679.93
2023-06-05,North,Product B,18454.33,11343.75,1337.3700000000001
2023-06-05,North,Product C,28713.59,17885.73,2001.09
2023-06-05,South,Product A,,16262.849999999999,2352.05
2023-06-05,South,Product B,,9357.24,1297.2
2023-06-05,South,Product C,,14178.53,1770.1200000000001
2023-06-05,West,Product A,33342.99,18677.35,2500.97
2023-06-05,West,Product B,16625.63,10210.99,1343.83
2023-06-05,West,Product C,26568.489999999998,16690.989999999998,2177.85
2023-06-12,East,Product A,24549.86,13642.14,1833.89
2023-06-12,East,Product B,12573.720000000001,7766.99,1020.73
2023-06-12,East,Product C,20396.57,12770.27,1604.1200000000001
2023-06-12,North,Product A,33403.48,18875.899999999998,2489.86
2023-06-12,North,Product B,18115.97,11300.94,1429.26
2023-06-12,North,Product C,30767.530000000002,19123.18,2492.0099999999998
2023-06-12,South,Product A,,16289.35,2159.94
2023-06-12,South,Product B,,9498.57,1114.42
2023-06-12,South,Product C,,14481.21,1908.91
2023-06-12,West,Product A,32832.55,18326.29,2669.3
2023-06-12,West,Product B,16113.05,9985.31,1222.89
2023-06-12,West,Product C,26650.69,16592.53,1936.05
2023-06-19,East,Product A,25034.05,13836.54,1922.28
2023-06-19,East,Product B,12938.85,8062.709999999999,963.12
2023-06-19,East,Product C,20183.1,12605.77,1576.5
2023-06-19,North,Product A,36038.41,19826.3,2588.15
2023-06-19,North,Product B,17051.15,10630.9,1263.7
2023-06-19,North,Product C,29256.21,18223.190000000002,2221.94
2023-06-19,South,Product A,,15724.439999999999,2047.07
2023-06-19,South,Product B,,9274.1,1108.1599999999999
2023-06-19,South,Product C,,13786.28,1617.72
2023-06-19,West,Product A,31778.65,17898.92,2300.96
2023-06-19,West,Product B,16809.170000000002,10315.1,1344.64
2023-06-19,West,Product C,27522.04,17258.23,2134.56
2023-06-26,East,Product A,23758.95,13206.23,1956.38
2023-06-26,East,Product B,13620.22,8499.25,1075.96
2023-06-26,East,Product C,21430.15,13134.29,1779.8999999999999
2023-06-26,North,Product A,35115.74,19759.91,2624.27
2023-06-26,North,Product B,18762.14,11467.07,1333.37
2023-06-26,North,Product C,30785.98,18970.34,2316.08
2023-06-26,South,Product A,,16021.39,2159.88
2023-06-26,South,Product B,,9200.52,1074.73
2023-06-26,South,Product C,,14435.26,1739.6
2023-06-26,West,Product A,30782.09,17279.760000000002,2435.85
2023-06-26,West,Product B,16621.29,10322.93,1285.06
2023-06-26,West,Product C,26996.82,16995.97,2211.73
2023-07-03,East,Product A,24694.9,13746.05,2005.25
2023-07-03,East,Product B,12683.48,7850.0,1018.49
2023-07-03,East,Product C,21450.7,13497.31,1692.67
2023-07-03,North,Product A,33398.07,18737.71,2523.9700000000003
2023-07-03,North,Product B,17483.77,10749.82,1247.05
2023-07-03,North,Product C,28217.82,17693.2,2231.54
2023-07-03,South,Product A,,16213.880000000001,2231.45
2023-07-03,South,Product B,,9433.22,1177.34
2023-07-03,South,Product C,,14787.210000000001,1754.1200000000001
2023-07-03,West,Product A,32615.76,18315.97,2517.79
2023-07-03,West,Product B,17338.2,10714.65,1366.87
2023-07-03,West,Product C,27772.89,17359.54,2073.89
2023-07-10,East,Product A,25516.7,14331.06,1976.33
2023-07-10,East,Product B,13117.609999999999,8000.6,977.03
2023-07-10,East,Product C,20007.54,12498.39,1543.48
2023-07-10,North,Product A,33907.46,19016.100000000002,2683.6
2023-07-10,North,Product B,17841.59,11148.89,1307.6
2023-07-10,North,Product C,28791.84,18109.29,2173.11
2023-07-10,South,Product A,,15353.21,2258.39
2023-07-10,South,Product B,,9368.51,1207.3899999999999
2023-07-10,South,Product C,,14608.24,1740.56
2023-07-10,West,Product A,32315.3,18381.27,2330.33
2023-07-10,West,Product B,16837.78,10362.07,1307.78
2023-07-10,West,Product C,27414.38,16932.1,2317.7200000000003
2023-07-17,East,Product A,25099.440000000002,14096.1,2070.54
2023-07-17,East,Product B,12488.45,7716.55,974.67
2023-07-17,East,Product C,20595.32,12856.2,1623.94
2023-07-17,North,Product A,34847.37,19213.29,2607.89
2023-07-17,North,Product B,18623.13,11325.0,1445.42
2023-07-17,North,Product C,29835.42,18592.54,2263.63
2023-07-17,South,Product A,,15966.58,2220.73
2023-07-17,South,Product B,,8913.39,1138.73
2023-07-17,South,Product C,,14903.72,1759.76
2023-07-17,West,Product A,33467.09,18626.61,2597.71
2023-07-17,West,Product B,16853.05,10359.86,1284.02
2023-07-17,West,Product C,27589.34,17132.15,2150.2200000000003
2023-07-24,East,Product A,24361.940000000002,13653.31,1807.8400000000001
2023-07-24,East,Product B,13250.64,8194.099999999999,966.52
2023-07-24,East,Product C,20804.32,13175.91,1649.29
2023-07-24,North,Product A,34940.25,19432.08,2716.41
2023-07-24,North,Product B,18726.22,11424.04,1480.21
2023-07-24,North,Product C,29084.05,17838.31,2174.45
2023-07-24,South,Product A,,16240.300000000001,2098.18
2023-07-24,South,Product B,,9177.79,1162.4
2023-07-24,South,Product C,,15387.25,1811.92
2023-07-24,West,Product A,33955.64,18819.61,2552.67
2023-07-24,West,Product B,16478.23,10070.58,1205.25
2023-07-24,West,Product C,27263.98,17240.75,1976.22
2023-07-31,East,Product A,25186.629999999997,13990.55,1889.05
2023-07-31,East,Product B,12742.42,7865.43,926.12
2023-07-31,East,Product C,21907.219999999998,13332.82,1728.53
2023-07-31,North,Product A,34334.75,18943.69,2537.41
2023-07-31,North,Product B,19023.02,11652.62,1389.9
2023-07-31,North,Product C,29863.510000000002,18510.8,2339.25
2023-07-31,South,Product A,,16068.83,2228.05
2023-07-31,South,Product B,,9611.95,1195.69
2023-07-31,South,Product C,,14905.460000000001,1863.28
2023-07-31,West,Product A,33023.0,18279.13,2613.0499999999997
2023-07-31,West,Product B,16605.95,10182.59,1195.68
2023-07-31,West,Product C,27001.04,16771.31,2038.09
2023-08-07,East,Product A,23277.13,13049.71,1643.26
2023-08-07,East,Product B,13074.529999999999,8153.57,965.55
2023-08-07,East,Product C,21179.579999999998,13054.94,1711.16
2023-08-07,North,Product A,36867.11,20214.15,2679.86
2023-08-07,North,Product B,18472.92,11218.17,1449.42
2023-08-07,North,Product C,30311.12,18967.27,2448.17
2023-08-07,South,Product A,,16695.879999999997,2282.5299999999997
2023-08-07,South,Product B,,8896.92,1165.19
2023-08-07,South,Product C,,15807.93,1803.04
2023-08-07,West,Product A,32388.23,17920.86,2630.8199999999997
2023-08-07,West,Product B,17162.18,10598.25,1377.42
2023-08-07,West,Product C,26625.4,16500.72,1914.67
2023-08-14,East,Product A,25467.1,14225.099999999999,2046.67
2023-08-14,East,Product B,12706.82,7794.15,953.54
2023-08-14,East,Product C,21196.87,13257.27,1601.11
2023-08-14,North,Product A,34536.53,19519.989999999998,2439.99
2023-08-14,North,Product B,17367.47,10702.81,1338.1
2023-08-14,North,Product C,31261.9,19557.96,2315.04
2023-08-14,South,Product A,,15132.720000000001,1950.6799999999998
2023-08-14,South,Product B,,9979.92,1170.6200000000001
2023-08-14,South,Product C,,15477.43,1811.25
2023-08-14,West,Product A,33827.729999999996,18868.22,2433.69
2023-08-14,West,Product B,17258.55,10612.220000000001,1315.3
2023-08-14,West,Product C,27055.04,16914.13,2111.34
2023-08-21,East,Product A,23587.91,13120.59,1913.81
2023-08-21,East,Product B,12701.14,7928.719999999999,918.08
2023-08-21,East,Product C,21981.14,13603.529999999999,1507.98
2023-08-21,North,Product A,36266.16,20256.16,2918.07
2023-08-21,North,Product B,19113.8,11902.03,1376.5
2023-08-21,North,Product C,29020.04,18360.260000000002,2251.42
2023-08-21,South,Product A,,16334.97,2229.57
2023-08-21,South,Product B,,9195.31,1161.91
2023-08-21,South,Product C,,16056.759999999998,2037.74
2023-08-21,West,Product A,32482.440000000002,18216.21,2506.37
2023-08-21,West,Product B,17203.91,10493.01,1383.46
2023-08-21,West,Product C,27996.690000000002,17544.78,2029.9199999999998
2023-08-28,East,Product A,24893.14,13810.52,1959.95
2023-08-28,East,Product B,13441.72,8267.24,1089.68
2023-08-28,East,Product C,22131.87,13771.45,1650.53
2023-08-28,North,Product A,34427.69,19518.09,2674.33
2023-08-28,North,Product B,18321.08,11331.59,1370.32
2023-08-28,North,Product C,29429.06,18679.54,2233.68
2023-08-28,South,Product A,,15948.48,2160.2200000000003
2023-08-28,South,Product B,,9282.56,1143.73
2023-08-28,South,Product C,,15246.99,1888.74
2023-08-28,West,Product A,33780.619999999995,18831.55,2421.19
2023-08-28,West,Product B,17157.84,10517.17,1292.19
2023-08-28,West,Product C,27493.17,17139.15,2233.25
2023-09-04,East,Product A,23722.54,13338.05,1839.3200000000002
2023-09-04,East,Product B,13063.43,7990.75,997.12
2023-09-04,East,Product C,21438.41,13330.14,1682.23
2023-09-04,North,Product A,34090.5,19066.13,2409.71
2023-09-04,North,Product B,18608.07,11416.55,1490.83
2023-09-04,North,Product C,29317.07,18260.010000000002,2220.98
2023-09-04,South,Product A,,16324.11,2390.87
2023-09-04,South,Product B,,9364.58,1232.72
2023-09-04,South,Product C,,14526.52,1872.16
2023-09-04,West,Product A,31030.8,17346.04,2345.29
2023-09-04,West,Product B,16400.23,10100.81,1250.94
2023-09-04,West,Product C,28137.629999999997,17531.75,2203.54
2023-09-11,East,Product A,24603.05,13725.509999999998,1880.8200000000002
2023-09-11,East,Product B,12651.4,7865.6900000000005,932.8100000000001
2023-09-11,East,Product C,19682.39,12185.55,1505.91
2023-09-11,North,Product A,34922.47,19159.75,2525.2
2023-09-11,North,Product B,18509.29,11471.69,1493.5900000000001
2023-09-11,North,Product C,28425.550000000003,17553.72,2133.9300000000003
2023-09-11,South,Product A,,15191.529999999999,2008.99
2023-09-11,South,Product B,,9040.96,1148.88
2023-09-11,South,Product C,,15009.85,1936.94
2023-09-11,West,Product A,32156.41,17961.96,2540.49
2023-09-11,West,Product B,17744.530000000002,10891.529999999999,1456.71
2023-09-11,West,Product C,27026.96,16850.86,2152.13
2023-09-18,East,Product A,24676.28,13569.16,1896.76
2023-09-18,East,Product B,13285.08,8126.32,915.58
2023-09-18,East,Product C,21473.47,13175.16,1672.04
2023-09-18,North,Product A,35411.75,19780.08,2730.6400000000003
2023-09-18,North,Product B,17977.41,11029.06,1305.45
2023-09-18,North,Product C,29157.920000000002,18060.27,2326.69
2023-09-18,South,Product A,,14980.93,1914.03
2023-09-18,South,Product B,,9471.14,1102.8400000000001
2023-09-18,South,Product C,,14405.0,1986.78
2023-09-18,West,Product A,32126.370000000003,17810.7,2342.17
2023-09-18,West,Product B,16815.72,10328.37,1251.54
2023-09-18,West,Product C,28056.35,17449.12,2046.49
2023-09-25,East,Product A,24755.71,13727.03,1915.91
2023-09-25,East,Product B,12713.220000000001,7826.05,1075.36
2023-09-25,East,Product C,20693.87,13006.24,1534.3799999999999
2023-09-25,North,Product A,35066.63,19687.17,2832.99
2023-09-25,North,Product B,19159.95,11596.1,1538.9299999999998
2023-09-25,North,Product C,30703.31,18908.870000000003,2396.22
2023-09-25,South,Product A,,15775.16,1993.22
2023-09-25,South,Product B,,9144.08,1173.6399999999999
2023-09-25,South,Product C,,15229.07,2022.33
2023-09-25,West,Product A,32508.78,17861.23,2418.27
2023-09-25,West,Product B,16832.11,10329.15,1308.3899999999999
2023-09-25,West,Product C,27692.260000000002,17303.5,1989.07
2023-10-02,East,Product A,25623.739999999998,14172.189999999999,2076.23
2023-10-02,East,Product B,13171.23,8029.7,1021.0
2023-10-02,East,Product C,20997.09,13247.14,1666.4
2023-10-02,North,Product A,34085.520000000004,19018.63,2403.8900000000003
2023-10-02,North,Product B,17619.12,10876.539999999999,1201.71
2023-10-02,North,Product C,30172.53,18816.57,2307.9
2023-10-02,South,Product A,,15699.550000000001,2169.05
2023-10-02,South,Product B,,9059.58,1146.54
2023-10-02,South,Product C,,14247.25,1760.65
2023-10-02,West,Product A,31964.84,17400.38,2547.16
2023-10-02,West,Product B,16384.71,10154.94,1256.05
2023-10-02,West,Product C,27449.66,17024.7,2142.9300000000003
2023-10-09,East,Product A,24781.04,13828.42,1878.76
2023-10-09,East,Product B,12904.15,7828.469999999999,1008.65
2023-10-09,East,Product C,21882.02,13374.5,1605.8899999999999
2023-10-09,North,Product A,33264.17,18516.08,2445.92
2023-10-09,North,Product B,18236.63,11277.49,1411.94
2023-10-09,North,Product C,29309.03,18368.59,2298.59
2023-10-09,South,Product A,,15793.41,2117.46
2023-10-09,South,Product B,,8941.72,1073.8799999999999
2023-10-09,South,Product C,,14795.0,1663.7
2023-10-09,West,Product A,33325.63,18695.38,2367.1600000000003
2023-10-09,West,Product B,17412.25,10770.06,1373.08
2023-10-09,West,Product C,25857.12,16259.51,2001.16
2023-10-16,East,Product A,24540.36,13590.060000000001,1795.96
2023-10-16,East,Product B,13126.98,8025.5199999999995,980.05
2023-10-16,East,Product C,21268.51,13131.8,1727.75
2023-10-16,North,Product A,35119.79,19651.9,2648.58
2023-10-16,North,Product B,17482.170000000002,10716.94,1251.72
2023-10-16,North,Product C,28256.34,17431.43,2238.8199999999997
2023-10-16,South,Product A,,16261.52,2266.67
2023-10-16,South,Product B,,9150.46,1208.8700000000001
2023-10-16,South,Product C,,14666.39,1837.85
2023-10-16,West,Product A,34096.5,18881.809999999998,2606.11
2023-10-16,West,Product B,16439.469999999998,9968.51,1252.48
2023-10-16,West,Product C,27479.62,16971.62,2061.28
2023-10-23,East,Product A,25390.67,14172.77,1954.7199999999998
2023-10-23,East,Product B,12818.13,7934.13,939.69
2023-10-23,East,Product C,20404.36,12667.35,1648.5800000000002
2023-10-23,North,Product A,37007.1,20460.15,2780.9300000000003
2023-10-23,North,Product B,17809.01,10820.85,1244.65
2023-10-23,North,Product C,27967.82,17348.04,2047.0
2023-10-23,South,Product A,,16493.05,2121.27
2023-10-23,South,Product B,,8964.8,1009.51
2023-10-23,South,Product C,,15817.05,2113.81
2023-10-23,West,Product A,32777.16,18478.54,2509.37
2023-10-23,West,Product B,17039.96,10453.55,1272.07
2023-10-23,West,Product C,27785.8,17004.14,2105.67
2023-10-30,East,Product A,25074.95,13980.64,1762.05
2023-10-30,East,Product B,13343.79,8163.65,1001.28
2023-10-30,East,Product C,21731.13,13470.31,1525.84
2023-10-30,North,Product A,35527.26,19731.81,2676.68
2023-10-30,North,Product B,18192.73,11195.64,1342.96
2023-10-30,North,Product C,30500.21,18930.45,2318.29
2023-10-30,South,Product A,,15840.95,1936.48
2023-10-30,South,Product B,,9282.44,1132.25
2023-10-30,South,Product C,,15154.25,1760.3000000000002
2023-10-30,West,Product A,32252.440000000002,17957.2,2710.06
2023-10-30,West,Product B,17000.88,10484.72,1358.1000000000001
2023-10-30,West,Product C,27346.07,17158.05,2205.2
2023-11-06,East,Product A,23680.850000000002,13206.98,1825.82
2023-11-06,East,Product B,12800.06,7774.03,981.81
2023-11-06,East,Product C,21302.55,13089.220000000001,1632.98
2023-11-06,North,Product A,33746.64,18720.37,2435.16
2023-11-06,North,Product B,18471.92,11349.45,1466.29
2023-11-06,North,Product C,27730.98,17306.79,2085.61
2023-11-06,South,Product A,,15279.59,2166.0699999999997
2023-11-06,South,Product B,,9197.3,1153.1999999999998
2023-11-06,South,Product C,,14252.91,1769.13
2023-11-06,West,Product A,32824.86,17814.12,2543.52
2023-11-06,West,Product B,16832.760000000002,10385.52,1307.35
2023-11-06,West,Product C,27099.08,16954.46,2055.83
2023-11-13,East,Product A,24939.17,13781.08,2052.65
2023-11-13,East,Product B,12702.21,7800.7,884.5
2023-11-13,East,Product C,20084.88,12395.14,1576.3899999999999
2023-11-13,North,Product A,33002.73,17960.89,2434.38
2023-11-13,North,Product B,17954.28,10875.06,1277.8799999999999
2023-11-13,North,Product C,27813.14,17345.95,2093.81
2023-11-13,South,Product A,,15762.36,2076.12
2023-11-13,South,Product B,,9317.42,1350.31
2023-11-13,South,Product C,,14572.33,1711.88
2023-11-13,West,Product A,31668.51,17691.06,2492.57
2023-11-13,West,Product B,16753.72,10307.0,1231.81
2023-11-13,West,Product C,27985.52,17448.44,1975.08
2023-11-20,East,Product A,23911.02,13215.04,1846.67
2023-11-20,East,Product B,12859.68,7876.22,1034.72
2023-11-20,East,Product C,20941.66,12864.369999999999,1566.4
2023-11-20,North,Product A,36478.79,20006.69,2911.37
2023-11-20,North,Product B,18922.46,11517.38,1485.8
2023-11-20,North,Product C,30041.1,18504.48,2220.92
2023-11-20,South,Product A,,15393.95,2110.7200000000003
2023-11-20,South,Product B,,9102.34,1154.91
2023-11-20,South,Product C,,15130.099999999999,1792.22
2023-11-20,West,Product A,31851.04,17757.63,2603.5
2023-11-20,West,Product B,15898.189999999999,9783.36,1232.19
2023-11-20,West,Product C,27386.92,16908.57,2174.9
2023-11-27,East,Product A,25872.33,14311.14,2079.87
2023-11-27,East,Product B,12445.17,7719.29,886.17
2023-11-27,East,Product C,20645.52,12757.61,1580.85
2023-11-27,North,Product A,34103.28,18742.98,2386.43
2023-11-27,North,Product B,18043.14,11064.81,1302.65
2023-11-27,North,Product C,28773.17,17643.95,2070.91
2023-11-27,South,Product A,,15655.35,2090.26
2023-11-27,South,Product B,,9109.77,1113.06
2023-11-27,South,Product C,,14526.619999999999,1925.72
2023-11-27,West,Product A,32777.840000000004,18205.77,2432.54
2023-11-27,West,Product B,16498.14,10145.85,1286.78
2023-11-27,West,Product C,27551.17,17080.24,1938.5
2023-12-04,East,Product A,24737.02,13784.83,2071.0299999999997
2023-12-04,East,Product B,13518.12,8259.41,1062.21
2023-12-04,East,Product C,20822.44,12933.6,1561.38
2023-12-04,North,Product A,34515.9,18820.77,2804.84
2023-12-04,North,Product B,17327.61,10667.119999999999,1311.94
2023-12-04,North,Product C,29679.19,18340.899999999998,2439.35
2023-12-04,South,Product A,,15793.89,2122.89
2023-12-04,South,Product B,,8855.21,1053.76
2023-12-04,South,Product C,,15394.46,1959.45
2023-12-04,West,Product A,31136.55,17293.47,2446.7799999999997
2023-12-04,West,Product B,16729.11,10302.22,1267.07
2023-12-04,West,Product C,26693.62,16524.8,1921.5
2023-12-11,East,Product A,24233.17,13383.029999999999,1728.77
2023-12-11,East,Product B,12310.52,7593.1900000000005,864.52
2023-12-11,East,Product C,20037.55,12501.39,1528.89
2023-12-11,North,Product A,35453.72,19823.989999999998,2688.14
2023-12-11,North,Product B,18727.93,11492.25,1441.3
2023-12-11,North,Product C,28655.62,17718.72,2113.59
2023-12-11,South,Product A,,15826.98,2293.96
2023-12-11,South,Product B,,8818.58,1120.3600000000001
2023-12-11,South,Product C,,15528.380000000001,1847.5700000000002
2023-12-11,West,Product A,30918.63,17022.8,2300.44
2023-12-11,West,Product B,16606.87,10251.69,1224.3600000000001
2023-12-11,West,Product C,26000.0,16185.36,1898.44
2023-12-18,East,Product A,23603.59,13343.59,1857.97
2023-12-18,East,Product B,12015.49,7374.97,880.15
2023-12-18,East,Product C,20987.7,12944.74,1671.33
2023-12-18,North,Product A,34309.83,18917.4,2773.24
2023-12-18,North,Product B,17428.48,10618.75,1334.71
2023-12-18,North,Product C,27899.129999999997,17321.02,2202.69
2023-12-18,South,Product A,,16124.68,2169.2200000000003
2023-12-18,South,Product B,,9043.52,1079.16
2023-12-18,South,Product C,,15459.44,1963.53
2023-12-18,West,Product A,30030.83,16723.63,2342.05
2023-12-18,West,Product B,17524.97,10772.23,1278.96
2023-12-18,West,Product C,27243.329999999998,16733.98,1995.18
2023-12-25,East,Product A,23734.91,13195.81,1806.44
2023-12-25,East,Product B,12100.55,7468.59,950.8299999999999
2023-12-25,East,Product C,20839.71,12816.4,1484.19
2023-12-25,North,Product A,34038.02,18549.34,2640.22
2023-12-25,North,Product B,16917.99,10372.95,1240.48
2023-12-25,North,Product C,28507.55,17833.42,2144.03
2023-12-25,South,Product A,,15419.06,2139.61
2023-12-25,South,Product B,,9096.16,1136.85
2023-12-25,South,Product C,,14982.470000000001,1826.31
2023-12-25,West,Product A,33424.94,18632.420000000002,2438.02
2023-12-25,West,Product B,17027.44,10398.08,1274.8799999999999
2023-12-25,West,Product C,27669.6,16860.59,2261.7999999999997
2024-01-01,East,Product A,23941.86,13104.960000000001,1856.05
2024-01-01,East,Product B,13063.85,7954.6,910.7900000000001
2024-01-01,East,Product C,19916.82,12238.96,1658.56
2024-01-01,North,Product A,35170.64,19351.13,2605.82
2024-01-01,North,Product B,17106.87,10352.48,1306.47
2024-01-01,North,Product C,29253.71,17908.27,2162.4300000000003
2024-01-01,South,Product A,,15469.9,2184.06
2024-01-01,South,Product B,,8717.380000000001,1088.29
2024-01-01,South,Product C,,14237.45,1780.75
2024-01-01,West,Product A,31482.43,17275.51,2259.73
2024-01-01,West,Product B,16624.96,10331.57,1247.34
2024-01-01,West,Product C,27105.94,16721.78,2233.46
2024-01-08,East,Product A,24131.300000000003,13331.9,1876.85
2024-01-08,East,Product B,12755.26,7839.57,918.75
2024-01-08,East,Product C,20844.350000000002,13007.869999999999,1642.71
2024-01-08,North,Product A,34385.38,19105.45,2572.94
2024-01-08,North,Product B,17881.81,10937.36,1398.9
2024-01-08,North,Product C,30598.24,19067.09,2296.64
2024-01-08,South,Product A,,15661.380000000001,1997.4
2024-01-08,South,Product B,,9030.02,1098.82
2024-01-08,South,Product C,,14327.1,1866.65
2024-01-08,West,Product A,31313.34,17409.71,2541.67
2024-01-08,West,Product B,16392.47,9947.49,1135.3600000000001
2024-01-08,West,Product C,27288.09,16948.69,2078.45
2024-01-15,East,Product A,24665.010000000002,13471.529999999999,1881.36
2024-01-15,East,Product B,13232.7,8036.6,977.59
2024-01-15,East,Product C,20812.8,12844.02,1517.6399999999999
2024-01-15,North,Product A,34026.32,18847.57,2509.52
2024-01-15,North,Product B,18795.030000000002,11568.83,1415.2
2024-01-15,North,Product C,28539.57,17585.15,2277.53
2024-01-15,South,Product A,,15394.51,2202.06
2024-01-15,South,Product B,,8864.02,1166.41
2024-01-15,South,Product C,,15324.73,1766.98
2024-01-15,West,Product A,33223.54,18469.71,2659.51
2024-01-15,West,Product B,16451.38,9940.49,1371.47
2024-01-15,West,Product C,27402.6,16821.25,2111.71
2024-01-22,East,Product A,24261.25,13343.380000000001,1778.66
2024-01-22,East,Product B,13081.49,7968.31,1067.5900000000001
2024-01-22,East,Product C,21038.739999999998,13039.59,1655.01
2024-01-22,North,Product A,33219.0,18438.33,2695.4
2024-01-22,North,Product B,17472.23,10756.21,1255.07
2024-01-22,North,Product C,28781.120000000003,17975.89,2185.31
2024-01-22,South,Product A,,16151.5,2300.44
2024-01-22,South,Product B,,8804.41,1045.18
2024-01-22,South,Product C,,14451.74,1800.79
2024-01-22,West,Product A,33369.79,18301.2,2461.76
2024-01-22,West,Product B,16495.51,10072.5,1270.87
2024-01-22,West,Product C,27365.45,17192.52,1979.5
2024-01-29,East,Product A,23689.920000000002,13113.29,1825.52
2024-01-29,East,Product B,12473.65,7630.09,934.96
2024-01-29,East,Product C,20338.93,12739.51,1535.52
2024-01-29,North,Product A,33366.560000000005,18401.35,2542.41
2024-01-29,North,Product B,18074.05,11083.49,1359.65
2024-01-29,North,Product C,30902.6,19102.28,2372.58
2024-01-29,South,Product A,,15078.53,2235.25
2024-01-29,South,Product B,,9166.64,1177.72
2024-01-29,South,Product C,,15113.230000000001,1880.47
2024-01-29,West,Product A,33303.32,18139.21,2411.95
2024-01-29,West,Product B,17337.190000000002,10608.6,1288.85
2024-01-29,West,Product C,27637.29,17143.14,2087.79
2024-02-05,East,Product A,24424.120000000003,13323.07,1921.4
2024-02-05,East,Product B,12366.47,7613.03,930.95
2024-02-05,East,Product C,20670.79,12815.52,1529.18
2024-02-05,North,Product A,36247.229999999996,20280.91,2666.47
2024-02-05,North,Product B,17410.91,10667.81,1251.86
2024-02-05,North,Product C,28769.76,17704.36,2235.73
2024-02-05,South,Product A,,15439.18,2043.39
2024-02-05,South,Product B,,9282.529999999999,1153.92
2024-02-05,South,Product C,,14459.6,1722.94
2024-02-05,West,Product A,33115.72,18094.67,2419.97
2024-02-05,West,Product B,17166.29,10527.59,1243.91
2024-02-05,West,Product C,27050.78,16606.0,1962.9299999999998
2024-02-12,East,Product A,23388.14,13105.220000000001,1819.25
2024-02-12,East,Product B,12001.5,7315.38,942.37
2024-02-12,East,Product C,20821.04,12798.77,1593.08
2024-02-12,North,Product A,36219.08,19800.72,2777.0299999999997
2024-02-12,North,Product B,18089.01,10937.01,1466.57
2024-02-12,North,Product C,27336.68,16895.9,2107.5699999999997
2024-02-12,South,Product A,,15397.03,2113.59
2024-02-12,South,Product B,,9579.54,1220.17
2024-02-12,South,Product C,,14656.369999999999,1841.44
2024-02-12,West,Product A,31245.06,17185.52,2384.62
2024-02-12,West,Product B,16677.48,10180.69,1252.4
2024-02-12,West,Product C,26570.300000000003,16356.8,2014.3899999999999
2024-02-19,East,Product A,24324.19,13415.6,1944.26
2024-02-19,East,Product B,13143.53,7913.91,996.19
2024-02-19,East,Product C,21139.38,12892.79,1807.18
2024-02-19,North,Product A,34981.76,19229.829999999998,2440.6099999999997
2024-02-19,North,Product B,18324.32,11109.33,1397.87
2024-02-19,North,Product C,30529.739999999998,18640.5,2324.61
2024-02-19,South,Product A,,15907.22,2060.52
2024-02-19,South,Product B,,9308.93,1120.12
2024-02-19,South,Product C,,15122.25,1865.1000000000001
2024-02-19,West,Product A,31771.95,17438.0,2261.17
2024-02-19,West,Product B,16552.25,10116.07,1233.05
2024-02-19,West,Product C,25960.2,16075.58,1960.8899999999999
2024-02-26,East,Product A,24539.25,13575.11,1765.58
2024-02-26,East,Product B,12946.66,8009.17,1000.5799999999999
2024-02-26,East,Product C,21279.86,12974.56,1673.5
2024-02-26,North,Product A,34263.36,18708.56,2545.98
2024-02-26,North,Product B,17919.72,10859.49,1276.67
2024-02-26,North,Product C,30092.61,18365.49,2432.62
2024-02-26,South,Product A,,15481.64,2007.48
2024-02-26,South,Product B,,9185.449999999999,1158.0500000000002
2024-02-26,South,Product C,,16513.66,2041.18
2024-02-26,West,Product A,33949.52,18976.86,2520.56
2024-02-26,West,Product B,17151.08,10525.220000000001,1318.29
2024-02-26,West,Product C,26739.31,16418.24,1933.34
2024-03-04,East,Product A,24943.01,13780.4,1775.2
2024-03-04,East,Product B,13477.42,8231.4,961.74
2024-03-04,East,Product C,21366.47,13132.33,1481.27
2024-03-04,North,Product A,37099.76,20247.76,2684.41
2024-03-04,North,Product B,18300.65,11123.7,1458.03
2024-03-04,North,Product C,29174.5,17685.99,2255.95
2024-03-04,South,Product A,,16021.880000000001,2114.7
2024-03-04,South,Product B,,8937.27,1043.55
2024-03-04,South,Product C,,15275.19,2020.47
2024-03-04,West,Product A,31191.98,17178.01,2325.88
2024-03-04,West,Product B,16747.420000000002,10266.83,1246.08
2024-03-04,West,Product C,27632.46,17135.6,2056.39
2024-03-11,East,Product A,24670.89,13475.76,1815.75
2024-03-11,East,Product B,12971.03,8050.49,992.6800000000001
2024-03-11,East,Product C,20515.11,12540.04,1510.89
2024-03-11,North,Product A,35350.55,19460.48,2586.41
2024-03-11,North,Product B,18535.68,11264.039999999999,1453.3700000000001
2024-03-11,North,Product C,30430.04,18593.23,2425.65
2024-03-11,South,Product A,,15260.73,2242.8599999999997
2024-03-11,South,Product B,,9639.35,1199.51
2024-03-11,South,Product C,,15216.89,1886.24
2024-03-11,West,Product A,32960.07,17917.41,2400.7
2024-03-11,West,Product B,16607.86,10093.210000000001,1315.25
2024-03-11,West,Product C,27991.77,17309.36,2060.12
2024-03-18,East,Product A,25051.25,13859.81,1627.53
2024-03-18,East,Product B,13389.41,8182.07,1039.25
2024-03-18,East,Product C,21790.0,13362.73,1605.8700000000001
2024-03-18,North,Product A,35397.47,19405.440000000002,2639.66
2024-03-18,North,Product B,18013.33,10955.19,1268.57
2024-03-18,North,Product C,30273.02,18599.64,2080.66
2024-03-18,South,Product A,,15789.42,2148.37
2024-03-18,South,Product B,,9618.6,1157.3999999999999
2024-03-18,South,Product C,,14958.380000000001,1867.73
2024-03-18,West,Product A,34325.95,18741.190000000002,2534.57
2024-03-18,West,Product B,16734.57,10122.1,1250.22
2024-03-18,West,Product C,27361.04,17102.76,2292.29
2024-03-25,East,Product A,24358.120000000003,13297.71,1734.37
2024-03-25,East,Product B,12591.0,7698.42,977.01
2024-03-25,East,Product C,20309.9,12679.95,1539.73
2024-03-25,North,Product A,35147.11,19158.77,2796.93
2024-03-25,North,Product B,18879.03,11554.6,1461.1999999999998
2024-03-25,North,Product C,29210.379999999997,17994.69,2201.4
2024-03-25,South,Product A,,15734.64,2160.34
2024-03-25,South,Product B,,9608.48,1265.58
2024-03-25,South,Product C,,14977.460000000001,1760.78
2024-03-25,West,Product A,31501.32,17188.510000000002,2316.15
2024-03-25,West,Product B,17501.309999999998,10662.98,1323.87
2024-03-25,West,Product C,28270.2,17512.27,2223.07
2024-04-01,East,Product A,24728.670000000002,13687.9,1952.04
2024-04-01,East,Product B,13636.14,8372.89,996.28
2024-04-01,East,Product C,21647.66,13304.029999999999,1807.77
2024-04-01,North,Product A,36305.01,19875.21,2716.7200000000003
2024-04-01,North,Product B,18392.28,11167.11,1355.1
2024-04-01,North,Product C,31268.71,19120.89,2363.8
2024-04-01,South,Product A,,17282.8,2489.92
2024-04-01,South,Product B,,9268.17,1216.26
2024-04-01,South,Product C,,15607.89,1899.1
2024-04-01,West,Product A,32777.24,18170.54,2562.6800000000003
2024-04-01,West,Product B,16684.72,10085.01,1226.14
2024-04-01,West,Product C,28849.89,17796.36,2172.05
2024-04-08,East,Product A,26281.32,14423.03,2200.2200000000003
2024-04-08,East,Product B,13438.58,8120.110000000001,968.1
2024-04-08,East,Product C,22207.0,13495.779999999999,1737.48
2024-04-08,North,Product A,35894.4,19776.4,2634.17
2024-04-08,North,Product B,19195.420000000002,11774.99,1444.43
2024-04-08,North,Product C,31718.89,19259.99,2404.46
2024-04-08,South,Product A,,16397.9,2290.41
2024-04-08,South,Product B,,9368.08,1089.22
2024-04-08,South,Product C,,14958.76,1830.33
2024-04-08,West,Product A,33150.99,17972.91,2534.74
2024-04-08,West,Product B,18695.739999999998,11432.17,1351.26
2024-04-08,West,Product C,27975.57,17503.6,2134.02
2024-04-15,East,Product A,25644.31,14204.050000000001,1899.67
2024-04-15,East,Product B,13086.550000000001,8079.4400000000005,1017.25
2024-04-15,East,Product C,19942.02,12247.13,1510.48
2024-04-15,North,Product A,36811.57,20448.77,2773.2999999999997
2024-04-15,North,Product B,19615.05,11838.5,1578.95
2024-04-15,North,Product C,30083.19,18495.4,2262.53
2024-04-15,South,Product A,,17257.05,2230.24
2024-04-15,South,Product B,,9090.65,1118.57
2024-04-15,South,Product C,,15519.26,1912.83
2024-04-15,West,Product A,32251.050000000003,17920.69,2431.6
2024-04-15,West,Product B,17383.07,10569.71,1357.57
2024-04-15,West,Product C,29473.600000000002,18067.36,2243.29
2024-04-22,East,Product A,26458.48,14413.54,2082.1800000000003
2024-04-22,East,Product B,13900.56,8412.51,1090.65
2024-04-22,East,Product C,20697.37,12932.83,1665.04
2024-04-22,North,Product A,36267.14,19899.64,2849.99
2024-04-22,North,Product B,19397.89,11759.26,1571.31
2024-04-22,North,Product C,29951.09,18576.43,2327.49
2024-04-22,South,Product A,,16023.560000000001,2255.75
2024-04-22,South,Product B,,10212.09,1257.17
2024-04-22,South,Product C,,15734.7,1944.75
2024-04-22,West,Product A,35857.8,19725.489999999998,2683.58
2024-04-22,West,Product B,17713.54,10784.64,1426.46
2024-04-22,West,Product C,28750.35,17748.7,2223.48
2024-04-29,East,Product A,26455.87,14775.6,2044.17
2024-04-29,East,Product B,13422.34,8200.75,1007.63
2024-04-29,East,Product C,22480.37,13805.289999999999,1844.51
2024-04-29,North,Product A,34774.299999999996,19212.86,2715.3
2024-04-29,North,Product B,19430.37,11613.07,1582.67
2024-04-29,North,Product C,30476.85,18538.95,2172.77
2024-04-29,South,Product A,,15335.89,1882.43
2024-04-29,South,Product B,,9444.98,1193.03
2024-04-29,South,Product C,,15225.55,1785.63
2024-04-29,West,Product A,33489.03,18422.86,2362.08
2024-04-29,West,Product B,17384.98,10573.36,1330.28
2024-04-29,West,Product C,29301.37,18273.47,2269.14
2024-05-06,East,Product A,26012.72,14474.07,2034.03
2024-05-06,East,Product B,13802.99,8328.05,996.0699999999999
2024-05-06,East,Product C,22933.4,13972.98,1641.55
2024-05-06,North,Product A,37916.67,21202.39,2814.01
2024-05-06,North,Product B,19379.329999999998,11792.69,1472.42
2024-05-06,North,Product C,32089.53,19542.739999999998,2653.54
2024-05-06,South,Product A,,16594.42,2337.12
2024-05-06,South,Product B,,9710.91,1148.07
2024-05-06,South,Product C,,16308.75,2025.09
2024-05-06,West,Product A,32902.09,18025.23,2598.18
2024-05-06,West,Product B,17756.35,10748.13,1332.23
2024-05-06,West,Product C,29586.88,18397.13,2148.2
2024-05-13,East,Product A,27714.27,15212.73,2068.69
2024-05-13,East,Product B,13986.960000000001,8542.24,1028.95
2024-05-13,East,Product C,22136.59,13422.22,1659.48
2024-05-13,North,Product A,35773.87,19666.75,2730.3
2024-05-13,North,Product B,18514.87,11244.7,1323.47
2024-05-13,North,Product C,31426.57,19427.07,2297.06
2024-05-13,South,Product A,,17240.95,2388.64
2024-05-13,South,Product B,,9438.35,1148.53
2024-05-13,South,Product C,,15749.86,2003.63
2024-05-13,West,Product A,34980.74,19250.84,2581.9700000000003
2024-05-13,West,Product B,18254.72,11081.44,1254.02
2024-05-13,West,Product C,29139.42,17990.52,2283.36
2024-05-20,East,Product A,25085.61,13676.1,2021.67
2024-05-20,East,Product B,13494.98,8233.699999999999,1020.69
2024-05-20,East,Product C,21964.8,13446.22,1673.75
2024-05-20,North,Product A,37240.78,20174.14,2872.34
2024-05-20,North,Product B,19181.88,11705.15,1522.04
2024-05-20,North,Product C,32165.239999999998,19737.96,2562.35
2024-05-20,South,Product A,,15799.210000000001,2128.37
2024-05-20,South,Product B,,9564.9,1226.29
2024-05-20,South,Product C,,16145.48,2040.97
2024-05-20,West,Product A,33614.38,18691.71,2492.6
2024-05-20,West,Product B,18608.71,11121.35,1504.8899999999999
2024-05-20,West,Product C,28521.440000000002,17636.65,2252.52
2024-05-27,East,Product A,25862.61,14160.18,1960.02
2024-05-27,East,Product B,12980.68,7916.3,1014.5
2024-05-27,East,Product C,22237.59,13617.67,1661.58
2024-05-27,North,Product A,37951.31,20572.34,2765.94
2024-05-27,North,Product B,19077.71,11632.05,1384.18
2024-05-27,North,Product C,30885.25,18972.64,2261.25
2024-05-27,South,Product A,,16375.59,2450.92
2024-05-27,South,Product B,,9543.279999999999,1210.3
2024-05-27,South,Product C,,16182.0,1992.56
2024-05-27,West,Product A,34264.63,18637.02,2556.3
2024-05-27,West,Product B,19103.27,11596.68,1526.68
2024-05-27,West,Product C,27198.95,16704.54,2009.3999999999999
2024-06-03,East,Product A,26015.05,14340.7,2049.69
2024-06-03,East,Product B,13073.67,7938.36,968.62
2024-06-03,East,Product C,23238.94,14157.65,1808.72
2024-06-03,North,Product A,35261.44,19218.010000000002,2714.96
2024-06-03,North,Product B,19448.25,12004.949999999999,1500.73
2024-06-03,North,Product C,31849.98,19696.05,2485.75
2024-06-03,South,Product A,,16891.78,2203.88
2024-06-03,South,Product B,,9979.039999999999,1313.17
2024-06-03,South,Product C,,15687.650000000001,1938.79
2024-06-03,West,Product A,35340.69,19269.32,2627.76
2024-06-03,West,Product B,17708.71,10749.76,1224.3700000000001
2024-06-03,West,Product C,29928.84,18420.43,2108.23
2024-06-10,East,Product A,26057.86,14434.630000000001,2065.19
2024-06-10,East,Product B,14224.74,8537.869999999999,1165.29
2024-06-10,East,Product C,22334.87,13568.43,1931.0
2024-06-10,North,Product A,36565.19,19980.83,2713.45
2024-06-10,North,Product B,20172.28,12321.74,1536.44
2024-06-10,North,Product C,32630.81,20405.4,2400.8
2024-06-10,South,Product A,,16670.18,2286.53
2024-06-10,South,Product B,,9735.42,1242.56
2024-06-10,South,Product C,,16404.93,2041.26
2024-06-10,West,Product A,37265.909999999996,20044.45,2785.3
2024-06-10,West,Product B,19222.36,11607.91,1413.5
2024-06-10,West,Product C,31074.309999999998,19135.37,2046.28
2024-06-17,East,Product A,26315.6,14336.92,2037.19
2024-06-17,East,Product B,13045.61,7952.3,888.0899999999999
2024-06-17,East,Product C,23042.21,14161.7,1635.01
2024-06-17,North,Product A,38564.22,20978.79,2928.63
2024-06-17,North,Product B,19339.41,11764.7,1401.2
2024-06-17,North,Product C,32346.34,19800.41,2538.24
2024-06-17,South,Product A,,17750.0,2472.1
2024-06-17,South,Product B,,9583.369999999999,1278.24
2024-06-17,South,Product C,,15948.4,1964.17
2024-06-17,West,Product A,36468.369999999995,19781.52,2708.48
2024-06-17,West,Product B,18381.84,11167.99,1362.64
2024-06-17,West,Product C,29456.33,17981.2,2322.2
2024-06-24,East,Product A,28163.13,15216.66,2127.1
2024-06-24,East,Product B,14512.48,8848.09,1101.52
2024-06-24,East,Product C,23199.12,14195.92,1780.2
2024-06-24,North,Product A,37128.06,20093.57,2868.59
2024-06-24,North,Product B,19905.23,12004.56,1506.95
2024-06-24,North,Product C,32188.77,19710.7,2471.39
2024-06-24,South,Product A,,17111.1,2235.7200000000003
2024-06-24,South,Product B,,9687.6,1199.75
2024-06-24,South,Product C,,15804.25,1983.39
2024-06-24,West,Product A,34003.15,18504.989999999998,2568.45
2024-06-24,West,Product B,17812.48,10803.41,1311.81
2024-06-24,West,Product C,31721.32,19665.53,2383.92
2024-07-01,East,Product A,28320.09,15351.35,2289.85
2024-07-01,East,Product B,14704.380000000001,8745.93,1156.93
2024-07-01,East,Product C,22362.89,13675.7,1724.46
2024-07-01,North,Product A,39095.9,21467.44,2866.54
2024-07-01,North,Product B,20453.52,12374.56,1630.28
2024-07-01,North,Product C,31820.809999999998,19393.93,2467.49
2024-07-01,South,Product A,,17707.43,2485.85
2024-07-01,South,Product B,,10200.32,1305.95
2024-07-01,South,Product C,,15913.560000000001,1929.63
2024-07-01,West,Product A,35607.66,19671.16,2557.27
2024-07-01,West,Product B,18098.57,10955.460000000001,1484.07
2024-07-01,West,Product C,29540.98,18182.91,2227.25
2024-07-08,East,Product A,26577.35,14497.73,2115.19
2024-07-08,East,Product B,13978.78,8547.6,1068.26
2024-07-08,East,Product C,22071.27,13563.78,1736.47
2024-07-08,North,Product A,37448.979999999996,20096.36,2846.71
2024-07-08,North,Product B,20481.61,12283.59,1552.75
2024-07-08,North,Product C,31138.3,19326.75,2452.75
2024-07-08,South,Product A,,16968.690000000002,2313.2599999999998
2024-07-08,South,Product B,,10108.34,1209.9
2024-07-08,South,Product C,,16403.45,2008.02
2024-07-08,West,Product A,36623.87,19800.88,2795.92
2024-07-08,West,Product B,19353.07,11551.84,1550.41
2024-07-08,West,Product C,30533.82,18810.14,2171.19
2024-07-15,East,Product A,27875.489999999998,15195.5,2278.56
2024-07-15,East,Product B,13931.970000000001,8596.23,1158.9099999999999
2024-07-15,East,Product C,22339.870000000003,13748.83,1623.21
2024-07-15,North,Product A,38144.28,20611.739999999998,2922.17
2024-07-15,North,Product B,20169.16,12305.900000000001,1709.1
2024-07-15,North,Product C,30951.420000000002,19182.4,2206.13
2024-07-15,South,Product A,,17689.57,2259.4700000000003
2024-07-15,South,Product B,,10314.07,1370.01
2024-07-15,South,Product C,,15425.53,1854.3899999999999
2024-07-15,West,Product A,35950.26,19485.92,2836.59
2024-07-15,West,Product B,19293.78,11673.73,1427.04
2024-07-15,West,Product C,30487.11,18659.489999999998,2210.64
2024-07-22,East,Product A,27248.7,14781.21,2053.07
2024-07-22,East,Product B,13851.98,8369.35,1043.88
2024-07-22,East,Product C,22893.39,14230.52,1743.32
2024-07-22,North,Product A,38112.19,20823.33,2958.48
2024-07-22,North,Product B,19712.27,11936.3,1521.31
2024-07-22,North,Product C,31076.65,18962.440000000002,2265.71
2024-07-22,South,Product A,,17258.09,2504.73
2024-07-22,South,Product B,,10163.89,1316.23
2024-07-22,South,Product C,,16893.32,1940.97
2024-07-22,West,Product A,35393.369999999995,19336.2,2553.94
2024-07-22,West,Product B,17906.45,10860.02,1247.6599999999999
2024-07-22,West,Product C,30491.260000000002,18801.079999999998,2322.8199999999997
2024-07-29,East,Product A,26010.43,14211.63,2018.35
2024-07-29,East,Product B,14739.54,8749.6,1204.72
2024-07-29,East,Product C,23987.05,14728.630000000001,1778.1299999999999
2024-07-29,North,Product A,38672.03,21181.52,2983.88
2024-07-29,North,Product B,20560.07,12346.37,1510.03
2024-07-29,North,Product C,32748.46,19966.03,2512.0499999999997
2024-07-29,South,Product A,,17406.64,2234.42
2024-07-29,South,Product B,,10268.84,1328.19
2024-07-29,South,Product C,,15632.1,1931.97
2024-07-29,West,Product A,33846.45,18609.28,2560.83
2024-07-29,West,Product B,18657.5,11311.849999999999,1369.01
2024-07-29,West,Product C,32374.21,19828.620000000003,2488.75
2024-08-05,East,Product A,27275.22,14775.6,2172.48
2024-08-05,East,Product B,13102.79,7869.780000000001,973.38
2024-08-05,East,Product C,22281.9,13570.15,1640.47
2024-08-05,North,Product A,37019.66,20300.63,2980.13
2024-08-05,North,Product B,19970.0,12117.19,1585.67
2024-08-05,North,Product C,32859.69,20124.809999999998,2747.87
2024-08-05,South,Product A,,17092.27,2475.74
2024-08-05,South,Product B,,9846.72,1190.25
2024-08-05,South,Product C,,16582.8,2060.34
2024-08-05,West,Product A,35064.47,19097.64,2740.29
2024-08-05,West,Product B,18715.12,11309.18,1476.94
2024-08-05,West,Product C,31142.13,19096.75,2533.27
2024-08-12,East,Product A,27573.92,14920.74,2231.07
2024-08-12,East,Product B,13300.59,8178.4,1119.85
2024-08-12,East,Product C,24095.309999999998,14633.98,1950.48
2024-08-12,North,Product A,37481.5,20498.370000000003,2849.77
2024-08-12,North,Product B,20382.04,12413.0,1557.79
2024-08-12,North,Product C,33378.47,20252.010000000002,2419.29
2024-08-12,South,Product A,,16612.29,2340.59
2024-08-12,South,Product B,,9700.390000000001,1136.0
2024-08-12,South,Product C,,16415.9,1881.64
2024-08-12,West,Product A,34097.59,18895.79,2368.38
2024-08-12,West,Product B,19002.75,11511.76,1328.22
2024-08-12,West,Product C,30555.47,18499.57,2266.45
2024-08-19,East,Product A,28103.34,15257.76,2151.02
2024-08-19,East,Product B,14667.78,8813.57,1096.39
2024-08-19,East,Product C,22272.02,13663.39,1850.16
2024-08-19,North,Product A,38666.82,20908.38,2936.91
2024-08-19,North,Product B,19860.73,11854.47,1385.92
2024-08-19,North,Product C,32764.63,19774.85,2562.7000000000003
2024-08-19,South,Product A,,17298.67,2409.85
2024-08-19,South,Product B,,9579.43,1190.68
2024-08-19,South,Product C,,17330.37,2093.66
2024-08-19,West,Product A,38184.31,20492.33,2968.81
2024-08-19,West,Product B,18348.32,11107.5,1412.82
2024-08-19,West,Product C,29366.7,17965.010000000002,2343.67
2024-08-26,East,Product A,26558.91,14608.04,1979.0500000000002
2024-08-26,East,Product B,14473.82,8776.46,1149.9
2024-08-26,East,Product C,22728.53,13894.85,1629.17
2024-08-26,North,Product A,37831.21,20553.86,2990.3
2024-08-26,North,Product B,20648.08,12409.96,1578.22
2024-08-26,North,Product C,31409.66,19293.16,2562.98
2024-08-26,South,Product A,,17621.02,2292.2599999999998
2024-08-26,South,Product B,,10234.09,1366.52
2024-08-26,South,Product C,,17607.56,2049.35
2024-08-26,West,Product A,35305.979999999996,19097.58,2689.03
2024-08-26,West,Product B,18747.64,11401.9,1409.35
2024-08-26,West,Product C,30395.910000000003,18458.48,2201.66
2024-09-02,East,Product A,27049.36,14651.59,1999.76
2024-09-02,East,Product B,14069.18,8563.07,1096.07
2024-09-02,East,Product C,22628.1,13618.55,1707.99
2024-09-02,North,Product A,38836.78,21060.23,2644.23
2024-09-02,North,Product B,19598.07,11749.25,1516.98
2024-09-02,North,Product C,31550.32,19307.82,2440.63
2024-09-02,South,Product A,,17045.66,2420.98
2024-09-02,South,Product B,,9910.82,1253.87
2024-09-02,South,Product C,,15943.970000000001,2066.01
2024-09-02,West,Product A,35363.95,19171.41,2615.49
2024-09-02,West,Product B,18311.86,11157.27,1314.97
2024-09-02,West,Product C,31281.600000000002,18773.11,2493.47
2024-09-09,East,Product A,28479.8,15360.28,2108.13
2024-09-09,East,Product B,13484.98,8165.07,974.0899999999999
2024-09-09,East,Product C,22733.71,13875.65,1650.57
2024-09-09,North,Product A,40888.36,22599.72,3101.39
2024-09-09,North,Product B,19441.940000000002,11592.84,1460.52
2024-09-09,North,Product C,32217.489999999998,19607.420000000002,2546.31
2024-09-09,South,Product A,,16292.82,2223.61
2024-09-09,South,Product B,,10237.56,1301.85
2024-09-09,South,Product C,,15962.5,2052.11
2024-09-09,West,Product A,36476.82,19817.34,2729.57
2024-09-09,West,Product B,19488.11,11588.36,1399.1999999999998
2024-09-09,West,Product C,30113.34,18497.21,2413.25
2024-09-16,East,Product A,25977.39,14201.96,1912.29
2024-09-16,East,Product B,14209.68,8596.51,1011.84
2024-09-16,East,Product C,24439.8,14827.52,1810.18
2024-09-16,North,Product A,39448.94,21521.59,3176.9700000000003
2024-09-16,North,Product B,20294.2,12204.06,1537.28
2024-09-16,North,Product C,30637.66,18851.58,2413.39
2024-09-16,South,Product A,,17044.18,2431.49
2024-09-16,South,Product B,,9417.07,1269.36
2024-09-16,South,Product C,,16007.9,2094.37
2024-09-16,West,Product A,34324.38,18616.73,2398.98
2024-09-16,West,Product B,18712.63,11203.98,1433.12
2024-09-16,West,Product C,30363.86,18418.12,2334.0699999999997
2024-09-23,East,Product A,27345.84,14780.199999999999,2092.58
2024-09-23,East,Product B,13884.57,8414.789999999999,1173.68
2024-09-23,East,Product C,24107.129999999997,14532.77,1802.55
2024-09-23,North,Product A,39872.22,21347.73,3095.3
2024-09-23,North,Product B,20187.19,12115.44,1636.31
2024-09-23,North,Product C,33929.55,20815.64,2530.12
2024-09-23,South,Product A,,17253.649999999998,2508.61
2024-09-23,South,Product B,,9969.32,1254.73
2024-09-23,South,Product C,,15286.85,1773.02
2024-09-23,West,Product A,36417.520000000004,19683.36,2984.44
2024-09-23,West,Product B,18130.61,11021.26,1492.7
2024-09-23,West,Product C,29511.449999999997,17930.02,2179.88
2024-09-30,East,Product A,27321.5,14879.42,2141.65
2024-09-30,East,Product B,13983.92,8516.93,1062.46
2024-09-30,East,Product C,22999.21,13944.68,1737.56
2024-09-30,North,Product A,37695.8,20905.55,2818.04
2024-09-30,North,Product B,20373.84,12386.04,1581.25
2024-09-30,North,Product C,31498.69,19141.420000000002,2508.89
2024-09-30,South,Product A,,16504.809999999998,2523.99
2024-09-30,South,Product B,,10117.39,1235.39
2024-09-30,South,Product C,,16092.09,2009.19
2024-09-30,West,Product A,35788.869999999995,19688.68,2731.94
2024-09-30,West,Product B,18556.01,11271.58,1443.75
2024-09-30,West,Product C,29699.559999999998,18261.48,2434.16
2024-10-07,East,Product A,28438.45,15339.22,2106.25
2024-10-07,East,Product B,14632.72,8763.33,1123.11
2024-10-07,East,Product C,22356.03,13674.73,1627.82
2024-10-07,North,Product A,36875.66,20186.38,2953.3399999999997
2024-10-07,North,Product B,19891.29,12172.68,1570.8600000000001
2024-10-07,North,Product C,30622.870000000003,18715.81,2183.1
2024-10-07,South,Product A,,17665.85,2420.02
2024-10-07,South,Product B,,10139.22,1360.33
2024-10-07,South,Product C,,16136.580000000002,2193.87
2024-10-07,West,Product A,34902.18,19004.78,2667.1400000000003
2024-10-07,West,Product B,17496.36,10534.99,1356.3
2024-10-07,West,Product C,30028.58,18461.94,2261.53
2024-10-14,East,Product A,27247.46,14929.83,2191.5299999999997
2024-10-14,East,Product B,13360.19,8021.7,998.29
2024-10-14,East,Product C,22986.76,13840.0,1856.6399999999999
2024-10-14,North,Product A,37692.22,20433.14,3005.73
2024-10-14,North,Product B,19219.66,11633.61,1475.43
2024-10-14,North,Product C,32567.489999999998,19522.13,2595.02
2024-10-14,South,Product A,,16433.27,2379.24
2024-10-14,South,Product B,,9489.02,1190.29
2024-10-14,South,Product C,,16090.98,1814.34
2024-10-14,West,Product A,36169.65,19494.98,2827.4
2024-10-14,West,Product B,19020.78,11419.27,1515.44
2024-10-14,West,Product C,30100.699999999997,18190.62,2256.8
2024-10-21,East,Product A,27210.38,14980.17,2036.0
2024-10-21,East,Product B,13661.79,8221.699999999999,1043.01
2024-10-21,East,Product C,23657.42,14379.84,1804.12
2024-10-21,North,Product A,38800.49,21086.829999999998,2699.75
2024-10-21,North,Product B,19664.79,12012.3,1480.67
2024-10-21,North,Product C,30912.58,18750.39,2351.69
2024-10-21,South,Product A,,16202.62,2407.67
2024-10-21,South,Product B,,10119.19,1355.45
2024-10-21,South,Product C,,16371.0,2109.56
2024-10-21,West,Product A,37065.95,19878.68,2720.8
2024-10-21,West,Product B,18748.74,11355.3,1467.22
2024-10-21,West,Product C,31311.28,18879.989999999998,2184.55
2024-10-28,East,Product A,25699.4,13938.06,1965.1100000000001
2024-10-28,East,Product B,14629.18,8781.25,1056.23
2024-10-28,East,Product C,23652.96,14333.59,1718.26
2024-10-28,North,Product A,40505.24,22041.85,3093.43
2024-10-28,North,Product B,19808.15,11967.789999999999,1414.55
2024-10-28,North,Product C,33279.69,20292.67,2515.41
2024-10-28,South,Product A,,16541.48,2165.31
2024-10-28,South,Product B,,9604.49,1327.68
2024-10-28,South,Product C,,15770.539999999999,1870.6
2024-10-28,West,Product A,34061.96,18499.96,2621.2
2024-10-28,West,Product B,17489.28,10435.83,1301.5900000000001
2024-10-28,West,Product C,30868.05,18832.23,2336.84
2024-11-04,East,Product A,25822.67,14105.2,1951.95
2024-11-04,East,Product B,13488.91,8123.87,1031.66
2024-11-04,East,Product C,22064.85,13262.36,1538.36
2024-11-04,North,Product A,37723.27,20399.12,2886.0
2024-11-04,North,Product B,19601.73,11868.96,1494.47
2024-11-04,North,Product C,32458.85,19423.9,2416.34
2024-11-04,South,Product A,,17637.29,2475.59
2024-11-04,South,Product B,,9321.02,1129.96
2024-11-04,South,Product C,,16072.48,1899.8
2024-11-04,West,Product A,34115.11,18507.58,2624.04
2024-11-04,West,Product B,18546.29,11305.34,1354.97
2024-11-04,West,Product C,30208.6,18581.12,2250.05
2024-11-11,East,Product A,26693.440000000002,14442.11,1986.8600000000001
2024-11-11,East,Product B,13976.57,8370.45,1099.15
2024-11-11,East,Product C,23737.96,14221.59,1915.89
2024-11-11,North,Product A,36113.630000000005,19595.92,3040.06
2024-11-11,North,Product B,20510.62,12398.529999999999,1662.9
2024-11-11,North,Product C,31103.0,18865.98,2455.31
2024-11-11,South,Product A,,17267.43,2451.2799999999997
2024-11-11,South,Product B,,10367.8,1335.74
2024-11-11,South,Product C,,16360.31,1981.8400000000001
2024-11-11,West,Product A,34114.78,18216.16,2500.0499999999997
2024-11-11,West,Product B,18410.26,10980.42,1399.76
2024-11-11,West,Product C,29557.83,18034.25,2410.86
2024-11-18,East,Product A,27219.55,14922.880000000001,2259.94
2024-11-18,East,Product B,13522.43,8154.55,1069.81
2024-11-18,East,Product C,21561.93,13112.93,1530.94
2024-11-18,North,Product A,37834.5,20610.89,2711.69
2024-11-18,North,Product B,20539.76,12303.45,1448.0800000000002
2024-11-18,North,Product C,31376.690000000002,18961.49,2412.82
2024-11-18,South,Product A,,17270.23,2490.6099999999997
2024-11-18,South,Product B,,9822.2,1233.09
2024-11-18,South,Product C,,15003.86,1870.16
2024-11-18,West,Product A,35660.65,19431.01,2788.37
2024-11-18,West,Product B,18612.38,11124.64,1455.78
2024-11-18,West,Product C,29514.93,17924.62,2260.01
2024-11-25,East,Product A,27094.8,14606.23,2065.29
2024-11-25,East,Product B,14001.869999999999,8508.59,1024.91
2024-11-25,East,Product C,23294.11,14172.259999999998,1732.88
2024-11-25,North,Product A,36228.86,19390.52,2585.05
2024-11-25,North,Product B,20655.88,12369.57,1602.3899999999999
2024-11-25,North,Product C,31236.84,19134.510000000002,2568.45
2024-11-25,South,Product A,,16899.16,2428.38
2024-11-25,South,Product B,,9828.79,1289.18
2024-11-25,South,Product C,,15846.029999999999,2046.92
2024-11-25,West,Product A,37213.78,19847.329999999998,2893.68
2024-11-25,West,Product B,17923.27,10829.94,1300.4
2024-11-25,West,Product C,28563.07,17484.5,2134.46
2024-12-02,East,Product A,26585.71,14312.56,1934.46
2024-12-02,East,Product B,13827.84,8403.050000000001,1008.3199999999999
2024-12-02,East,Product C,23129.629999999997,14026.15,1783.6999999999998
2024-12-02,North,Product A,38631.42,20823.829999999998,3008.54
2024-12-02,North,Product B,19507.38,11691.9,1483.72
2024-12-02,North,Product C,32177.61,19585.79,2483.16
2024-12-02,South,Product A,,16635.95,2279.3199999999997
2024-12-02,South,Product B,,9812.2,1262.01
2024-12-02,South,Product C,,16430.05,2000.4199999999998
2024-12-02,West,Product A,35359.85,19393.15,2772.75
2024-12-02,West,Product B,18164.57,10876.74,1397.72
2024-12-02,West,Product C,28843.92,17602.46,2084.98
2024-12-09,East,Product A,27433.25,14836.439999999999,2040.43
2024-12-09,East,Product B,14122.59,8444.289999999999,1096.1
2024-12-09,East,Product C,21482.98,13081.52,1635.51
2024-12-09,North,Product A,35119.08,19185.24,2558.63
2024-12-09,North,Product B,19508.989999999998,11663.849999999999,1375.79
2024-12-09,North,Product C,31627.940000000002,19385.02,2569.66
2024-12-09,South,Product A,,16151.73,2290.76
2024-12-09,South,Product B,,9649.76,1195.29
2024-12-09,South,Product C,,15398.9,2017.98
2024-12-09,West,Product A,33469.0,18226.43,2397.5
2024-12-09,West,Product B,18609.579999999998,11043.49,1352.43
2024-12-09,West,Product C,29786.34,17945.35,2342.14
2024-12-16,East,Product A,26803.82,14430.82,2082.18
2024-12-16,East,Product B,13517.05,8066.47,1152.47
2024-12-16,East,Product C,21797.12,13227.17,1586.77
2024-12-16,North,Product A,38418.91,20810.3,2794.37
2024-12-16,North,Product B,19058.09,11530.04,1416.46
2024-12-16,North,Product C,31616.510000000002,19315.88,2445.21
2024-12-16,South,Product A,,17228.11,2720.3999999999996
2024-12-16,South,Product B,,9581.42,1234.16
2024-12-16,South,Product C,,15993.91,2008.83
2024-12-16,West,Product A,33700.99,18519.46,2551.42
2024-12-16,West,Product B,18849.11,11410.06,1483.3600000000001
2024-12-16,West,Product C,29708.51,17849.73,2311.02
2024-12-23,East,Product A,26065.920000000002,14328.029999999999,1903.51
2024-12-23,East,Product B,14102.09,8390.529999999999,1118.44
2024-12-23,East,Product C,23078.85,13862.8,1753.92
2024-12-23,North,Product A,37982.29,20879.65,2857.71
2024-12-23,North,Product B,19736.93,11854.49,1508.24
2024-12-23,North,Product C,32666.690000000002,19993.15,2374.7200000000003
2024-12-23,South,Product A,,16463.83,2209.73
2024-12-23,South,Product B,,9470.88,1250.08
2024-12-23,South,Product C,,16114.970000000001,1946.21
2024-12-23,West,Product A,35134.16,19130.1,2742.65
2024-12-23,West,Product B,19307.17,11636.77,1527.62
2024-12-23,West,Product C,28852.059999999998,17314.24,2267.39
2024-12-30,East,Product A,26681.0,14432.5,1957.3
2024-12-30,East,Product B,13610.880000000001,8318.32,942.66
2024-12-30,East,Product C,22294.32,13583.98,1650.58
2024-12-30,North,Product A,37786.28,20210.62,2826.79
2024-12-30,North,Product B,20408.22,12050.02,1540.79
2024-12-30,North,Product C,32000.03,19532.27,2428.0
2024-12-30,South,Product A,,15925.64,2231.21
2024-12-30,South,Product B,,9797.94,1220.23
2024-12-30,South,Product C,,15607.55,1941.97
2024-12-30,West,Product A,36257.23,19393.23,2851.0
2024-12-30,West,Product B,19075.95,11467.99,1517.41
2024-12-30,West,Product C,29950.82,18242.22,2116.0299999999997
2025-01-06,East,Product A,27543.38,14831.61,2057.54
2025-01-06,East,Product B,13402.76,8114.36,1079.44
2025-01-06,East,Product C,21700.85,13086.65,1616.8
2025-01-06,North,Product A,37598.51,20611.85,2869.2400000000002
2025-01-06,North,Product B,19404.61,11626.279999999999,1504.97
2025-01-06,North,Product C,32253.730000000003,19340.29,2339.41
2025-01-06,South,Product A,,16393.74,2194.39
2025-01-06,South,Product B,,9403.5,1114.21
2025-01-06,South,Product C,,15534.89,1925.43
2025-01-06,West,Product A,34892.69,18954.61,2705.19
2025-01-06,West,Product B,18384.79,10954.81,1381.06
2025-01-06,West,Product C,27954.989999999998,16884.81,2045.25
2025-01-13,East,Product A,26467.98,14141.49,1852.18
2025-01-13,East,Product B,14015.68,8328.77,1035.6200000000001
2025-01-13,East,Product C,22943.58,14042.11,1762.6
2025-01-13,North,Product A,37115.56,20087.89,3214.67
2025-01-13,North,Product B,20061.18,12146.42,1503.81
2025-01-13,North,Product C,31681.129999999997,19183.77,2349.02
2025-01-13,South,Product A,,16680.7,2408.15
2025-01-13,South,Product B,,9862.73,1294.67
2025-01-13,South,Product C,,16213.130000000001,2325.08
2025-01-13,West,Product A,34138.770000000004,18519.57,2490.34
2025-01-13,West,Product B,18486.04,11225.09,1475.69
2025-01-13,West,Product C,29908.78,18386.45,2290.17
2025-01-20,East,Product A,26586.46,14321.18,1997.08
2025-01-20,East,Product B,13843.08,8293.27,1019.51
2025-01-20,East,Product C,22056.71,13498.68,1719.5
2025-01-20,North,Product A,39257.36,21133.66,2812.03
2025-01-20,North,Product B,19384.07,11458.25,1402.1399999999999
2025-01-20,North,Product C,30627.25,18505.1,2512.58
2025-01-20,South,Product A,,16634.87,2535.3199999999997
2025-01-20,South,Product B,,9740.89,1202.57
2025-01-20,South,Product C,,16190.009999999998,2090.6
2025-01-20,West,Product A,35451.58,19567.559999999998,2930.67
2025-01-20,West,Product B,18520.09,10999.14,1406.55
2025-01-20,West,Product C,29927.82,18077.1,2431.81
2025-01-27,East,Product A,27285.61,14921.77,2112.66
2025-01-27,East,Product B,14499.08,8711.82,1146.16
2025-01-27,East,Product C,22658.75,13763.52,1797.32
2025-01-27,North,Product A,37309.9,20083.34,2700.4500000000003
2025-01-27,North,Product B,18887.49,11462.38,1377.4099999999999
2025-01-27,North,Product C,31732.19,19015.44,2426.7400000000002
2025-01-27,South,Product A,,16699.08,2197.29
2025-01-27,South,Product B,,9378.52,1225.1599999999999
2025-01-27,South,Product C,,15324.75,1884.8400000000001
2025-01-27,West,Product A,35450.85,19297.73,2511.58
2025-01-27,West,Product B,19169.73,11486.78,1538.53
2025-01-27,West,Product C,28800.07,17178.85,2290.34
2025-02-03,East,Product A,25836.48,14093.099999999999,1950.33
2025-02-03,East,Product B,14556.59,8770.82,1077.33
2025-02-03,East,Product C,22844.16,13869.619999999999,1818.38
2025-02-03,North,Product A,39125.55,21197.34,2666.34
2025-02-03,North,Product B,19165.129999999997,11480.58,1365.85
2025-02-03,North,Product C,31707.43,18943.61,2451.54
2025-02-03,South,Product A,,16728.72,2430.13
2025-02-03,South,Product B,,10353.18,1413.6599999999999
2025-02-03,South,Product C,,15892.42,1765.77
2025-02-03,West,Product A,35897.46,19391.260000000002,2676.08
2025-02-03,West,Product B,19010.1,11395.07,1481.27
2025-02-03,West,Product C,30107.91,18215.34,2131.98
2025-02-10,East,Product A,26736.050000000003,14437.289999999999,2144.9
2025-02-10,East,Product B,14427.44,8596.220000000001,1069.08
2025-02-10,East,Product C,22932.31,13825.42,1699.41
2025-02-10,North,Product A,38570.99,21036.46,2782.79
2025-02-10,North,Product B,18916.76,11298.619999999999,1289.25
2025-02-10,North,Product C,32334.760000000002,19652.23,2632.08
2025-02-10,South,Product A,,16882.48,2346.71
2025-02-10,South,Product B,,9876.82,1240.77
2025-02-10,South,Product C,,15857.970000000001,2109.8
2025-02-10,West,Product A,35375.909999999996,19115.66,2577.19
2025-02-10,West,Product B,18913.9,11360.93,1318.81
2025-02-10,West,Product C,30437.75,18324.79,2799.03
2025-02-17,East,Product A,28418.23,15291.05,2108.17
2025-02-17,East,Product B,14094.29,8446.27,1086.19
2025-02-17,East,Product C,23186.81,13864.93,1819.47
2025-02-17,North,Product A,38241.61,20559.510000000002,2904.2
2025-02-17,North,Product B,20266.940000000002,12106.24,1423.31
2025-02-17,North,Product C,32129.6,19283.9,2445.87
2025-02-17,South,Product A,,16948.899999999998,2460.41
2025-02-17,South,Product B,,10013.42,1231.72
2025-02-17,South,Product C,,17108.76,2161.9500000000003
2025-02-17,West,Product A,36092.729999999996,19340.36,2671.05
2025-02-17,West,Product B,17742.07,10790.18,1342.1
2025-02-17,West,Product C,29096.2,17900.92,2148.88
2025-02-24,East,Product A,26936.88,14754.74,1896.1000000000001
2025-02-24,East,Product B,14259.53,8508.85,1046.63
2025-02-24,East,Product C,23866.64,14369.82,1812.3400000000001
2025-02-24,North,Product A,38970.380000000005,21061.45,3187.38
2025-02-24,North,Product B,19191.559999999998,11705.77,1443.46
2025-02-24,North,Product C,32525.14,19741.39,2766.24
2025-02-24,South,Product A,,16579.39,2289.35
2025-02-24,South,Product B,,10149.32,1329.66
2025-02-24,South,Product C,,15884.279999999999,1919.07
2025-02-24,West,Product A,36578.37,19796.39,2950.98
2025-02-24,West,Product B,19574.45,11745.85,1558.95
2025-02-24,West,Product C,31163.98,18952.9,2296.43
2025-03-03,East,Product A,27373.43,14699.029999999999,2090.86
2025-03-03,East,Product B,14165.91,8473.26,1130.01
2025-03-03,East,Product C,23760.96,14360.89,1604.58
2025-03-03,North,Product A,38579.15,20839.2,3048.6
2025-03-03,North,Product B,19990.04,12038.81,1403.53
2025-03-03,North,Product C,31750.97,19044.81,2443.77
2025-03-03,South,Product A,,16649.07,2407.19
2025-03-03,South,Product B,,9866.82,1240.32
2025-03-03,South,Product C,,16237.060000000001,2121.0699999999997
2025-03-03,West,Product A,34420.92,18779.47,2659.93
2025-03-03,West,Product B,18893.23,11223.23,1460.36
2025-03-03,West,Product C,31619.92,19155.1,2439.37
2025-03-10,East,Product A,27360.64,14841.18,2090.7599999999998
2025-03-10,East,Product B,14935.91,8992.76,1136.82
2025-03-10,East,Product C,22689.2,13697.27,1727.6299999999999
2025-03-10,North,Product A,40106.24,21661.05,2831.01
2025-03-10,North,Product B,21125.03,12723.779999999999,1659.76
2025-03-10,North,Product C,31841.05,19207.26,2522.85
2025-03-10,South,Product A,,16889.42,2419.45
2025-03-10,South,Product B,,9938.7,1301.5
2025-03-10,South,Product C,,16753.07,1981.77
2025-03-10,West,Product A,35124.34,19110.3,2555.4
2025-03-10,West,Product B,18559.22,11070.220000000001,1444.56
2025-03-10,West,Product C,31718.690000000002,19063.46,2198.88
2025-03-17,East,Product A,28492.399999999998,15252.91,2183.08
2025-03-17,East,Product B,13822.72,8182.23,1161.6499999999999
2025-03-17,East,Product C,23715.75,14158.09,1888.88
2025-03-17,North,Product A,40340.71,21771.28,3193.01
2025-03-17,North,Product B,19427.98,11409.34,1400.58
2025-03-17,North,Product C,33067.01,19606.98,2752.7599999999998
2025-03-17,South,Product A,,17087.47,2546.14
2025-03-17,South,Product B,,10357.1,1305.88
2025-03-17,South,Product C,,15979.76,2050.51
2025-03-17,West,Product A,35843.82,19325.02,2732.95
2025-03-17,West,Product B,19367.48,11469.05,1476.63
2025-03-17,West,Product C,30087.08,18168.88,2099.58
2025-03-24,East,Product A,26886.25,14547.74,1961.69
2025-03-24,East,Product B,14903.630000000001,8887.11,1167.28
2025-03-24,East,Product C,23546.829999999998,14071.63,1774.23
2025-03-24,North,Product A,38238.090000000004,20654.84,2992.61
2025-03-24,North,Product B,20879.14,12422.79,1499.67
2025-03-24,North,Product C,33472.57,20335.22,2452.1400000000003
2025-03-24,South,Product A,,18167.809999999998,2447.25
2025-03-24,South,Product B,,9356.51,1234.65
2025-03-24,South,Product C,,16383.49,1884.16
2025-03-24,West,Product A,36324.42,19900.95,2958.98
2025-03-24,West,Product B,20372.59,12087.01,1519.59
2025-03-24,West,Product C,31774.07,18961.18,2523.49
2025-03-31,East,Product A,27689.23,14865.189999999999,2249.04
2025-03-31,East,Product B,14598.19,8688.7,1033.6
2025-03-31,East,Product C,22114.89,13580.75,1615.31
2025-03-31,North,Product A,39104.26,20873.300000000003,3269.27
2025-03-31,North,Product B,19931.17,11866.89,1486.69
2025-03-31,North,Product C,32959.84,19624.13,2642.09
2025-03-31,South,Product A,,16652.03,2219.11
2025-03-31,South,Product B,,10425.57,1256.4299999999998
2025-03-31,South,Product C,,15879.46,2048.89
2025-03-31,West,Product A,34130.68,18461.260000000002,2651.94
2025-03-31,West,Product B,19173.71,11377.93,1366.99
2025-03-31,West,Product C,30350.84,18433.600000000002,2308.5699999999997
2025-04-07,East,Product A,27860.57,14891.96,2160.8
2025-04-07,East,Product B,14339.75,8491.24,1067.6100000000001
2025-04-07,East,Product C,23908.28,14625.95,1834.0600000000002
2025-04-07,North,Product A,39889.18,21775.32,3185.65
2025-04-07,North,Product B,19714.21,11850.4,1493.92
2025-04-07,North,Product C,34019.659999999996,20806.41,2535.6
2025-04-07,South,Product A,,17233.85,2495.72
2025-04-07,South,Product B,,10012.08,1270.31
2025-04-07,South,Product C,,17541.48,2200.2
2025-04-07,West,Product A,37133.0,20419.0,2780.33
2025-04-07,West,Product B,19331.78,11491.02,1452.46
2025-04-07,West,Product C,32392.559999999998,19477.66,2527.97
2025-04-14,East,Product A,27249.4,14888.369999999999,2118.15
2025-04-14,East,Product B,15646.15,9489.66,1072.71
2025-04-14,East,Product C,23592.440000000002,14251.26,1914.6399999999999
2025-04-14,North,Product A,40322.45,21493.14,3205.07
2025-04-14,North,Product B,21153.22,12542.630000000001,1499.5900000000001
2025-04-14,North,Product C,32335.84,19365.84,2301.6800000000003
2025-04-14,South,Product A,,17362.12,2449.06
2025-04-14,South,Product B,,10277.86,1278.58
2025-04-14,South,Product C,,15973.39,2252.01
2025-04-14,West,Product A,37181.58,19818.72,2667.11
2025-04-14,West,Product B,18739.440000000002,11308.88,1353.58
2025-04-14,West,Product C,31502.89,19057.8,2270.0
2025-04-21,East,Product A,28269.54,15220.02,2077.84
2025-04-21,East,Product B,14627.26,8777.2,1096.22
2025-04-21,East,Product C,24844.8,15095.57,1813.25
2025-04-21,North,Product A,38917.64,21055.91,3015.3999999999996
2025-04-21,North,Product B,20652.42,12142.29,1575.8500000000001
2025-04-21,North,Product C,32703.64,19650.83,2607.97
2025-04-21,South,Product A,,17371.53,2457.2
2025-04-21,South,Product B,,9672.89,1082.99
2025-04-21,South,Product C,,17490.879999999997,2129.44
2025-04-21,West,Product A,36320.49,19284.350000000002,2690.23
2025-04-21,West,Product B,19978.4,11951.57,1549.8
2025-04-21,West,Product C,30634.31,18304.1,2237.36
2025-04-28,East,Product A,29751.46,16057.279999999999,2311.2599999999998
2025-04-28,East,Product B,14870.32,8800.19,1220.58
2025-04-28,East,Product C,25232.32,15257.91,1939.9
2025-04-28,North,Product A,40206.340000000004,21725.85,3029.66
2025-04-28,North,Product B,21778.42,13051.44,1673.88
2025-04-28,North,Product C,35295.61,21424.17,2742.27
2025-04-28,South,Product A,,16590.78,2214.68
2025-04-28,South,Product B,,10233.28,1205.4
2025-04-28,South,Product C,,16694.27,2216.52
2025-04-28,West,Product A,37855.87,20369.829999999998,2687.34
2025-04-28,West,Product B,19836.84,12053.69,1516.29
2025-04-28,West,Product C,31191.58,18651.95,2361.48
2025-05-05,East,Product A,27871.82,15017.85,2048.63
2025-05-05,East,Product B,14877.009999999998,8769.58,1122.03
2025-05-05,East,Product C,24972.96,15007.47,1784.8799999999999
2025-05-05,North,Product A,40027.72,21799.29,3369.87
2025-05-05,North,Product B,20833.97,12519.89,1598.73
2025-05-05,North,Product C,34208.36,20612.96,2476.64
2025-05-05,South,Product A,,16828.73,2597.42
2025-05-05,South,Product B,,10413.18,1296.96
2025-05-05,South,Product C,,15952.66,1842.44
2025-05-05,West,Product A,36252.520000000004,19778.56,2851.1400000000003
2025-05-05,West,Product B,18768.56,11062.83,1433.72
2025-05-05,West,Product C,32163.92,19316.52,2391.37
2025-05-12,East,Product A,29767.38,15997.029999999999,2403.17
2025-05-12,East,Product B,15245.4,9169.54,1237.9
2025-05-12,East,Product C,24478.76,14780.039999999999,1952.98
2025-05-12,North,Product A,40539.05,21953.07,3112.9
2025-05-12,North,Product B,21123.18,12391.439999999999,1741.29
2025-05-12,North,Product C,34453.27,20492.95,2726.7599999999998
2025-05-12,South,Product A,,17810.98,2396.48
2025-05-12,South,Product B,,10444.19,1356.49
2025-05-12,South,Product C,,17266.68,2091.43
2025-05-12,West,Product A,40915.84,22268.59,3391.11
2025-05-12,West,Product B,19710.17,11801.18,1476.29
2025-05-12,West,Product C,31250.94,19082.23,2345.63
2025-05-19,East,Product A,28861.72,15493.53,2149.84
2025-05-19,East,Product B,15293.58,9072.32,1241.21
2025-05-19,East,Product C,24073.13,14403.19,1734.3
2025-05-19,North,Product A,40336.1,21702.74,2996.52
2025-05-19,North,Product B,20764.010000000002,12306.36,1660.9299999999998
2025-05-19,North,Product C,33776.91,20454.32,2643.02
2025-05-19,South,Product A,,18755.52,2683.6
2025-05-19,South,Product B,,9869.99,1150.6
2025-05-19,South,Product C,,17249.47,2100.38
2025-05-19,West,Product A,39830.39,21407.940000000002,3051.1099999999997
2025-05-19,West,Product B,19391.35,11616.74,1394.92
2025-05-19,West,Product C,32758.159999999996,19555.31,2466.9
2025-05-26,East,Product A,29492.98,15759.05,2285.84
2025-05-26,East,Product B,15230.369999999999,9068.5,1116.49
2025-05-26,East,Product C,25647.52,15219.53,1907.01
2025-05-26,North,Product A,41897.27,22503.92,3083.79
2025-05-26,North,Product B,22041.79,13098.27,1647.33
2025-05-26,North,Product C,35108.95,21384.14,2671.94
2025-05-26,South,Product A,,17494.33,2577.73
2025-05-26,South,Product B,,10270.82,1329.89
2025-05-26,South,Product C,,17324.08,2279.92
2025-05-26,West,Product A,37429.04,20083.08,2524.86
2025-05-26,West,Product B,19813.15,11703.62,1519.43
2025-05-26,West,Product C,31135.05,18656.1,2358.64
2025-06-02,East,Product A,28600.9,15229.73,2296.06
2025-06-02,East,Product B,15446.89,9220.970000000001,1173.6
2025-06-02,East,Product C,25230.15,15129.81,1969.69
2025-06-02,North,Product A,40024.5,21212.95,3304.01
2025-06-02,North,Product B,20004.65,11782.19,1448.83
2025-06-02,North,Product C,34418.38,20760.34,2697.71
2025-06-02,South,Product A,,18656.04,2482.05
2025-06-02,South,Product B,,10400.56,1346.36
2025-06-02,South,Product C,,17002.96,1907.17
2025-06-02,West,Product A,38527.27,20978.690000000002,2885.89
2025-06-02,West,Product B,19353.14,11459.24,1350.75
2025-06-02,West,Product C,32875.69,19695.829999999998,2643.1
2025-06-09,East,Product A,28679.27,15517.11,2151.81
2025-06-09,East,Product B,15499.53,9181.369999999999,1163.92
2025-06-09,East,Product C,24011.61,14504.75,1661.91
2025-06-09,North,Product A,41442.8,22188.97,3281.79
2025-06-09,North,Product B,20372.02,12192.689999999999,1493.82
2025-06-09,North,Product C,35234.8,21047.53,2663.7799999999997
2025-06-09,South,Product A,,18862.61,2657.26
2025-06-09,South,Product B,,10385.16,1371.93
2025-06-09,South,Product C,,16993.25,2067.5299999999997
2025-06-09,West,Product A,37154.16,19616.23,2812.66
2025-06-09,West,Product B,19897.03,11777.88,1530.96
2025-06-09,West,Product C,32360.38,19176.31,2414.5499999999997
2025-06-16,East,Product A,30402.08,16126.119999999999,2284.61
2025-06-16,East,Product B,15348.630000000001,9068.88,1239.51
2025-06-16,East,Product C,24467.46,14623.32,1788.26
2025-06-16,North,Product A,38990.68,20965.489999999998,3012.8
2025-06-16,North,Product B,21258.420000000002,12810.1,1604.6200000000001
2025-06-16,North,Product C,35371.13,21357.34,2759.76
2025-06-16,South,Product A,,18186.579999999998,2535.69
2025-06-16,South,Product B,,10570.51,1377.3
2025-06-16,South,Product C,,17411.89,2244.88
2025-06-16,West,Product A,37801.48,20238.19,2921.12
2025-06-16,West,Product B,19957.72,11803.42,1418.46
2025-06-16,West,Product C,33140.84,19559.83,2541.12
2025-06-23,East,Product A,30135.08,16073.42,2161.9700000000003
2025-06-23,East,Product B,15950.01,9466.7,1293.05
2025-06-23,East,Product C,25564.260000000002,15508.92,1934.02
2025-06-23,North,Product A,40325.12,21853.11,3113.77
2025-06-23,North,Product B,21531.43,12710.91,1622.05
2025-06-23,North,Product C,35433.71,21317.2,2632.4
2025-06-23,South,Product A,,18221.87,2517.09
2025-06-23,South,Product B,,10455.65,1230.57
2025-06-23,South,Product C,,17471.7,2075.06
2025-06-23,West,Product A,38441.9,20517.64,2860.02
2025-06-23,West,Product B,20451.31,12250.37,1514.08
2025-06-23,West,Product C,33524.19,20174.3,2815.61
2025-06-30,East,Product A,30415.14,16245.57,2439.74
2025-06-30,East,Product B,15105.01,9009.05,1040.26
2025-06-30,East,Product C,24269.43,14343.93,1837.53
2025-06-30,North,Product A,41304.51,21959.42,3097.2599999999998
2025-06-30,North,Product B,21952.25,13016.78,1614.42
2025-06-30,North,Product C,34225.37,20605.0,2726.7799999999997
2025-06-30,South,Product A,,18438.03,2704.54
2025-06-30,South,Product B,,10929.55,1562.2
2025-06-30,South,Product C,,18096.35,2357.45
2025-06-30,West,Product A,37473.86,19957.54,2726.16
2025-06-30,West,Product B,20466.0,12066.94,1425.62
2025-06-30,West,Product C,31815.22,19329.510000000002,2188.49
2025-07-07,East,Product A,30248.21,16100.85,2378.97
2025-07-07,East,Product B,16194.609999999999,9608.45,1350.13
2025-07-07,East,Product C,25395.17,15073.720000000001,2090.98
2025-07-07,North,Product A,41036.56,22117.68,3312.6899999999996
2025-07-07,North,Product B,22102.32,13020.54,1691.14
2025-07-07,North,Product C,34701.89,20811.36,2501.3
2025-07-07,South,Product A,,17665.7,2415.87
2025-07-07,South,Product B,,10489.630000000001,1330.72
2025-07-07,South,Product C,,16758.47,2097.29
2025-07-07,West,Product A,37586.229999999996,19976.97,2709.21
2025-07-07,West,Product B,19536.33,11641.8,1604.21
2025-07-07,West,Product C,31797.079999999998,19277.51,2465.79
2025-07-14,East,Product A,30906.61,16468.72,2630.1
2025-07-14,East,Product B,15552.3,9270.32,1168.47
2025-07-14,East,Product C,25389.050000000003,15271.44,1951.6399999999999
2025-07-14,North,Product A,40567.4,21628.39,2939.7200000000003
2025-07-14,North,Product B,21806.29,12822.4,1723.35
2025-07-14,North,Product C,35565.8,21345.86,2678.05
2025-07-14,South,Product A,,18583.54,2546.14
2025-07-14,South,Product B,,11023.69,1424.76
2025-07-14,South,Product C,,17333.46,2173.6
2025-07-14,West,Product A,39013.73,21157.23,2980.33
2025-07-14,West,Product B,20353.1,12156.98,1543.95
2025-07-14,West,Product C,32468.35,19726.11,2678.59
2025-07-21,East,Product A,30276.32,16068.14,2271.17
2025-07-21,East,Product B,15073.28,8962.15,1306.55
2025-07-21,East,Product C,24580.82,14771.72,1785.27
2025-07-21,North,Product A,42677.69,22848.120000000003,3235.49
2025-07-21,North,Product B,21993.68,13114.369999999999,1824.8799999999999
2025-07-21,North,Product C,34707.56,20721.19,2749.31
2025-07-21,South,Product A,,18917.420000000002,2648.24
2025-07-21,South,Product B,,10194.91,1254.19
2025-07-21,South,Product C,,17139.4,2116.12
2025-07-21,West,Product A,38935.25,20714.65,3034.07
2025-07-21,West,Product B,21055.05,12592.7,1638.93
2025-07-21,West,Product C,34874.18,20729.19,2588.97
2025-07-28,East,Product A,29775.63,15744.05,2296.46
2025-07-28,East,Product B,15293.779999999999,9022.88,1228.3899999999999
2025-07-28,East,Product C,24563.72,14829.95,1751.03
2025-07-28,North,Product A,40750.58,21797.73,3414.42
2025-07-28,North,Product B,22342.91,13450.880000000001,1762.67
2025-07-28,North,Product C,35544.92,21194.05,2708.14
2025-07-28,South,Product A,,19998.34,2769.54
2025-07-28,South,Product B,,11268.36,1330.07
2025-07-28,South,Product C,,17401.32,2283.18
2025-07-28,West,Product A,39544.54,21283.78,2971.2
2025-07-28,West,Product B,20321.39,12072.93,1507.78
2025-07-28,West,Product C,33174.56,20018.260000000002,2306.89
2025-08-04,East,Product A,29501.21,15646.97,2299.9
2025-08-04,East,Product B,15131.61,9059.23,1100.38
2025-08-04,East,Product C,25257.49,15011.609999999999,1912.51
2025-08-04,North,Product A,41552.48,22167.77,3092.08
2025-08-04,North,Product B,21978.32,12963.46,1668.06
2025-08-04,North,Product C,33644.92,20067.26,2581.71
2025-08-04,South,Product A,,18266.95,2635.4700000000003
2025-08-04,South,Product B,,10385.67,1371.8
2025-08-04,South,Product C,,16542.05,1933.24
2025-08-04,West,Product A,40976.78,21620.62,3084.15
2025-08-04,West,Product B,19938.88,11747.52,1510.1999999999998
2025-08-04,West,Product C,32865.83,19433.6,2470.0699999999997
2025-08-11,East,Product A,29601.24,15686.04,2368.87
2025-08-11,East,Product B,15225.11,9042.58,1172.9399999999998
2025-08-11,East,Product C,25380.92,15230.33,1793.77
2025-08-11,North,Product A,41097.67,21890.03,3361.9
2025-08-11,North,Product B,21359.8,12722.75,1559.76
2025-08-11,North,Product C,37024.07,21953.600000000002,2869.17
2025-08-11,South,Product A,,18594.03,2781.23
2025-08-11,South,Product B,,10573.84,1416.24
2025-08-11,South,Product C,,17336.31,2069.36
2025-08-11,West,Product A,40018.11,21412.739999999998,2921.0
2025-08-11,West,Product B,20353.39,11905.27,1489.37
2025-08-11,West,Product C,32551.08,19333.79,2655.15
2025-08-18,East,Product A,30518.2,16321.519999999999,2333.09
2025-08-18,East,Product B,15655.509999999998,9333.66,1167.94
2025-08-18,East,Product C,25353.59,15090.34,1949.62
2025-08-18,North,Product A,42885.22,22623.73,3358.54
2025-08-18,North,Product B,21317.37,12796.74,1469.21
2025-08-18,North,Product C,33623.78,20255.670000000002,2612.14
2025-08-18,South,Product A,,17517.22,2647.15
2025-08-18,South,Product B,,10437.96,1345.3500000000001
2025-08-18,South,Product C,,16702.870000000003,1963.28
2025-08-18,West,Product A,35570.56,19141.46,2705.42
2025-08-18,West,Product B,19597.67,11559.1,1531.3
2025-08-18,West,Product C,31779.79,18927.01,2425.41
2025-08-25,East,Product A,28590.6,15235.13,2198.33
2025-08-25,East,Product B,16038.91,9548.86,1211.08
2025-08-25,East,Product C,25157.59,14869.86,1836.23
2025-08-25,North,Product A,40830.16,22012.88,3275.6400000000003
2025-08-25,North,Product B,21148.32,12353.42,1564.6499999999999
2025-08-25,North,Product C,35862.89,21273.74,2545.36
2025-08-25,South,Product A,,17553.5,2659.63
2025-08-25,South,Product B,,10639.07,1378.8500000000001
2025-08-25,South,Product C,,17698.47,2334.46
2025-08-25,West,Product A,39656.73,21177.77,3021.85
2025-08-25,West,Product B,20723.07,12357.43,1510.97
2025-08-25,West,Product C,34279.49,20470.36,2527.33
2025-09-01,East,Product A,29190.100000000002,15516.34,2294.2
2025-09-01,East,Product B,16417.55,9563.380000000001,1209.57
2025-09-01,East,Product C,24446.16,14589.470000000001,1698.15
2025-09-01,North,Product A,41595.03,21979.29,3139.0
2025-09-01,North,Product B,22117.31,13110.529999999999,1703.83
2025-09-01,North,Product C,36430.5,21426.95,2648.16
2025-09-01,South,Product A,,18294.6,2443.7200000000003
2025-09-01,South,Product B,,10807.66,1338.21
2025-09-01,South,Product C,,16691.43,2212.95
2025-09-01,West,Product A,40400.44,21413.39,3058.83
2025-09-01,West,Product B,20309.75,12152.03,1658.54
2025-09-01,West,Product C,33829.73,20283.82,2369.32
2025-09-08,East,Product A,29735.059999999998,15823.79,2150.58
2025-09-08,East,Product B,15725.099999999999,9240.56,1179.76
2025-09-08,East,Product C,24399.460000000003,14680.1,1899.36
2025-09-08,North,Product A,40137.009999999995,21396.87,3128.47
2025-09-08,North,Product B,21347.75,12593.13,1670.5
2025-09-08,North,Product C,34770.56,20696.59,2574.56
2025-09-08,South,Product A,,18374.649999999998,2736.8500000000004
2025-09-08,South,Product B,,10561.26,1285.79
2025-09-08,South,Product C,,17798.579999999998,2167.92
2025-09-08,West,Product A,38645.61,21050.59,2883.55
2025-09-08,West,Product B,20344.81,11958.630000000001,1615.1599999999999
2025-09-08,West,Product C,31311.56,18902.97,2362.83
2025-09-15,East,Product A,28323.43,15095.720000000001,2116.08
2025-09-15,East,Product B,15374.76,9038.94,1180.95
2025-09-15,East,Product C,24974.77,14801.53,1810.98
2025-09-15,North,Product A,42792.41,22858.989999999998,3487.8
2025-09-15,North,Product B,20260.32,11984.47,1565.43
2025-09-15,North,Product C,35211.19,20848.34,2758.48
2025-09-15,South,Product A,,18208.45,2727.3
2025-09-15,South,Product B,,10730.119999999999,1488.1499999999999
2025-09-15,South,Product C,,17427.86,2091.0
2025-09-15,West,Product A,39585.3,20940.75,3009.07
2025-09-15,West,Product B,21275.670000000002,12609.94,1656.94
2025-09-15,West,Product C,31470.97,18841.11,2380.76
2025-09-22,East,Product A,31270.48,16694.67,2445.44
2025-09-22,East,Product B,16004.86,9536.5,1275.4
2025-09-22,East,Product C,24588.0,14697.17,1994.81
2025-09-22,North,Product A,41445.67,22049.53,3231.8
2025-09-22,North,Product B,20715.49,12055.16,1655.33
2025-09-22,North,Product C,37215.97,22088.67,2659.17
2025-09-22,South,Product A,,18312.01,2476.08
2025-09-22,South,Product B,,10688.8,1399.32
2025-09-22,South,Product C,,16662.97,2305.49
2025-09-22,West,Product A,41720.46,21945.18,3112.08
2025-09-22,West,Product B,21977.24,13073.369999999999,1799.24
2025-09-22,West,Product C,32588.19,19444.04,2654.11
2025-09-29,East,Product A,29192.71,15729.09,2324.2
2025-09-29,East,Product B,15369.53,9112.42,1182.74
2025-09-29,East,Product C,25456.760000000002,15157.46,1997.01
2025-09-29,North,Product A,41188.42,21601.489999999998,3214.72
2025-09-29,North,Product B,21777.67,12725.49,1686.56
2025-09-29,North,Product C,35991.72,21767.809999999998,2625.2
2025-09-29,South,Product A,,17927.79,2725.33
2025-09-29,South,Product B,,10713.539999999999,1228.85
2025-09-29,South,Product C,,17910.4,2206.66
2025-09-29,West,Product A,39438.76,21204.59,3299.0
2025-09-29,West,Product B,20533.77,12156.35,1611.31
2025-09-29,West,Product C,33571.84,19965.24,2381.04
2025-10-06,East,Product A,28434.53,15197.98,2096.18
2025-10-06,East,Product B,14794.84,8704.84,1129.43
2025-10-06,East,Product C,25376.45,14828.86,1854.58
2025-10-06,North,Product A,43552.630000000005,23059.9,3275.75
2025-10-06,North,Product B,21402.29,12596.259999999998,1558.82
2025-10-06,North,Product C,34682.3,20431.7,2569.84
2025-10-06,South,Product A,,17721.48,2521.26
2025-10-06,South,Product B,,10598.7,1282.54
2025-10-06,South,Product C,,17184.08,2387.7799999999997
2025-10-06,West,Product A,37823.479999999996,20326.99,2851.5
2025-10-06,West,Product B,20303.67,11965.27,1622.6000000000001
2025-10-06,West,Product C,33738.06,20039.8,2432.08
2025-10-13,East,Product A,29039.78,15546.970000000001,2439.18
2025-10-13,East,Product B,14757.33,8840.17,1139.64
2025-10-13,East,Product C,23856.51,14194.19,1849.96
2025-10-13,North,Product A,42496.59,22498.72,3283.81
2025-10-13,North,Product B,22128.92,13126.83,1582.3899999999999
2025-10-13,North,Product C,34947.38,21153.67,2580.95
2025-10-13,South,Product A,,17032.52,2281.24
2025-10-13,South,Product B,,10548.58,1327.32
2025-10-13,South,Product C,,18015.74,2455.21
2025-10-13,West,Product A,40139.69,20999.67,3150.35
2025-10-13,West,Product B,19621.26,11647.56,1406.6100000000001
2025-10-13,West,Product C,33314.979999999996,19716.4,2628.29
2025-10-20,East,Product A,29368.93,15511.519999999999,2162.12
2025-10-20,East,Product B,15112.31,8784.17,1086.73
2025-10-20,East,Product C,25255.94,14993.64,2061.71
2025-10-20,North,Product A,40813.99,21377.53,3118.55
2025-10-20,North,Product B,22048.55,12954.25,1707.92
2025-10-20,North,Product C,33431.57,19842.95,2383.74
2025-10-20,South,Product A,,17745.23,2522.44
2025-10-20,South,Product B,,10377.15,1423.24
2025-10-20,South,Product C,,17588.15,2470.74
2025-10-20,West,Product A,37413.76,19749.08,2669.98
2025-10-20,West,Product B,21776.04,12808.17,1660.48
2025-10-20,West,Product C,32078.239999999998,18942.420000000002,2533.36
2025-10-27,East,Product A,28228.82,14966.41,2114.02
2025-10-27,East,Product B,14542.64,8564.57,1162.8200000000002
2025-10-27,East,Product C,25322.58,15041.52,1888.89
2025-10-27,North,Product A,40509.729999999996,21414.96,2848.22
2025-10-27,North,Product B,21971.77,12985.630000000001,1696.95
2025-10-27,North,Product C,34643.45,20568.07,2683.75
2025-10-27,South,Product A,,17698.75,2534.86
2025-10-27,South,Product B,,10016.369999999999,1242.26
2025-10-27,South,Product C,,17008.79,2176.34
2025-10-27,West,Product A,37517.68,19869.760000000002,2649.87
2025-10-27,West,Product B,20475.25,11981.39,1596.75
2025-10-27,West,Product C,32009.82,18995.79,2323.91
2025-11-03,East,Product A,28193.84,15135.45,2299.36
2025-11-03,East,Product B,15001.960000000001,8782.6,1160.13
2025-11-03,East,Product C,25224.68,15039.76,2086.01
2025-11-03,North,Product A,42479.81,22533.9,3248.54
2025-11-03,North,Product B,21877.129999999997,13071.23,1620.81
2025-11-03,North,Product C,33261.36,19823.23,2478.25
2025-11-03,South,Product A,,17966.39,2732.46
2025-11-03,South,Product B,,10159.34,1289.91
2025-11-03,South,Product C,,17455.53,2362.43
2025-11-03,West,Product A,37243.51,19737.16,2910.06
2025-11-03,West,Product B,19302.46,11440.87,1476.55
2025-11-03,West,Product C,32360.170000000002,19313.420000000002,2322.59
2025-11-10,East,Product A,29516.64,15810.16,1906.81
2025-11-10,East,Product B,15559.39,9036.55,1180.43
2025-11-10,East,Product C,27415.08,16228.16,2114.71
2025-11-10,North,Product A,40595.07,21482.0,3481.2
2025-11-10,North,Product B,21877.68,12876.68,1675.9
2025-11-10,North,Product C,34658.840000000004,20909.43,2765.58
2025-11-10,South,Product A,,19225.17,2517.13
2025-11-10,South,Product B,,10872.2,1438.6
2025-11-10,South,Product C,,16906.87,2137.48
2025-11-10,West,Product A,38624.950000000004,20757.12,3266.88
2025-11-10,West,Product B,20532.88,12165.699999999999,1652.3200000000002
2025-11-10,West,Product C,32506.66,19296.96,2634.48
2025-11-17,East,Product A,28899.89,15233.119999999999,2096.9900000000002
2025-11-17,East,Product B,15626.279999999999,9178.81,1145.18
2025-11-17,East,Product C,23631.079999999998,14277.09,1744.63
2025-11-17,North,Product A,41274.909999999996,21697.86,3073.02
2025-11-17,North,Product B,20224.059999999998,11902.83,1553.36
2025-11-17,North,Product C,35585.39,20990.72,2709.81
2025-11-17,South,Product A,,18648.85,2663.8599999999997
2025-11-17,South,Product B,,9770.869999999999,1178.73
2025-11-17,South,Product C,,16584.629999999997,2143.64
2025-11-17,West,Product A,39190.840000000004,20796.31,2683.4
2025-11-17,West,Product B,19476.74,11391.75,1559.46
2025-11-17,West,Product C,33693.6,19994.95,2644.15
2025-11-24,East,Product A,30592.86,16182.04,2423.68
2025-11-24,East,Product B,15887.17,9420.22,1131.3799999999999
2025-11-24,East,Product C,23777.19,14211.59,1709.8500000000001
2025-11-24,North,Product A,40123.68,21187.24,3169.92
2025-11-24,North,Product B,21797.34,12831.26,1745.76
2025-11-24,North,Product C,34974.56,20942.87,2553.35
2025-11-24,South,Product A,,17939.76,2618.36
2025-11-24,South,Product B,,9876.82,1357.46
2025-11-24,South,Product C,,16321.380000000001,2085.24
2025-11-24,West,Product A,36963.39,19752.27,2912.09
2025-11-24,West,Product B,19680.97,11427.24,1409.09
2025-11-24,West,Product C,33167.840000000004,19742.16,2313.69
2025-12-01,East,Product A,30686.61,16345.31,2397.8
2025-12-01,East,Product B,15419.06,9118.48,1282.77
2025-12-01,East,Product C,24466.06,14585.94,2091.71
2025-12-01,North,Product A,41358.66,21839.39,3306.29
2025-12-01,North,Product B,21197.59,12482.210000000001,1641.4099999999999
2025-12-01,North,Product C,33867.16,20230.13,2701.29
2025-12-01,South,Product A,,17561.23,2725.49
2025-12-01,South,Product B,,10112.63,1346.09
2025-12-01,South,Product C,,16146.130000000001,1942.26
2025-12-01,West,Product A,39301.19,20680.66,2868.14
2025-12-01,West,Product B,20004.79,11727.51,1451.25
2025-12-01,West,Product C,30972.739999999998,18540.66,2422.5299999999997
2025-12-08,East,Product A,30590.61,16309.04,2473.33
2025-12-08,East,Product B,15413.73,9055.24,1284.76
2025-12-08,East,Product C,24964.25,14862.939999999999,1880.3400000000001
2025-12-08,North,Product A,41003.19,21751.95,3046.77
2025-12-08,North,Product B,21083.2,12328.89,1630.4
2025-12-08,North,Product C,33805.34,19990.36,2589.63
2025-12-08,South,Product A,,17809.18,2448.69
2025-12-08,South,Product B,,10440.71,1304.51
2025-12-08,South,Product C,,16419.989999999998,2061.88
2025-12-08,West,Product A,37388.47,19852.02,2835.34
2025-12-08,West,Product B,19358.32,11433.28,1420.97
2025-12-08,West,Product C,33714.88,19741.11,2519.89
2025-12-15,East,Product A,29490.019999999997,15642.460000000001,2380.2000000000003
2025-12-15,East,Product B,14731.09,8658.11,1045.12
2025-12-15,East,Product C,24505.8,14710.56,1834.19
2025-12-15,North,Product A,40714.53,21434.67,3368.29
2025-12-15,North,Product B,21601.760000000002,12834.47,1631.05
2025-12-15,North,Product C,33560.68,20008.82,2591.3
2025-12-15,South,Product A,,17495.29,2439.94
2025-12-15,South,Product B,,10223.98,1390.8
2025-12-15,South,Product C,,17032.98,2143.27
2025-12-15,West,Product A,35728.409999999996,19138.64,2823.65
2025-12-15,West,Product B,19949.420000000002,11701.69,1505.84
2025-12-15,West,Product C,30029.26,17582.61,2334.84
2025-12-22,East,Product A,28013.489999999998,14724.16,2240.33
2025-12-22,East,Product B,14651.3,8588.37,1090.59
2025-12-22,East,Product C,24535.82,14707.45,1777.22
2025-12-22,North,Product A,41256.68,21772.97,3047.88
2025-12-22,North,Product B,21497.67,12631.96,1610.8600000000001
2025-12-22,North,Product C,35545.19,21330.3,2511.38
2025-12-22,South,Product A,,16959.54,2460.37
2025-12-22,South,Product B,,10240.630000000001,1245.08
2025-12-22,South,Product C,,17770.64,2485.43
2025-12-22,West,Product A,38499.72,20364.88,2933.12
2025-12-22,West,Product B,20566.23,12145.33,1519.07
2025-12-22,West,Product C,32603.42,19584.33,2377.71
2025-12-29,East,Product A,30116.170000000002,16177.220000000001,2356.84
2025-12-29,East,Product B,16052.21,9249.95,1132.8
2025-12-29,East,Product C,24853.61,14780.310000000001,1914.0900000000001
2025-12-29,North,Product A,41218.72,21725.74,3105.58
2025-12-29,North,Product B,22609.39,13262.22,1811.95
2025-12-29,North,Product C,34983.340000000004,20831.84,2943.55
2025-12-29,South,Product A,,17941.04,2387.38
2025-12-29,South,Product B,,10118.689999999999,1328.06
2025-12-29,South,Product C,,16398.48,2162.8
2025-12-29,West,Product A,39042.54,20876.38,2955.34
2025-12-29,West,Product B,19450.1,11398.07,1400.77
2025-12-29,West,Product C,33006.65,19766.28,2513.88
2026-01-05,East,Product A,28883.21,15163.66,2254.79
2026-01-05,East,Product B,15372.939999999999,8957.85,1163.66
2026-01-05,East,Product C,23424.35,13977.08,1750.65
2026-01-05,North,Product A,43336.07,22928.69,3158.3900000000003
2026-01-05,North,Product B,21787.94,12901.96,1634.56
2026-01-05,North,Product C,33698.16,19933.37,2598.35
2026-01-05,South,Product A,,17777.54,2387.16
2026-01-05,South,Product B,,10247.72,1321.98
2026-01-05,South,Product C,,16840.9,2247.7
2026-01-05,West,Product A,40153.41,21407.5,2978.3
2026-01-05,West,Product B,20164.7,11916.79,1599.48
2026-01-05,West,Product C,32989.81,19812.96,2441.75
2026-01-12,East,Product A,30511.08,16171.49,2475.02
2026-01-12,East,Product B,14905.36,8800.51,1195.22
2026-01-12,East,Product C,25366.39,15030.66,1853.75
2026-01-12,North,Product A,41677.34,22118.11,3200.3999999999996
2026-01-12,North,Product B,21666.18,12706.16,1713.3400000000001
2026-01-12,North,Product C,34647.11,20567.5,2616.23
2026-01-12,South,Product A,,18015.62,2519.37
2026-01-12,South,Product B,,10927.460000000001,1401.76
2026-01-12,South,Product C,,16790.64,2327.18
2026-01-12,West,Product A,36583.79,19449.54,2736.41
2026-01-12,West,Product B,19611.93,11370.23,1599.74
2026-01-12,West,Product C,31943.72,19058.07,2544.46
2026-01-19,East,Product A,29180.63,15214.64,2404.4
2026-01-19,East,Product B,15433.56,9082.279999999999,1115.79
2026-01-19,East,Product C,24388.07,14385.18,1895.6200000000001
2026-01-19,North,Product A,39746.19,21443.04,3151.73
2026-01-19,North,Product B,21315.08,12605.72,1692.8899999999999
2026-01-19,North,Product C,34413.45,20290.78,2590.01
2026-01-19,South,Product A,,16769.15,2388.77
2026-01-19,South,Product B,,9678.539999999999,1294.8899999999999
2026-01-19,South,Product C,,16889.940000000002,2116.23
2026-01-19,West,Product A,39594.1,20815.36,3183.82
2026-01-19,West,Product B,20306.42,11862.529999999999,1617.08
2026-01-19,West,Product C,33072.92,19685.72,2614.44
2026-01-26,East,Product A,29096.79,15499.6,2098.57
2026-01-26,East,Product B,14946.92,8664.1,1137.6
2026-01-26,East,Product C,23881.3,14159.85,1761.57
2026-01-26,North,Product A,40631.27,21575.28,3289.3
2026-01-26,North,Product B,21596.329999999998,12602.04,1695.22
2026-01-26,North,Product C,33674.409999999996,20198.22,2509.89
2026-01-26,South,Product A,,17714.27,2523.53
2026-01-26,South,Product B,,10654.56,1398.15
2026-01-26,South,Product C,,16550.29,2194.4900000000002
2026-01-26,West,Product A,38966.049999999996,20274.89,2955.83
2026-01-26,West,Product B,20406.42,11961.56,1727.9
2026-01-26,West,Product C,31703.920000000002,18749.71,2356.37
2026-02-02,East,Product A,29325.57,15531.8,2272.86
2026-02-02,East,Product B,14738.73,8555.75,1076.9
2026-02-02,East,Product C,25246.3,15139.06,2061.39
2026-02-02,North,Product A,40242.15,21353.25,3102.5099999999998
2026-02-02,North,Product B,22161.670000000002,12847.05,1684.91
2026-02-02,North,Product C,33564.73,20087.22,2474.0099999999998
2026-02-02,South,Product A,,18630.440000000002,2605.95
2026-02-02,South,Product B,,10287.6,1358.29
2026-02-02,South,Product C,,17513.91,2401.04
2026-02-02,West,Product A,37528.21,19838.39,2786.09
2026-02-02,West,Product B,19168.53,11198.33,1469.1
2026-02-02,West,Product C,32665.620000000003,19554.69,2506.31
2026-02-09,East,Product A,29694.01,15655.73,2201.12
2026-02-09,East,Product B,15155.39,8890.9,1154.94
2026-02-09,East,Product C,24194.45,14297.130000000001,1756.34
2026-02-09,North,Product A,39184.840000000004,20660.5,3281.36
2026-02-09,North,Product B,21339.02,12543.21,1605.32
2026-02-09,North,Product C,36798.01,21965.29,3081.82
2026-02-09,South,Product A,,17738.71,2502.33
2026-02-09,South,Product B,,10723.85,1474.33
2026-02-09,South,Product C,,16652.08,2150.06
2026-02-09,West,Product A,39464.62,21001.0,2933.19
2026-02-09,West,Product B,20468.05,12139.96,1584.07
2026-02-09,West,Product C,33583.18,20026.5,2777.26
2026-02-16,East,Product A,28981.78,15257.119999999999,2226.98
2026-02-16,East,Product B,14855.09,8640.4,1079.3600000000001
2026-02-16,East,Product C,23451.09,13854.79,1622.64
2026-02-16,North,Product A,41870.46,22345.37,2937.4700000000003
2026-02-16,North,Product B,21036.28,12119.46,1698.23
2026-02-16,North,Product C,34742.95,20400.85,2773.19
2026-02-16,South,Product A,,18153.14,2682.75
2026-02-16,South,Product B,,10570.25,1424.47
2026-02-16,South,Product C,,16738.010000000002,2061.09
2026-02-16,West,Product A,38848.82,20373.45,2912.39
2026-02-16,West,Product B,20654.93,12229.4,1527.52
2026-02-16,West,Product C,33799.41,20456.23,2669.89
2026-02-23,East,Product A,30147.11,15931.05,2135.58
2026-02-23,East,Product B,15868.87,9390.34,1287.48
2026-02-23,East,Product C,25483.289999999997,15182.02,2064.16
2026-02-23,North,Product A,41648.83,22071.48,3104.06
2026-02-23,North,Product B,22176.94,12916.460000000001,1579.11
2026-02-23,North,Product C,34244.22,20551.31,2603.66
2026-02-23,South,Product A,,17842.68,2596.1099999999997
2026-02-23,South,Product B,,10132.210000000001,1240.93
2026-02-23,South,Product C,,16605.19,2181.98
2026-02-23,West,Product A,38868.72,20839.08,3126.84
2026-02-23,West,Product B,19104.42,11140.76,1292.26
2026-02-23,West,Product C,32507.809999999998,19357.32,2457.49
2026-03-02,East,Product A,28343.92,14994.52,2178.54
2026-03-02,East,Product B,15662.08,9020.47,1139.8300000000002
2026-03-02,East,Product C,24399.91,14428.38,1790.2
2026-03-02,North,Product A,43193.13,22891.64,3227.8
2026-03-02,North,Product B,20482.38,11989.25,1667.83
2026-03-02,North,Product C,37175.22,21913.489999999998,2763.72
2026-03-02,South,Product A,,18019.37,2622.11
2026-03-02,South,Product B,,10154.73,1217.32
2026-03-02,South,Product C,,17261.260000000002,2319.72
2026-03-02,West,Product A,37992.99,20016.32,2773.89
2026-03-02,West,Product B,20268.95,11788.34,1523.5
2026-03-02,West,Product C,33380.99,19767.1,2563.67
2026-03-09,East,Product A,30513.010000000002,16238.85,2120.7000000000003
2026-03-09,East,Product B,15023.8,8710.23,1138.52
2026-03-09,East,Product C,26280.46,15372.6,2090.6800000000003
2026-03-09,North,Product A,42943.47,22423.02,3303.3
2026-03-09,North,Product B,22576.65,13060.54,1646.93
2026-03-09,North,Product C,36001.55,21385.48,2737.28
2026-03-09,South,Product A,,18310.51,2666.1600000000003
2026-03-09,South,Product B,,10106.130000000001,1416.6
2026-03-09,South,Product C,,17046.31,2071.6800000000003
2026-03-09,West,Product A,41153.89,21656.17,3066.31
2026-03-09,West,Product B,20977.92,12419.35,1477.5
2026-03-09,West,Product C,32454.04,19423.77,2557.31
2026-03-16,East,Product A,30246.85,16055.369999999999,2237.66
2026-03-16,East,Product B,15286.23,8847.74,1155.65
2026-03-16,East,Product C,24860.23,14785.55,1845.8799999999999
2026-03-16,North,Product A,38257.85,20616.3,3214.74
2026-03-16,North,Product B,21139.17,12294.45,1646.02
2026-03-16,North,Product C,35134.12,20748.16,2736.2799999999997
2026-03-16,South,Product A,,18393.1,2605.18
2026-03-16,South,Product B,,10163.45,1348.18
2026-03-16,South,Product C,,18259.45,2478.28
2026-03-16,West,Product A,40429.1,21617.47,3093.68
2026-03-16,West,Product B,21416.04,12566.53,1550.2
2026-03-16,West,Product C,33377.37,19710.62,2437.55
2026-03-23,East,Product A,31731.81,16684.56,2496.73
2026-03-23,East,Product B,15206.95,8973.1,1208.69
2026-03-23,East,Product C,25691.6,15202.52,1890.84
2026-03-23,North,Product A,42220.76,21813.829999999998,3059.94
2026-03-23,North,Product B,21692.09,12726.84,1588.5900000000001
2026-03-23,North,Product C,34847.240000000005,20595.14,2624.8
2026-03-23,South,Product A,,18871.42,2664.0
2026-03-23,South,Product B,,10578.33,1405.8
2026-03-23,South,Product C,,16600.8,2214.85
2026-03-23,West,Product A,38227.67,20137.74,2875.4
2026-03-23,West,Product B,20579.14,12110.54,1492.15
2026-03-23,West,Product C,33583.05,19990.74,2427.82
2026-03-30,East,Product A,30958.190000000002,16189.599999999999,2345.5
2026-03-30,East,Product B,16049.54,9299.14,1225.3
2026-03-30,East,Product C,24379.260000000002,14316.47,1886.67
2026-03-30,North,Product A,41877.590000000004,22050.61,3348.67
2026-03-30,North,Product B,22205.93,12933.82,1764.04
2026-03-30,North,Product C,37050.59,22031.68,2760.13
2026-03-30,South,Product A,,19160.64,2729.99
2026-03-30,South,Product B,,11177.24,1422.5
2026-03-30,South,Product C,,17544.87,2068.03
2026-03-30,West,Product A,41253.97,21753.63,2919.57
2026-03-30,West,Product B,20602.43,12013.189999999999,1603.81
2026-03-30,West,Product C,34405.26,20308.98,2802.87
2026-04-06,East,Product A,30206.52,16043.73,2320.2999999999997
2026-04-06,East,Product B,16758.38,9705.38,1205.78
2026-04-06,East,Product C,27294.89,16001.449999999999,2017.8300000000002
2026-04-06,North,Product A,34318.11,18267.19,2611.8900000000003
2026-04-06,North,Product B,19318.69,11446.7,1532.61
2026-04-06,North,Product C,31741.95,18796.02,2417.09
2026-04-06,South,Product A,,17285.35,2623.04
2026-04-06,South,Product B,,10641.64,1404.24
2026-04-06,South,Product C,,18167.89,2383.78
2026-04-06,West,Product A,40221.51,21355.3,3239.38
2026-04-06,West,Product B,20905.07,12174.68,1528.96
2026-04-06,West,Product C,33166.26,19656.48,2520.42
2026-04-13,East,Product A,31891.96,16809.01,2436.85
2026-04-13,East,Product B,15533.92,8889.41,1248.95
2026-04-13,East,Product C,25631.13,15088.04,1847.22
2026-04-13,North,Product A,32863.21,17528.96,2618.6
2026-04-13,North,Product B,18809.579999999998,11080.67,1383.11
2026-04-13,North,Product C,33079.76,19546.91,2521.44
2026-04-13,South,Product A,,19369.17,2852.64
2026-04-13,South,Product B,,10760.84,1358.1399999999999
2026-04-13,South,Product C,,17823.5,2274.71
2026-04-13,West,Product A,39648.76,20968.94,3202.88
2026-04-13,West,Product B,21181.12,12366.8,1574.57
2026-04-13,West,Product C,33786.81,19872.93,2610.55
2026-04-20,East,Product A,31606.96,16649.2,2290.98
2026-04-20,East,Product B,15829.8,9231.119999999999,1153.42
2026-04-20,East,Product C,26370.23,15646.89,1958.28
2026-04-20,North,Product A,32792.39,17401.59,2686.61
2026-04-20,North,Product B,17516.66,10431.98,1267.98
2026-04-20,North,Product C,27969.809999999998,16746.91,2111.82
2026-04-20,South,Product A,,18415.24,2813.28
2026-04-20,South,Product B,,10429.55,1343.48
2026-04-20,South,Product C,,18026.489999999998,2287.54
2026-04-20,West,Product A,40426.729999999996,21513.54,3573.13
2026-04-20,West,Product B,20697.93,12145.68,1542.8
2026-04-20,West,Product C,33985.18,20232.1,2706.6800000000003
2026-04-27,East,Product A,29014.73,15447.759999999998,2364.2200000000003
2026-04-27,East,Product B,15540.44,9208.17,1174.49
2026-04-27,East,Product C,25207.510000000002,15125.130000000001,1982.54
2026-04-27,North,Product A,30645.73,16045.3,2184.51
2026-04-27,North,Product B,17613.6,10314.54,1325.44
2026-04-27,North,Product C,26673.24,15942.789999999999,1824.72
2026-04-27,South,Product A,,19132.96,2567.3
2026-04-27,South,Product B,,10768.46,1365.26
2026-04-27,South,Product C,,17429.45,2121.65
2026-04-27,West,Product A,40560.01,21536.83,3052.05
2026-04-27,West,Product B,21940.61,12786.35,1729.06
2026-04-27,West,Product C,35126.78,20950.86,2762.98
2026-05-04,East,Product A,17968.510000000002,9424.2,1305.02
2026-05-04,East,Product B,16087.28,9359.42,1115.67
2026-05-04,East,Product C,26428.739999999998,15321.73,2036.8
2026-05-04,North,Product A,16352.869999999999,8801.78,1200.32
2026-05-04,North,Product B,16717.47,10003.15,1252.66
2026-05-04,North,Product C,26540.010000000002,15970.06,2084.68
2026-05-04,South,Product A,,11212.99,1508.8799999999999
2026-05-04,South,Product B,,10778.31,1423.74
2026-05-04,South,Product C,,17530.11,2192.83
2026-05-04,West,Product A,23520.670000000002,12271.97,1749.37
2026-05-04,West,Product B,21810.23,12624.1,1692.58
2026-05-04,West,Product C,36298.7,21417.22,2865.16
2026-05-11,East,Product A,19265.489999999998,10062.43,1535.35
2026-05-11,East,Product B,17069.07,10001.58,1315.75
2026-05-11,East,Product C,26343.06,15371.3,2023.61
2026-05-11,North,Product A,15577.75,8354.89,1124.3799999999999
2026-05-11,North,Product B,15512.58,9097.78,1084.31
2026-05-11,North,Product C,23715.37,14229.550000000001,1732.44
2026-05-11,South,Product A,,11197.66,1729.27
2026-05-11,South,Product B,,11264.08,1469.54
2026-05-11,South,Product C,,17902.82,2429.21
2026-05-11,West,Product A,26042.199999999997,13632.43,1981.1699999999998
2026-05-11,West,Product B,21113.5,12411.48,1632.81
2026-05-11,West,Product C,33906.86,20164.84,2404.62
2026-05-18,East,Product A,17468.6,9107.11,1207.53
2026-05-18,East,Product B,14937.56,8778.529999999999,1146.38
2026-05-18,East,Product C,23134.66,13508.69,1687.1499999999999
2026-05-18,North,Product A,13873.779999999999,7399.94,1051.37
2026-05-18,North,Product B,14290.119999999999,8458.52,1049.84
2026-05-18,North,Product C,22483.92,13514.02,1653.82
2026-05-18,South,Product A,,11085.85,1658.3000000000002
2026-05-18,South,Product B,,10683.0,1386.81
2026-05-18,South,Product C,,19125.59,2451.2799999999997
2026-05-18,West,Product A,24952.62,13313.69,2001.14
2026-05-18,West,Product B,21538.77,12491.34,1663.22
2026-05-18,West,Product C,33802.8,19847.24,2549.2799999999997
2026-05-25,East,Product A,14867.58,7855.08,1096.88
2026-05-25,East,Product B,14000.720000000001,8102.46,1135.45
2026-05-25,East,Product C,23578.82,13790.439999999999,1831.01
2026-05-25,North,Product A,12613.52,6821.5,893.38
2026-05-25,North,Product B,13957.82,8273.17,1080.68
2026-05-25,North,Product C,23157.399999999998,13835.79,1700.09
2026-05-25,South,Product A,,11284.62,1573.72
2026-05-25,South,Product B,,10746.05,1360.04
2026-05-25,South,Product C,,18134.309999999998,2416.19
2026-05-25,West,Product A,25569.2,13276.05,1951.8700000000001
2026-05-25,West,Product B,21398.39,12349.16,1555.21
2026-05-25,West,Product C,32966.76,19666.44,2537.59
2026-06-01,East,Product A,15736.18,8263.47,1165.22
2026-06-01,East,Product B,13488.470000000001,7839.91,1038.92
2026-06-01,East,Product C,21849.52,12718.1,1623.88
2026-06-01,North,Product A,11644.36,6258.07,844.72
2026-06-01,North,Product B,13061.869999999999,7805.92,1015.4100000000001
2026-06-01,North,Product C,22112.94,13438.9,1744.6999999999998
2026-06-01,South,Product A,,11618.34,1504.81
2026-06-01,South,Product B,,11181.93,1461.47
2026-06-01,South,Product C,,18744.3,2424.4500000000003
2026-06-01,West,Product A,24911.32,13162.02,1736.29
2026-06-01,West,Product B,21856.74,12675.33,1589.72
2026-06-01,West,Product C,36557.41,21473.71,2661.29
2026-06-08,East,Product A,14724.61,7674.57,1156.22
2026-06-08,East,Product B,12956.599999999999,7526.9,969.0600000000001
2026-06-08,East,Product C,21532.75,12787.369999999999,1623.27
2026-06-08,North,Product A,12162.59,6499.219999999999,873.55
2026-06-08,North,Product B,13635.52,8051.6900000000005,1053.6399999999999
2026-06-08,North,Product C,20855.59,12542.74,1557.42
2026-06-08,South,Product A,,11573.64,1634.7
2026-06-08,South,Product B,,10608.36,1357.45
2026-06-08,South,Product C,,18519.46,2351.2
2026-06-08,West,Product A,24805.34,12965.82,2079.8
2026-06-08,West,Product B,21577.829999999998,12583.06,1662.02
2026-06-08,West,Product C,33408.19,19564.629999999997,2573.31
2026-06-15,East,Product A,13395.51,7054.49,1002.17
2026-06-15,East,Product B,12482.38,7356.05,973.1
2026-06-15,East,Product C,19994.9,11802.77,1588.75
2026-06-15,North,Product A,12005.27,6425.08,897.16
2026-06-15,North,Product B,13440.51,8043.610000000001,997.66
2026-06-15,North,Product C,21474.29,12844.09,1629.52
2026-06-15,South,Product A,,11596.990000000002,1750.29
2026-06-15,South,Product B,,11988.529999999999,1777.68
2026-06-15,South,Product C,,18138.42,2190.91
2026-06-15,West,Product A,24757.54,13203.26,1872.76
2026-06-15,West,Product B,22329.42,12894.16,1649.96
2026-06-15,West,Product C,34783.34,20514.54,2517.37
2026-06-22,East,Product A,12892.83,6849.1900000000005,1002.82
2026-06-22,East,Product B,12525.03,7344.93,998.54
2026-06-22,East,Product C,18672.9,10935.08,1538.39
2026-06-22,North,Product A,12098.05,6425.15,962.01
2026-06-22,North,Product B,14298.470000000001,8554.88,1059.1000000000001
2026-06-22,North,Product C,20496.879999999997,12409.96,1579.1
2026-06-22,South,Product A,,11213.57,1660.43
2026-06-22,South,Product B,,10570.470000000001,1404.0
2026-06-22,South,Product C,,18399.91,2442.7
2026-06-22,West,Product A,24974.74,13271.48,1883.86
2026-06-22,West,Product B,22601.61,13134.42,1806.64
2026-06-22,West,Product C,34639.28,20516.079999999998,2597.66
2026-06-29,East,Product A,20244.47,10615.74,1466.01
2026-06-29,East,Product B,11643.17,6848.41,866.88
2026-06-29,East,Product C,18684.14,11117.94,1422.79
2026-06-29,North,Product A,21851.61,11706.92,1602.91
2026-06-29,North,Product B,13115.98,7747.18,983.72
2026-06-29,North,Product C,22267.96,13357.93,1599.57
2026-06-29,South,Product A,,18684.6,2739.6
2026-06-29,South,Product B,,11240.52,1418.85
2026-06-29,South,Product C,,18729.1,2234.4700000000003
2026-06-29,West,Product A,42261.75,22451.29,3223.44
2026-06-29,West,Product B,21861.53,12627.65,1661.62
2026-06-29,West,Product C,35302.5,20593.1,2836.88
